fecha,orden_llegada,t_entrada,t_salida,espera_min,prioridad,acompanantes,consultorio
2026-08-24,2,2026-08-24T05:37:22.845589-05:00,2026-08-24T07:36:00-05:00,118.62,1,0,1
2026-08-24,16,2026-08-24T05:55:46.894274-05:00,2026-08-24T07:36:00-05:00,100.22,1,0,2
2026-08-24,24,2026-08-24T06:05:21.175965-05:00,2026-08-24T07:36:00-05:00,90.65,1,0,3
2026-08-24,25,2026-08-24T06:06:48.253261-05:00,2026-08-24T07:36:00-05:00,89.2,1,0,4
2026-08-24,36,2026-08-24T06:16:28.597760-05:00,2026-08-24T07:36:00-05:00,79.52,1,1,5
2026-08-24,43,2026-08-24T06:23:56.491269-05:00,2026-08-24T07:36:00-05:00,72.06,1,0,6
2026-08-24,50,2026-08-24T06:28:09.595504-05:00,2026-08-24T07:42:05.550621-05:00,73.93,1,1,5
2026-08-24,58,2026-08-24T06:32:22.094242-05:00,2026-08-24T07:46:21.955392-05:00,74.0,1,0,3
2026-08-24,69,2026-08-24T06:44:36.332346-05:00,2026-08-24T07:46:37.645933-05:00,62.02,1,0,6
2026-08-24,74,2026-08-24T06:54:16.517545-05:00,2026-08-24T07:48:18.398737-05:00,54.03,1,0,1
2026-08-24,81,2026-08-24T07:08:49.904299-05:00,2026-08-24T07:50:39.758681-05:00,41.83,1,0,5
2026-08-24,88,2026-08-24T07:28:01.495088-05:00,2026-08-24T07:54:03.811802-05:00,26.04,1,0,2
2026-08-24,93,2026-08-24T07:46:50.279762-05:00,2026-08-24T07:55:55.435709-05:00,9.09,1,0,6
2026-08-24,0,2026-08-24T05:32:39.966451-05:00,2026-08-24T07:57:55.216206-05:00,145.25,0,0,3
2026-08-24,1,2026-08-24T05:35:36.909215-05:00,2026-08-24T07:58:18.511075-05:00,142.69,0,0,5
2026-08-24,97,2026-08-24T07:58:32.610945-05:00,2026-08-24T08:01:17.379936-05:00,2.75,1,1,1
2026-08-24,3,2026-08-24T05:38:48.080220-05:00,2026-08-24T08:02:02.206060-05:00,143.24,0,0,2
2026-08-24,5,2026-08-24T05:40:27.083478-05:00,2026-08-24T08:04:34.134160-05:00,144.12,0,1,4
2026-08-24,4,2026-08-24T05:40:28.683482-05:00,2026-08-24T08:09:19.348924-05:00,148.84,0,1,2
2026-08-24,6,2026-08-24T05:43:05.065186-05:00,2026-08-24T08:09:57.993264-05:00,146.88,0,0,1
2026-08-24,7,2026-08-24T05:43:37.406330-05:00,2026-08-24T08:10:06.934993-05:00,146.49,0,0,6
2026-08-24,8,2026-08-24T05:44:59.088495-05:00,2026-08-24T08:10:33.298829-05:00,145.57,0,0,5
2026-08-24,9,2026-08-24T05:47:24.231569-05:00,2026-08-24T08:16:05.227057-05:00,148.68,0,0,3
2026-08-24,10,2026-08-24T05:48:29.439753-05:00,2026-08-24T08:16:26.535317-05:00,147.95,0,0,4
2026-08-24,11,2026-08-24T05:50:11.571625-05:00,2026-08-24T08:19:44.072764-05:00,149.54,0,1,1
2026-08-24,12,2026-08-24T05:51:47.210605-05:00,2026-08-24T08:22:29.902190-05:00,150.71,0,1,5
2026-08-24,13,2026-08-24T05:52:05.501307-05:00,2026-08-24T08:23:23.360614-05:00,151.3,0,1,6
2026-08-24,14,2026-08-24T05:52:58.357020-05:00,2026-08-24T08:26:25.935549-05:00,153.46,0,1,4
2026-08-24,15,2026-08-24T05:53:47.740652-05:00,2026-08-24T08:27:52.074031-05:00,154.07,0,0,6
2026-08-24,17,2026-08-24T05:56:55.191919-05:00,2026-08-24T08:28:28.300107-05:00,151.55,0,0,2
2026-08-24,18,2026-08-24T05:57:23.972041-05:00,2026-08-24T08:31:28.593063-05:00,154.08,0,0,1
2026-08-24,19,2026-08-24T05:59:16.713617-05:00,2026-08-24T08:33:09.636194-05:00,153.88,0,0,5
2026-08-24,20,2026-08-24T05:59:50.355600-05:00,2026-08-24T08:36:11.996642-05:00,156.36,0,0,4
2026-08-24,21,2026-08-24T05:59:54.047432-05:00,2026-08-24T08:37:04.246040-05:00,157.17,0,0,3
2026-08-24,22,2026-08-24T06:00:59.575200-05:00,2026-08-24T08:37:05.414290-05:00,156.1,0,0,5
2026-08-24,23,2026-08-24T06:04:06.826037-05:00,2026-08-24T08:44:14.427551-05:00,160.13,0,1,3
2026-08-24,26,2026-08-24T06:06:52.536754-05:00,2026-08-24T08:46:09.714469-05:00,159.29,0,0,5
2026-08-24,27,2026-08-24T06:09:27.290791-05:00,2026-08-24T08:47:06.995993-05:00,157.66,0,0,4
2026-08-24,28,2026-08-24T06:10:56.639335-05:00,2026-08-24T08:48:48.722284-05:00,157.87,0,0,1
2026-08-24,31,2026-08-24T06:11:41.493048-05:00,2026-08-24T08:49:37.517572-05:00,157.93,0,1,6
2026-08-24,29,2026-08-24T06:11:46.364976-05:00,2026-08-24T08:50:46.672636-05:00,159.01,0,1,3
2026-08-24,30,2026-08-24T06:11:48.748868-05:00,2026-08-24T08:54:29.295957-05:00,162.68,0,1,2
2026-08-24,32,2026-08-24T06:12:56.975939-05:00,2026-08-24T08:55:22.794622-05:00,162.43,0,0,5
2026-08-24,33,2026-08-24T06:14:16.303453-05:00,2026-08-24T09:01:08.005126-05:00,166.86,0,0,6
2026-08-24,34,2026-08-24T06:15:10.581446-05:00,2026-08-24T09:04:16.148309-05:00,169.09,0,1,4
2026-08-24,35,2026-08-24T06:15:43.699977-05:00,2026-08-24T09:05:09.858792-05:00,169.44,0,0,1
2026-08-24,37,2026-08-24T06:18:52.724889-05:00,2026-08-24T09:09:34.176577-05:00,170.69,0,0,6
2026-08-24,38,2026-08-24T06:19:03.065727-05:00,2026-08-24T09:10:58.267059-05:00,171.92,0,1,2
2026-08-24,39,2026-08-24T06:19:34.211813-05:00,2026-08-24T09:13:19.939053-05:00,173.76,0,1,4
2026-08-24,40,2026-08-24T06:19:47.460187-05:00,2026-08-24T09:15:11.183754-05:00,175.4,0,1,3
2026-08-24,41,2026-08-24T06:21:52.594170-05:00,2026-08-24T09:20:45.183362-05:00,178.88,0,0,5
2026-08-24,42,2026-08-24T06:23:28.427490-05:00,2026-08-24T09:20:45.445983-05:00,177.28,0,1,2
2026-08-24,44,2026-08-24T06:25:23.414334-05:00,2026-08-24T09:21:40.905337-05:00,176.29,0,0,1
2026-08-24,47,2026-08-24T06:26:47.478869-05:00,2026-08-24T09:23:18.042988-05:00,176.51,0,1,6
2026-08-24,45,2026-08-24T06:26:54.440938-05:00,2026-08-24T09:23:25.658922-05:00,176.52,0,0,3
2026-08-24,46,2026-08-24T06:26:55.371705-05:00,2026-08-24T09:26:39.153924-05:00,179.73,0,0,1
2026-08-24,49,2026-08-24T06:27:50.570636-05:00,2026-08-24T09:26:52.054299-05:00,179.02,0,0,5
2026-08-24,48,2026-08-24T06:27:54.213164-05:00,2026-08-24T09:27:47.774883-05:00,179.89,0,0,4
2026-08-24,51,2026-08-24T06:29:00.605987-05:00,2026-08-24T09:30:25.710723-05:00,181.42,0,1,2
2026-08-24,52,2026-08-24T06:29:55.437178-05:00,2026-08-24T09:34:09.757479-05:00,184.24,0,0,6
2026-08-24,53,2026-08-24T06:30:25.339720-05:00,2026-08-24T09:37:17.637318-05:00,186.87,0,0,5
2026-08-24,54,2026-08-24T06:30:34.596502-05:00,2026-08-24T09:39:38.175101-05:00,189.06,0,0,1
2026-08-24,55,2026-08-24T06:30:46.351238-05:00,2026-08-24T09:40:27.862556-05:00,189.69,0,1,3
2026-08-24,56,2026-08-24T06:31:47.072493-05:00,2026-08-24T09:46:49.011101-05:00,195.03,0,0,6
2026-08-24,57,2026-08-24T06:32:15.749699-05:00,2026-08-24T09:48:24.119846-05:00,196.14,0,0,5
2026-08-24,118,2026-08-24T09:49:46.116652-05:00,2026-08-24T09:51:28.583353-05:00,1.71,1,0,4
2026-08-24,59,2026-08-24T06:35:20.186210-05:00,2026-08-24T09:52:17.756586-05:00,196.96,0,0,3
2026-08-24,60,2026-08-24T06:35:51.530055-05:00,2026-08-24T09:53:01.802585-05:00,197.17,0,0,6
2026-08-24,61,2026-08-24T06:36:04.822193-05:00,2026-08-24T09:54:24.764265-05:00,198.33,0,0,2
2026-08-24,62,2026-08-24T06:36:48.105680-05:00,2026-08-24T09:57:21.714170-05:00,200.56,0,1,1
2026-08-24,63,2026-08-24T06:38:54.776281-05:00,2026-08-24T09:58:33.821904-05:00,199.65,0,0,5
2026-08-24,120,2026-08-24T10:01:04.031337-05:00,2026-08-24T10:10:55.529672-05:00,9.86,1,0,1
2026-08-24,121,2026-08-24T10:05:17.399153-05:00,2026-08-24T10:10:58.531564-05:00,5.69,1,0,6
2026-08-24,64,2026-08-24T06:40:02.702034-05:00,2026-08-24T10:12:14.885211-05:00,212.2,0,0,3
2026-08-24,66,2026-08-24T06:41:16.382833-05:00,2026-08-24T10:15:01.043285-05:00,213.74,0,0,5
2026-08-24,65,2026-08-24T06:41:25.223988-05:00,2026-08-24T10:15:33.458544-05:00,214.14,0,0,4
2026-08-24,67,2026-08-24T06:42:03.639712-05:00,2026-08-24T10:21:46.714736-05:00,219.72,0,0,2
2026-08-24,68,2026-08-24T06:43:31.723527-05:00,2026-08-24T10:22:39.239382-05:00,219.13,0,0,3
2026-08-24,70,2026-08-24T06:46:21.619022-05:00,2026-08-24T10:24:26.439132-05:00,218.08,0,0,1
2026-08-24,71,2026-08-24T06:47:00.744781-05:00,2026-08-24T10:24:47.000342-05:00,217.77,0,0,6
2026-08-24,128,2026-08-24T10:26:53.046273-05:00,2026-08-24T10:29:24.977617-05:00,2.53,1,0,5
2026-08-24,72,2026-08-24T06:47:38.021116-05:00,2026-08-24T10:30:38.952919-05:00,223.02,0,0,1
2026-08-24,73,2026-08-24T06:53:37.172681-05:00,2026-08-24T10:30:53.195104-05:00,217.27,0,1,4
2026-08-24,75,2026-08-24T06:56:07.606214-05:00,2026-08-24T10:34:45.673721-05:00,218.63,0,0,3
2026-08-24,76,2026-08-24T06:58:26.740964-05:00,2026-08-24T10:36:03.267830-05:00,217.61,0,0,2
2026-08-24,77,2026-08-24T07:01:20.734884-05:00,2026-08-24T10:36:08.866623-05:00,214.8,0,0,6
2026-08-24,130,2026-08-24T10:37:20.671711-05:00,2026-08-24T10:41:01.654352-05:00,3.68,1,0,3
2026-08-24,78,2026-08-24T07:04:55.965923-05:00,2026-08-24T10:42:15.552287-05:00,217.33,0,0,5
2026-08-24,79,2026-08-24T07:06:14.669142-05:00,2026-08-24T10:45:30.944214-05:00,219.27,0,0,4
2026-08-24,80,2026-08-24T07:08:38.855036-05:00,2026-08-24T10:48:00.053669-05:00,219.35,0,0,3
2026-08-24,82,2026-08-24T07:10:58.297103-05:00,2026-08-24T10:51:23.648531-05:00,220.42,0,0,1
2026-08-24,83,2026-08-24T07:12:11.060222-05:00,2026-08-24T10:52:11.902827-05:00,220.01,0,0,6
2026-08-24,84,2026-08-24T07:15:05.429106-05:00,2026-08-24T10:53:45.811389-05:00,218.67,0,0,4
2026-08-24,85,2026-08-24T07:24:56.713063-05:00,2026-08-24T10:54:17.195087-05:00,209.34,0,0,5
2026-08-24,86,2026-08-24T07:25:15.334646-05:00,2026-08-24T10:57:04.233127-05:00,211.81,0,0,2
2026-08-24,87,2026-08-24T07:27:21.090942-05:00,2026-08-24T10:57:54.635960-05:00,210.56,0,0,3
2026-08-24,89,2026-08-24T07:29:25.078412-05:00,2026-08-24T11:04:03.221714-05:00,214.64,0,1,4
2026-08-24,90,2026-08-24T07:40:12.342070-05:00,2026-08-24T11:04:15.872249-05:00,204.06,0,0,1
2026-08-24,91,2026-08-24T07:41:47.253286-05:00,2026-08-24T11:04:46.160251-05:00,202.98,0,0,3
2026-08-24,92,2026-08-24T07:45:18.686549-05:00,2026-08-24T11:06:24.775946-05:00,201.1,0,1,6
2026-08-24,94,2026-08-24T07:52:47.014090-05:00,2026-08-24T11:07:08.416138-05:00,194.36,0,0,2
2026-08-24,95,2026-08-24T07:55:59.745140-05:00,2026-08-24T11:07:48.834411-05:00,191.82,0,0,5
2026-08-24,96,2026-08-24T07:56:09.248190-05:00,2026-08-24T11:15:23.795199-05:00,199.24,0,0,1
2026-08-24,98,2026-08-24T08:03:06.235059-05:00,2026-08-24T11:16:52.859265-05:00,193.78,0,0,2
2026-08-24,99,2026-08-24T08:08:13.106206-05:00,2026-08-24T11:19:02.794407-05:00,190.83,0,0,3
2026-08-24,100,2026-08-24T08:10:44.166459-05:00,2026-08-24T11:24:07.248980-05:00,193.38,0,1,4
2026-08-24,101,2026-08-24T08:12:44.972153-05:00,2026-08-24T11:24:16.427578-05:00,191.52,0,0,2
2026-08-24,102,2026-08-24T08:21:45.749883-05:00,2026-08-24T11:31:25.962600-05:00,189.67,0,1,1
2026-08-24,103,2026-08-24T08:22:52.019110-05:00,2026-08-24T11:31:47.513602-05:00,188.92,0,0,6
2026-08-24,104,2026-08-24T08:29:59.716552-05:00,2026-08-24T11:31:49.525195-05:00,181.83,0,0,5
2026-08-24,105,2026-08-24T08:35:03.412017-05:00,2026-08-24T11:37:21.664295-05:00,182.3,0,1,6
2026-08-24,106,2026-08-24T08:37:12.037828-05:00,2026-08-24T11:37:27.821961-05:00,180.26,0,0,4
2026-08-24,107,2026-08-24T08:39:43.031927-05:00,2026-08-24T11:40:27.345976-05:00,180.74,0,1,2
2026-08-24,108,2026-08-24T08:40:28.267109-05:00,2026-08-24T11:42:20.805549-05:00,181.88,0,0,5
2026-08-24,109,2026-08-24T08:51:11.717178-05:00,2026-08-24T11:42:54.831448-05:00,171.72,0,0,1
2026-08-24,142,2026-08-24T11:43:56.235503-05:00,2026-08-24T11:47:06.316588-05:00,3.17,1,0,2
2026-08-24,110,2026-08-24T09:02:19.661898-05:00,2026-08-24T11:48:54.217397-05:00,166.58,0,1,3
2026-08-24,111,2026-08-24T09:10:47.862087-05:00,2026-08-24T11:50:19.816557-05:00,159.53,0,1,5
2026-08-24,112,2026-08-24T09:27:10.996048-05:00,2026-08-24T11:54:27.588883-05:00,147.28,0,1,2
2026-08-24,113,2026-08-24T09:30:24.999547-05:00,2026-08-24T11:58:48.939173-05:00,148.4,0,0,5
2026-08-24,114,2026-08-24T09:31:22.547270-05:00,2026-08-24T11:59:44.364409-05:00,148.36,0,0,4
2026-08-24,115,2026-08-24T09:37:31.647699-05:00,2026-08-24T12:01:13.133643-05:00,143.69,0,0,6
2026-08-24,144,2026-08-24T12:02:23.092908-05:00,2026-08-24T12:02:42.674588-05:00,0.33,1,0,1
2026-08-24,116,2026-08-24T09:41:59.422726-05:00,2026-08-24T12:04:11.617140-05:00,142.2,0,0,2
2026-08-24,117,2026-08-24T09:47:25.480967-05:00,2026-08-24T12:05:35.210178-05:00,138.16,0,1,3
2026-08-24,119,2026-08-24T09:50:43.441708-05:00,2026-08-24T12:10:31.425554-05:00,139.8,0,0,5
2026-08-24,122,2026-08-24T10:09:50.112030-05:00,2026-08-24T12:11:54.488969-05:00,122.07,0,1,1
2026-08-24,123,2026-08-24T10:12:10.778810-05:00,2026-08-24T12:12:46.109556-05:00,120.59,0,0,4
2026-08-24,124,2026-08-24T10:18:54.314067-05:00,2026-08-24T12:16:36.950949-05:00,117.71,0,1,3
2026-08-24,125,2026-08-24T10:20:25.252600-05:00,2026-08-24T12:18:01.364259-05:00,117.6,0,0,6
2026-08-24,126,2026-08-24T10:21:43.897546-05:00,2026-08-24T12:22:54.497065-05:00,121.18,0,0,4
2026-08-24,127,2026-08-24T10:23:47.573204-05:00,2026-08-24T12:24:15.882409-05:00,120.47,0,1,5
2026-08-24,129,2026-08-24T10:33:44.276527-05:00,2026-08-24T12:24:19.987250-05:00,110.6,0,0,2
2026-08-24,131,2026-08-24T10:46:47.540541-05:00,2026-08-24T12:32:06.482400-05:00,105.32,0,0,5
2026-08-24,132,2026-08-24T11:01:31.329628-05:00,2026-08-24T12:32:25.477021-05:00,90.9,0,0,6
2026-08-24,134,2026-08-24T11:09:42.153747-05:00,2026-08-24T12:34:15.208748-05:00,84.55,0,0,2
2026-08-24,133,2026-08-24T11:09:47.670497-05:00,2026-08-24T12:34:33.990832-05:00,84.77,0,0,3
2026-08-24,135,2026-08-24T11:09:48.105989-05:00,2026-08-24T12:36:03.033808-05:00,86.25,0,0,1
2026-08-24,136,2026-08-24T11:10:57.818166-05:00,2026-08-24T12:38:06.767421-05:00,87.15,0,0,4
2026-08-24,137,2026-08-24T11:11:06.539503-05:00,2026-08-24T12:44:22.468196-05:00,93.27,0,0,3
2026-08-24,138,2026-08-24T11:19:38.811733-05:00,2026-08-24T12:45:37.014091-05:00,85.97,0,1,2
2026-08-24,139,2026-08-24T11:24:15.506729-05:00,2026-08-24T12:45:57.532086-05:00,81.7,0,0,5
2026-08-24,140,2026-08-24T11:25:26.943506-05:00,2026-08-24T12:47:15.582382-05:00,81.81,0,0,1
2026-08-24,141,2026-08-24T11:38:43.661416-05:00,2026-08-24T12:50:12.239341-05:00,71.48,0,1,5
2026-08-24,143,2026-08-24T12:00:23.224427-05:00,2026-08-24T12:50:38.339528-05:00,50.25,0,0,4
2026-08-24,145,2026-08-24T12:04:32.758399-05:00,2026-08-24T12:52:55.597000-05:00,48.38,0,0,3
2026-08-24,146,2026-08-24T12:08:59.267148-05:00,2026-08-24T12:53:36.759913-05:00,44.62,0,0,6
2026-08-24,147,2026-08-24T12:27:09.482696-05:00,2026-08-24T12:58:01.855112-05:00,30.87,0,0,2
2026-08-25,1,2026-08-25T05:35:22.726092-05:00,2026-08-25T07:36:00-05:00,120.62,1,0,1
2026-08-25,2,2026-08-25T05:36:31.682118-05:00,2026-08-25T07:36:00-05:00,119.47,1,0,2
2026-08-25,3,2026-08-25T05:37:04.858026-05:00,2026-08-25T07:36:00-05:00,118.92,1,1,3
2026-08-25,10,2026-08-25T05:52:34.569021-05:00,2026-08-25T07:36:00-05:00,103.42,1,0,4
2026-08-25,13,2026-08-25T05:55:00.395386-05:00,2026-08-25T07:36:00-05:00,100.99,1,0,5
2026-08-25,26,2026-08-25T06:04:01.858209-05:00,2026-08-25T07:36:00-05:00,91.97,1,1,6
2026-08-25,28,2026-08-25T06:08:17.007354-05:00,2026-08-25T07:42:12.282655-05:00,93.92,1,0,5
2026-08-25,39,2026-08-25T06:14:37.778321-05:00,2026-08-25T07:48:15.862991-05:00,93.63,1,0,2
2026-08-25,43,2026-08-25T06:18:19.080037-05:00,2026-08-25T07:51:12.017773-05:00,92.88,1,1,6
2026-08-25,56,2026-08-25T06:30:43.988799-05:00,2026-08-25T07:53:41.461135-05:00,82.96,1,0,3
2026-08-25,73,2026-08-25T06:48:24.206488-05:00,2026-08-25T07:55:40.279145-05:00,67.27,1,0,5
2026-08-25,80,2026-08-25T07:05:57.534933-05:00,2026-08-25T07:58:38.242358-05:00,52.68,1,0,4
2026-08-25,93,2026-08-25T07:51:47.479888-05:00,2026-08-25T07:59:03.345444-05:00,7.26,1,0,1
2026-08-25,96,2026-08-25T08:01:21.080275-05:00,2026-08-25T08:03:52.555302-05:00,2.52,1,0,2
2026-08-25,0,2026-08-25T05:30:11.231636-05:00,2026-08-25T08:03:58.514232-05:00,153.79,0,0,6
2026-08-25,4,2026-08-25T05:38:15.615991-05:00,2026-08-25T08:07:05.138797-05:00,148.83,0,1,5
2026-08-25,5,2026-08-25T05:39:16.117276-05:00,2026-08-25T08:10:47.715645-05:00,151.53,0,0,6
2026-08-25,6,2026-08-25T05:40:29.538133-05:00,2026-08-25T08:13:44.002283-05:00,153.24,0,0,1
2026-08-25,7,2026-08-25T05:42:12.267792-05:00,2026-08-25T08:15:37.261898-05:00,153.42,0,0,4
2026-08-25,8,2026-08-25T05:47:10.578942-05:00,2026-08-25T08:17:35.289983-05:00,150.41,0,0,2
2026-08-25,99,2026-08-25T08:18:49.951067-05:00,2026-08-25T08:20:05.979823-05:00,1.27,1,1,5
2026-08-25,9,2026-08-25T05:51:15.088194-05:00,2026-08-25T08:20:11.283727-05:00,148.94,0,0,1
2026-08-25,11,2026-08-25T05:53:32.477186-05:00,2026-08-25T08:21:42.593755-05:00,148.17,0,0,3
2026-08-25,12,2026-08-25T05:54:10.350502-05:00,2026-08-25T08:26:54.206584-05:00,152.73,0,0,6
2026-08-25,14,2026-08-25T05:55:19.038473-05:00,2026-08-25T08:27:37.174539-05:00,152.3,0,1,2
2026-08-25,15,2026-08-25T05:56:53.607098-05:00,2026-08-25T08:29:54.463417-05:00,153.01,0,0,5
2026-08-25,16,2026-08-25T05:57:19.897691-05:00,2026-08-25T08:32:19.656289-05:00,155.0,0,0,3
2026-08-25,18,2026-08-25T05:58:51.215628-05:00,2026-08-25T08:33:02.251584-05:00,154.18,0,0,4
2026-08-25,17,2026-08-25T05:58:54.981780-05:00,2026-08-25T08:37:15.157307-05:00,158.34,0,0,1
2026-08-25,19,2026-08-25T05:59:35.058105-05:00,2026-08-25T08:43:12.562519-05:00,163.63,0,1,6
2026-08-25,20,2026-08-25T05:59:51.896675-05:00,2026-08-25T08:43:26.597578-05:00,163.58,0,0,3
2026-08-25,21,2026-08-25T06:00:29.048140-05:00,2026-08-25T08:44:20.184334-05:00,163.85,0,1,1
2026-08-25,22,2026-08-25T06:01:08.113936-05:00,2026-08-25T08:47:58.775387-05:00,166.84,0,1,2
2026-08-25,23,2026-08-25T06:01:14.300699-05:00,2026-08-25T08:50:49.069145-05:00,169.58,0,1,5
2026-08-25,24,2026-08-25T06:02:08.343425-05:00,2026-08-25T08:51:51.474557-05:00,169.72,0,0,1
2026-08-25,25,2026-08-25T06:04:20.959970-05:00,2026-08-25T08:58:19.446685-05:00,173.97,0,0,3
2026-08-25,27,2026-08-25T06:05:56.000172-05:00,2026-08-25T08:58:58.455404-05:00,173.04,0,0,4
2026-08-25,29,2026-08-25T06:08:49.583433-05:00,2026-08-25T08:58:59.284033-05:00,170.16,0,0,2
2026-08-25,30,2026-08-25T06:09:05.764560-05:00,2026-08-25T08:59:45.623288-05:00,170.66,0,0,1
2026-08-25,31,2026-08-25T06:09:32.224073-05:00,2026-08-25T09:00:14.993815-05:00,170.71,0,0,6
2026-08-25,32,2026-08-25T06:10:10.603066-05:00,2026-08-25T09:02:14.528271-05:00,172.07,0,1,3
2026-08-25,33,2026-08-25T06:10:42.947703-05:00,2026-08-25T09:08:44.161355-05:00,178.02,0,1,3
2026-08-25,34,2026-08-25T06:11:03.402191-05:00,2026-08-25T09:09:00.552197-05:00,177.95,0,0,5
2026-08-25,35,2026-08-25T06:11:53.050597-05:00,2026-08-25T09:10:00.807315-05:00,178.13,0,0,6
2026-08-25,36,2026-08-25T06:12:05.477604-05:00,2026-08-25T09:13:02.602618-05:00,180.95,0,0,1
2026-08-25,37,2026-08-25T06:13:20.314942-05:00,2026-08-25T09:15:40.948295-05:00,182.34,0,0,2
2026-08-25,38,2026-08-25T06:13:22.183940-05:00,2026-08-25T09:16:35.024026-05:00,183.21,0,1,5
2026-08-25,40,2026-08-25T06:15:21.734049-05:00,2026-08-25T09:17:13.587735-05:00,181.86,0,0,1
2026-08-25,41,2026-08-25T06:16:14.883715-05:00,2026-08-25T09:19:04.707288-05:00,182.83,0,1,4
2026-08-25,117,2026-08-25T09:22:36.557123-05:00,2026-08-25T09:24:21.638183-05:00,1.75,1,1,3
2026-08-25,119,2026-08-25T09:24:47.970194-05:00,2026-08-25T09:25:03.104683-05:00,0.25,1,1,6
2026-08-25,42,2026-08-25T06:17:00.165542-05:00,2026-08-25T09:26:26.957351-05:00,189.45,0,1,1
2026-08-25,45,2026-08-25T06:18:43.120859-05:00,2026-08-25T09:31:00.078232-05:00,192.28,0,1,2
2026-08-25,44,2026-08-25T06:18:56.833321-05:00,2026-08-25T09:33:11.534694-05:00,194.25,0,0,5
2026-08-25,46,2026-08-25T06:20:15.349467-05:00,2026-08-25T09:34:08.549107-05:00,193.89,0,0,3
2026-08-25,47,2026-08-25T06:20:32.777424-05:00,2026-08-25T09:40:13.752084-05:00,199.68,0,1,2
2026-08-25,48,2026-08-25T06:21:59.835005-05:00,2026-08-25T09:41:27.979724-05:00,199.47,0,1,5
2026-08-25,49,2026-08-25T06:22:14.870253-05:00,2026-08-25T09:43:50.366239-05:00,201.59,0,1,4
2026-08-25,50,2026-08-25T06:22:31.258175-05:00,2026-08-25T09:43:53.395544-05:00,201.37,0,0,6
2026-08-25,51,2026-08-25T06:22:54.268951-05:00,2026-08-25T09:45:46.817685-05:00,202.88,0,1,1
2026-08-25,52,2026-08-25T06:22:55.614535-05:00,2026-08-25T09:50:15.349385-05:00,207.33,0,1,3
2026-08-25,53,2026-08-25T06:23:50.261837-05:00,2026-08-25T09:54:26.015458-05:00,210.6,0,0,5
2026-08-25,54,2026-08-25T06:27:43.276075-05:00,2026-08-25T09:59:14.425897-05:00,211.52,0,1,2
2026-08-25,55,2026-08-25T06:28:38.598109-05:00,2026-08-25T10:01:02.649517-05:00,212.4,0,0,3
2026-08-25,57,2026-08-25T06:31:34.797696-05:00,2026-08-25T10:01:12.414900-05:00,209.63,0,1,4
2026-08-25,59,2026-08-25T06:33:06.403812-05:00,2026-08-25T10:05:03.688300-05:00,211.95,0,0,6
2026-08-25,58,2026-08-25T06:33:17.567659-05:00,2026-08-25T10:05:09.608224-05:00,211.87,0,0,5
2026-08-25,60,2026-08-25T06:34:07.619282-05:00,2026-08-25T10:05:19.341151-05:00,211.2,0,0,1
2026-08-25,61,2026-08-25T06:34:13.032169-05:00,2026-08-25T10:15:13.159350-05:00,221.0,0,1,3
2026-08-25,62,2026-08-25T06:37:14.883414-05:00,2026-08-25T10:15:34.250766-05:00,218.32,0,1,6
2026-08-25,127,2026-08-25T10:18:12.527306-05:00,2026-08-25T10:19:52.185002-05:00,1.66,1,0,5
2026-08-25,63,2026-08-25T06:38:34.256965-05:00,2026-08-25T10:21:50.627795-05:00,223.27,0,0,1
2026-08-25,64,2026-08-25T06:40:03.812278-05:00,2026-08-25T10:23:50.172482-05:00,223.77,0,0,4
2026-08-25,65,2026-08-25T06:41:15.561310-05:00,2026-08-25T10:28:51.903136-05:00,227.61,0,0,5
2026-08-25,66,2026-08-25T06:41:45.429546-05:00,2026-08-25T10:34:43.896130-05:00,232.97,0,0,2
2026-08-25,67,2026-08-25T06:43:05.535233-05:00,2026-08-25T10:36:02.778246-05:00,232.95,0,0,1
2026-08-25,68,2026-08-25T06:45:10.771617-05:00,2026-08-25T10:36:31.761604-05:00,231.35,0,0,4
2026-08-25,69,2026-08-25T06:45:38.446808-05:00,2026-08-25T10:37:55.675093-05:00,232.29,0,0,3
2026-08-25,70,2026-08-25T06:46:45.322134-05:00,2026-08-25T10:42:12.290781-05:00,235.45,0,1,1
2026-08-25,71,2026-08-25T06:47:09.942733-05:00,2026-08-25T10:44:02.992245-05:00,236.88,0,0,2
2026-08-25,72,2026-08-25T06:47:55.321576-05:00,2026-08-25T10:45:37.387052-05:00,237.7,0,0,3
2026-08-25,74,2026-08-25T06:51:20.957773-05:00,2026-08-25T10:46:06.262009-05:00,234.76,0,1,5
2026-08-25,132,2026-08-25T10:47:44.161745-05:00,2026-08-25T10:48:39.143117-05:00,0.92,1,0,1
2026-08-25,75,2026-08-25T06:52:55.534569-05:00,2026-08-25T10:50:32.392700-05:00,237.61,0,0,6
2026-08-25,76,2026-08-25T06:55:34.840767-05:00,2026-08-25T10:53:42.332191-05:00,238.12,0,0,5
2026-08-25,77,2026-08-25T06:59:54.758371-05:00,2026-08-25T10:54:41.975076-05:00,234.79,0,1,4
2026-08-25,78,2026-08-25T07:03:09.173272-05:00,2026-08-25T10:57:18.981684-05:00,234.16,0,0,1
2026-08-25,79,2026-08-25T07:05:06.862596-05:00,2026-08-25T10:59:07.163805-05:00,234.01,0,0,6
2026-08-25,81,2026-08-25T07:06:00.910276-05:00,2026-08-25T11:04:09.242009-05:00,238.14,0,1,2
2026-08-25,82,2026-08-25T07:11:20.726577-05:00,2026-08-25T11:04:16.868849-05:00,232.94,0,0,3
2026-08-25,83,2026-08-25T07:12:07.254681-05:00,2026-08-25T11:06:08.427115-05:00,234.02,0,0,4
2026-08-25,84,2026-08-25T07:16:53.843386-05:00,2026-08-25T11:10:13.411339-05:00,233.33,0,0,2
2026-08-25,85,2026-08-25T07:22:44.159892-05:00,2026-08-25T11:11:45.729612-05:00,229.03,0,1,4
2026-08-25,86,2026-08-25T07:25:08.049331-05:00,2026-08-25T11:12:07.120741-05:00,226.98,0,0,1
2026-08-25,87,2026-08-25T07:31:37.780070-05:00,2026-08-25T11:12:49.043602-05:00,221.19,0,0,3
2026-08-25,88,2026-08-25T07:34:55.482950-05:00,2026-08-25T11:14:17.113296-05:00,219.36,0,1,6
2026-08-25,89,2026-08-25T07:44:38.456316-05:00,2026-08-25T11:16:54.876203-05:00,212.27,0,1,2
2026-08-25,90,2026-08-25T07:45:37.862400-05:00,2026-08-25T11:20:42.539727-05:00,215.08,0,0,1
2026-08-25,91,2026-08-25T07:47:26.009326-05:00,2026-08-25T11:21:48.290034-05:00,214.37,0,0,3
2026-08-25,92,2026-08-25T07:47:57.647060-05:00,2026-08-25T11:22:28.866322-05:00,214.52,0,1,4
2026-08-25,94,2026-08-25T07:55:33.507412-05:00,2026-08-25T11:22:38.885370-05:00,207.09,0,0,6
2026-08-25,95,2026-08-25T08:00:54.868857-05:00,2026-08-25T11:25:05.728975-05:00,204.18,0,0,5
2026-08-25,97,2026-08-25T08:02:50.976521-05:00,2026-08-25T11:30:06.537764-05:00,207.26,0,0,2
2026-08-25,98,2026-08-25T08:04:00.079618-05:00,2026-08-25T11:31:23.941327-05:00,207.4,0,0,3
2026-08-25,100,2026-08-25T08:24:57.659990-05:00,2026-08-25T11:32:32.431248-05:00,187.58,0,0,4
2026-08-25,101,2026-08-25T08:27:59.652735-05:00,2026-08-25T11:33:33.760943-05:00,185.57,0,0,5
2026-08-25,102,2026-08-25T08:30:30.268993-05:00,2026-08-25T11:34:47.457949-05:00,184.29,0,0,1
2026-08-25,103,2026-08-25T08:36:06.580495-05:00,2026-08-25T11:36:48.376769-05:00,180.7,0,0,6
2026-08-25,104,2026-08-25T08:37:29.368314-05:00,2026-08-25T11:40:35.420090-05:00,183.1,0,0,2
2026-08-25,105,2026-08-25T08:45:16.817425-05:00,2026-08-25T11:43:33.490195-05:00,178.28,0,1,6
2026-08-25,106,2026-08-25T08:47:53.324045-05:00,2026-08-25T11:45:53.278233-05:00,178.0,0,0,1
2026-08-25,107,2026-08-25T08:49:48.504847-05:00,2026-08-25T11:48:41.581011-05:00,178.88,0,0,2
2026-08-25,108,2026-08-25T08:54:40.306482-05:00,2026-08-25T11:51:34.926346-05:00,176.91,0,0,4
2026-08-25,109,2026-08-25T09:02:19.838676-05:00,2026-08-25T11:53:33.892024-05:00,171.23,0,1,3
2026-08-25,110,2026-08-25T09:02:49.267501-05:00,2026-08-25T11:53:40.313316-05:00,170.85,0,0,6
2026-08-25,111,2026-08-25T09:07:06.215380-05:00,2026-08-25T11:54:37.631301-05:00,167.52,0,0,5
2026-08-25,112,2026-08-25T09:08:18.269371-05:00,2026-08-25T11:59:28.145839-05:00,171.16,0,0,1
2026-08-25,113,2026-08-25T09:08:56.019246-05:00,2026-08-25T11:59:39.804117-05:00,170.73,0,1,2
2026-08-25,114,2026-08-25T09:15:35.899100-05:00,2026-08-25T12:05:14.162665-05:00,169.64,0,1,3
2026-08-25,115,2026-08-25T09:17:16.917062-05:00,2026-08-25T12:06:09.765632-05:00,168.88,0,1,4
2026-08-25,116,2026-08-25T09:18:10.488837-05:00,2026-08-25T12:07:57.988241-05:00,169.79,0,0,2
2026-08-25,118,2026-08-25T09:24:46.417290-05:00,2026-08-25T12:10:24.500046-05:00,165.63,0,0,5
2026-08-25,120,2026-08-25T09:28:49.610617-05:00,2026-08-25T12:10:42.389800-05:00,161.88,0,1,6
2026-08-25,121,2026-08-25T09:40:23.238200-05:00,2026-08-25T12:12:16.282310-05:00,151.88,0,0,3
2026-08-25,122,2026-08-25T09:41:03.060021-05:00,2026-08-25T12:16:52.971173-05:00,155.83,0,0,4
2026-08-25,123,2026-08-25T09:42:08.254330-05:00,2026-08-25T12:18:25.665498-05:00,156.29,0,0,2
2026-08-25,124,2026-08-25T09:44:03.838122-05:00,2026-08-25T12:19:48.673734-05:00,155.75,0,0,3
2026-08-25,125,2026-08-25T10:00:59.551159-05:00,2026-08-25T12:21:48.656808-05:00,140.82,0,0,6
2026-08-25,126,2026-08-25T10:07:40.333755-05:00,2026-08-25T12:22:26.277350-05:00,134.77,0,1,5
2026-08-25,128,2026-08-25T10:19:59.845939-05:00,2026-08-25T12:25:14.767612-05:00,125.25,0,0,2
2026-08-25,129,2026-08-25T10:21:48.620453-05:00,2026-08-25T12:27:06.653744-05:00,125.3,0,0,3
2026-08-25,130,2026-08-25T10:23:47.464904-05:00,2026-08-25T12:31:42.685109-05:00,127.92,0,1,2
2026-08-25,131,2026-08-25T10:41:47.999664-05:00,2026-08-25T12:32:14.352777-05:00,110.44,0,0,1
2026-08-25,133,2026-08-25T10:55:17.223880-05:00,2026-08-25T12:32:26.971587-05:00,97.16,0,1,5
2026-08-25,134,2026-08-25T10:58:38.108366-05:00,2026-08-25T12:33:36.052656-05:00,94.97,0,0,6
2026-08-25,135,2026-08-25T11:04:23.631907-05:00,2026-08-25T12:43:01.874084-05:00,98.64,0,0,4
2026-08-25,136,2026-08-25T11:05:28.148438-05:00,2026-08-25T12:43:59.124327-05:00,98.52,0,0,2
2026-08-25,137,2026-08-25T11:05:45.744965-05:00,2026-08-25T12:44:38.320021-05:00,98.88,0,0,3
2026-08-25,138,2026-08-25T11:28:43.629377-05:00,2026-08-25T12:47:48.678954-05:00,79.08,0,0,6
2026-08-25,139,2026-08-25T11:49:46.838785-05:00,2026-08-25T12:51:00.451512-05:00,61.23,0,1,5
2026-08-25,140,2026-08-25T11:50:22.951099-05:00,2026-08-25T12:52:48.111672-05:00,62.42,0,1,2
2026-08-25,141,2026-08-25T11:57:08.799756-05:00,2026-08-25T12:53:24.702074-05:00,56.27,0,0,4
2026-08-25,142,2026-08-25T12:17:37.459151-05:00,2026-08-25T13:03:47.899688-05:00,46.17,0,1,6
2026-08-25,143,2026-08-25T12:19:53.492650-05:00,2026-08-25T13:04:10.478916-05:00,44.28,0,0,1
2026-08-25,144,2026-08-25T12:27:26.382736-05:00,2026-08-25T13:04:49.488285-05:00,37.39,0,0,4
2026-08-26,2,2026-08-26T05:34:42.190862-05:00,2026-08-26T07:36:00-05:00,121.3,1,0,1
2026-08-26,11,2026-08-26T05:46:31.002312-05:00,2026-08-26T07:36:00-05:00,109.48,1,0,2
2026-08-26,14,2026-08-26T05:51:13.308000-05:00,2026-08-26T07:36:00-05:00,104.78,1,0,3
2026-08-26,17,2026-08-26T05:55:43.329188-05:00,2026-08-26T07:36:00-05:00,100.28,1,0,4
2026-08-26,24,2026-08-26T06:06:49.142993-05:00,2026-08-26T07:36:00-05:00,89.18,1,0,5
2026-08-26,26,2026-08-26T06:07:57.025611-05:00,2026-08-26T07:36:00-05:00,88.05,1,1,6
2026-08-26,35,2026-08-26T06:20:22.620021-05:00,2026-08-26T07:46:35.990904-05:00,86.22,1,0,5
2026-08-26,42,2026-08-26T06:23:22.481872-05:00,2026-08-26T07:46:57.825688-05:00,83.59,1,0,3
2026-08-26,45,2026-08-26T06:24:03.395723-05:00,2026-08-26T07:47:21.948163-05:00,83.31,1,1,1
2026-08-26,56,2026-08-26T06:37:05.551593-05:00,2026-08-26T07:54:49.487666-05:00,77.73,1,1,2
2026-08-26,58,2026-08-26T06:38:12.213767-05:00,2026-08-26T07:57:04.295952-05:00,78.87,1,0,6
2026-08-26,57,2026-08-26T06:38:18.309090-05:00,2026-08-26T07:58:46.699465-05:00,80.47,1,0,4
2026-08-26,61,2026-08-26T06:40:29.632550-05:00,2026-08-26T07:59:30.750015-05:00,79.02,1,0,3
2026-08-26,69,2026-08-26T06:51:05.320815-05:00,2026-08-26T08:01:40.781583-05:00,70.59,1,0,5
2026-08-26,86,2026-08-26T07:31:41.277510-05:00,2026-08-26T08:06:07.004848-05:00,34.43,1,1,4
2026-08-26,90,2026-08-26T07:38:34.459283-05:00,2026-08-26T08:07:36.598068-05:00,29.04,1,0,2
2026-08-26,91,2026-08-26T07:44:21.201300-05:00,2026-08-26T08:09:22.802234-05:00,25.03,1,0,3
2026-08-26,95,2026-08-26T08:05:10.462529-05:00,2026-08-26T08:14:55.338589-05:00,9.75,1,0,5
2026-08-26,0,2026-08-26T05:31:15.659280-05:00,2026-08-26T08:15:27.376922-05:00,164.2,0,0,6
2026-08-26,1,2026-08-26T05:31:48.131327-05:00,2026-08-26T08:15:42.398171-05:00,163.9,0,0,2
2026-08-26,3,2026-08-26T05:36:33.770090-05:00,2026-08-26T08:16:21.241220-05:00,159.79,0,0,1
2026-08-26,98,2026-08-26T08:19:00.696560-05:00,2026-08-26T08:23:53.542289-05:00,4.88,1,1,2
2026-08-26,4,2026-08-26T05:38:51.535939-05:00,2026-08-26T08:25:02.470255-05:00,166.18,0,0,4
2026-08-26,5,2026-08-26T05:40:00.937437-05:00,2026-08-26T08:25:36.312894-05:00,165.59,0,0,5
2026-08-26,6,2026-08-26T05:41:10.943249-05:00,2026-08-26T08:32:54.517051-05:00,171.73,0,1,6
2026-08-26,7,2026-08-26T05:43:05.876985-05:00,2026-08-26T08:35:35.314980-05:00,172.49,0,0,5
2026-08-26,105,2026-08-26T08:37:19.771254-05:00,2026-08-26T08:40:18.608228-05:00,2.98,1,0,4
2026-08-26,9,2026-08-26T05:43:47.639794-05:00,2026-08-26T08:41:15.861795-05:00,177.47,0,0,6
2026-08-26,8,2026-08-26T05:43:50.850669-05:00,2026-08-26T08:42:06.679934-05:00,178.26,0,0,2
2026-08-26,10,2026-08-26T05:45:17.889712-05:00,2026-08-26T08:43:32.367548-05:00,178.24,0,0,5
2026-08-26,12,2026-08-26T05:47:22.426350-05:00,2026-08-26T08:44:02.953915-05:00,176.68,0,0,3
2026-08-26,13,2026-08-26T05:49:40.527551-05:00,2026-08-26T08:51:33.101795-05:00,181.88,0,0,1
2026-08-26,15,2026-08-26T05:53:22.795729-05:00,2026-08-26T08:57:03.147098-05:00,183.67,0,0,4
2026-08-26,16,2026-08-26T05:53:37.464599-05:00,2026-08-26T09:01:35.834128-05:00,187.97,0,1,5
2026-08-26,18,2026-08-26T05:55:44.972744-05:00,2026-08-26T09:03:33.448336-05:00,187.81,0,0,6
2026-08-26,19,2026-08-26T05:56:22.901975-05:00,2026-08-26T09:04:27.278912-05:00,188.07,0,0,2
2026-08-26,112,2026-08-26T09:07:41.185471-05:00,2026-08-26T09:09:40.800842-05:00,1.99,1,0,3
2026-08-26,20,2026-08-26T05:56:44.669319-05:00,2026-08-26T09:10:28.214040-05:00,193.73,0,0,1
2026-08-26,21,2026-08-26T05:58:55.842417-05:00,2026-08-26T09:11:51.840940-05:00,192.93,0,1,4
2026-08-26,113,2026-08-26T09:12:05.740500-05:00,2026-08-26T09:17:46.462351-05:00,5.68,1,1,3
2026-08-26,22,2026-08-26T05:59:37.021334-05:00,2026-08-26T09:18:25.737742-05:00,198.81,0,0,5
2026-08-26,23,2026-08-26T06:03:21.493077-05:00,2026-08-26T09:18:51.388010-05:00,195.5,0,1,2
2026-08-26,25,2026-08-26T06:06:51.843596-05:00,2026-08-26T09:19:15.411517-05:00,192.39,0,0,1
2026-08-26,27,2026-08-26T06:07:53.101195-05:00,2026-08-26T09:21:35.168649-05:00,193.7,0,1,6
2026-08-26,28,2026-08-26T06:10:25.992365-05:00,2026-08-26T09:25:44.294484-05:00,195.31,0,0,4
2026-08-26,29,2026-08-26T06:10:37.605986-05:00,2026-08-26T09:25:53.575937-05:00,195.27,0,0,1
2026-08-26,31,2026-08-26T06:14:08.561612-05:00,2026-08-26T09:26:34.255629-05:00,192.43,0,0,2
2026-08-26,30,2026-08-26T06:14:10.142453-05:00,2026-08-26T09:29:11.990779-05:00,195.03,0,0,3
2026-08-26,32,2026-08-26T06:16:03.469770-05:00,2026-08-26T09:30:40.125965-05:00,194.61,0,1,5
2026-08-26,33,2026-08-26T06:18:37.144786-05:00,2026-08-26T09:32:04.892674-05:00,193.46,0,1,4
2026-08-26,34,2026-08-26T06:19:33.547291-05:00,2026-08-26T09:37:29.367345-05:00,197.93,0,1,3
2026-08-26,121,2026-08-26T09:37:35.071697-05:00,2026-08-26T09:39:16.431074-05:00,1.69,1,1,6
2026-08-26,36,2026-08-26T06:20:28.449972-05:00,2026-08-26T09:41:53.228811-05:00,201.41,0,0,4
2026-08-26,37,2026-08-26T06:22:13.724432-05:00,2026-08-26T09:42:25.235176-05:00,200.19,0,0,2
2026-08-26,123,2026-08-26T09:43:45.600440-05:00,2026-08-26T09:45:31.934196-05:00,1.77,1,0,5
2026-08-26,38,2026-08-26T06:22:45.480762-05:00,2026-08-26T09:47:11.397476-05:00,204.43,0,0,3
2026-08-26,40,2026-08-26T06:22:49.061139-05:00,2026-08-26T09:49:41.988007-05:00,206.88,0,0,2
2026-08-26,39,2026-08-26T06:22:58.153250-05:00,2026-08-26T09:50:02.243359-05:00,207.07,0,0,6
2026-08-26,41,2026-08-26T06:23:21.163301-05:00,2026-08-26T09:53:23.649170-05:00,210.04,0,0,3
2026-08-26,43,2026-08-26T06:23:34.651092-05:00,2026-08-26T09:57:56.090229-05:00,214.36,0,0,5
2026-08-26,44,2026-08-26T06:24:11.628252-05:00,2026-08-26T10:00:50.790075-05:00,216.65,0,0,6
2026-08-26,46,2026-08-26T06:24:49.339856-05:00,2026-08-26T10:04:00.599887-05:00,219.19,0,1,2
2026-08-26,47,2026-08-26T06:27:00.092352-05:00,2026-08-26T10:04:10.281905-05:00,217.17,0,0,4
2026-08-26,48,2026-08-26T06:27:46.796770-05:00,2026-08-26T10:10:28.944616-05:00,222.7,0,0,6
2026-08-26,49,2026-08-26T06:29:01.224173-05:00,2026-08-26T10:10:44.197092-05:00,221.72,0,0,3
2026-08-26,131,2026-08-26T10:15:39.112856-05:00,2026-08-26T10:16:03.487134-05:00,0.41,1,1,6
2026-08-26,50,2026-08-26T06:30:15.962294-05:00,2026-08-26T10:16:51.243928-05:00,226.59,0,0,5
2026-08-26,51,2026-08-26T06:31:17.274571-05:00,2026-08-26T10:17:40.696016-05:00,226.39,0,0,1
2026-08-26,52,2026-08-26T06:33:10.745139-05:00,2026-08-26T10:21:22.902398-05:00,228.2,0,1,3
2026-08-26,53,2026-08-26T06:34:15.037573-05:00,2026-08-26T10:22:48.426893-05:00,228.56,0,0,4
2026-08-26,54,2026-08-26T06:36:08.952071-05:00,2026-08-26T10:23:24.464627-05:00,227.26,0,0,2
2026-08-26,55,2026-08-26T06:36:44.723741-05:00,2026-08-26T10:27:18.095194-05:00,230.56,0,0,1
2026-08-26,59,2026-08-26T06:38:54.713341-05:00,2026-08-26T10:28:10.726518-05:00,229.27,0,0,6
2026-08-26,60,2026-08-26T06:39:48.038543-05:00,2026-08-26T10:31:07.176244-05:00,231.32,0,0,3
2026-08-26,62,2026-08-26T06:40:16.947379-05:00,2026-08-26T10:34:19.594793-05:00,234.04,0,0,5
2026-08-26,63,2026-08-26T06:41:37.392372-05:00,2026-08-26T10:36:05.728094-05:00,234.47,0,0,2
2026-08-26,64,2026-08-26T06:45:48.388689-05:00,2026-08-26T10:36:25.589491-05:00,230.62,0,1,6
2026-08-26,65,2026-08-26T06:47:11.642362-05:00,2026-08-26T10:37:08.194303-05:00,229.94,0,1,1
2026-08-26,66,2026-08-26T06:48:11.128694-05:00,2026-08-26T10:41:24.910800-05:00,233.23,0,0,4
2026-08-26,67,2026-08-26T06:48:49.573204-05:00,2026-08-26T10:44:47.377506-05:00,235.96,0,1,5
2026-08-26,68,2026-08-26T06:49:03.350814-05:00,2026-08-26T10:46:37.108989-05:00,237.56,0,0,3
2026-08-26,70,2026-08-26T06:55:26.423709-05:00,2026-08-26T10:46:53.676480-05:00,231.45,0,0,6
2026-08-26,71,2026-08-26T06:57:16.204042-05:00,2026-08-26T10:49:05.719550-05:00,231.83,0,0,1
2026-08-26,72,2026-08-26T06:58:10.136028-05:00,2026-08-26T10:49:37.789771-05:00,231.46,0,0,4
2026-08-26,73,2026-08-26T06:58:56.384217-05:00,2026-08-26T10:52:18.203789-05:00,233.36,0,1,2
2026-08-26,74,2026-08-26T07:00:33.822698-05:00,2026-08-26T10:54:50.238998-05:00,234.27,0,0,3
2026-08-26,75,2026-08-26T07:01:09.845348-05:00,2026-08-26T11:01:33.643023-05:00,240.4,0,1,1
2026-08-26,76,2026-08-26T07:04:22.823996-05:00,2026-08-26T11:04:45.268031-05:00,240.37,0,0,2
2026-08-26,77,2026-08-26T07:05:08.682037-05:00,2026-08-26T11:04:46.437088-05:00,239.63,0,0,6
2026-08-26,78,2026-08-26T07:05:34.998648-05:00,2026-08-26T11:07:21.695807-05:00,241.78,0,0,1
2026-08-26,79,2026-08-26T07:09:03.947713-05:00,2026-08-26T11:09:22.116704-05:00,240.3,0,0,4
2026-08-26,80,2026-08-26T07:15:12.452486-05:00,2026-08-26T11:13:52.554799-05:00,238.67,0,0,2
2026-08-26,81,2026-08-26T07:15:12.716538-05:00,2026-08-26T11:14:38.978029-05:00,239.44,0,0,5
2026-08-26,82,2026-08-26T07:16:01.801157-05:00,2026-08-26T11:16:03.077811-05:00,240.02,0,0,6
2026-08-26,83,2026-08-26T07:24:08.106195-05:00,2026-08-26T11:16:36.463305-05:00,232.47,0,0,4
2026-08-26,84,2026-08-26T07:26:04.794910-05:00,2026-08-26T11:27:53.610868-05:00,241.81,0,1,4
2026-08-26,85,2026-08-26T07:28:59.968978-05:00,2026-08-26T11:31:18.846383-05:00,242.31,0,1,1
2026-08-26,87,2026-08-26T07:34:39.710820-05:00,2026-08-26T11:31:26.461761-05:00,236.78,0,0,3
2026-08-26,88,2026-08-26T07:35:42.552502-05:00,2026-08-26T11:32:31.058390-05:00,236.81,0,0,2
2026-08-26,89,2026-08-26T07:36:37.054754-05:00,2026-08-26T11:32:53.571229-05:00,236.28,0,1,5
2026-08-26,92,2026-08-26T07:44:44.099225-05:00,2026-08-26T11:39:16.183064-05:00,234.53,0,0,6
2026-08-26,93,2026-08-26T08:02:30.309404-05:00,2026-08-26T11:42:07.729515-05:00,219.62,0,0,5
2026-08-26,94,2026-08-26T08:04:12.719649-05:00,2026-08-26T11:45:32.713542-05:00,221.33,0,0,6
2026-08-26,96,2026-08-26T08:09:20.092805-05:00,2026-08-26T11:45:33.403104-05:00,216.22,0,1,3
2026-08-26,97,2026-08-26T08:11:28.493741-05:00,2026-08-26T11:49:49.889644-05:00,218.36,0,0,5
2026-08-26,100,2026-08-26T08:21:03.368746-05:00,2026-08-26T11:52:12.677330-05:00,211.16,0,0,2
2026-08-26,99,2026-08-26T08:21:25.137184-05:00,2026-08-26T11:53:06.171226-05:00,211.68,0,0,1
2026-08-26,101,2026-08-26T08:25:39.972390-05:00,2026-08-26T11:54:53.957071-05:00,209.23,0,0,4
2026-08-26,102,2026-08-26T08:27:05.035321-05:00,2026-08-26T11:56:13.484389-05:00,209.14,0,1,6
2026-08-26,140,2026-08-26T12:00:11.316509-05:00,2026-08-26T12:02:27.180408-05:00,2.26,1,0,2
2026-08-26,103,2026-08-26T08:30:25.403319-05:00,2026-08-26T12:03:05.249187-05:00,212.66,0,1,1
2026-08-26,104,2026-08-26T08:36:03.158056-05:00,2026-08-26T12:05:33.921990-05:00,209.51,0,0,3
2026-08-26,106,2026-08-26T08:45:40.650730-05:00,2026-08-26T12:07:20.608260-05:00,201.67,0,0,4
2026-08-26,107,2026-08-26T08:52:01.874903-05:00,2026-08-26T12:13:12.504865-05:00,201.18,0,1,5
2026-08-26,108,2026-08-26T08:58:36.664793-05:00,2026-08-26T12:13:43.224580-05:00,195.11,0,0,6
2026-08-26,109,2026-08-26T08:59:01.366909-05:00,2026-08-26T12:15:24.229797-05:00,196.38,0,0,3
2026-08-26,110,2026-08-26T09:01:44.108104-05:00,2026-08-26T12:15:24.872841-05:00,193.68,0,0,2
2026-08-26,111,2026-08-26T09:04:13.782835-05:00,2026-08-26T12:24:34.535174-05:00,200.35,0,0,1
2026-08-26,114,2026-08-26T09:12:49.423716-05:00,2026-08-26T12:27:02.398435-05:00,194.22,0,0,2
2026-08-26,115,2026-08-26T09:13:59.717875-05:00,2026-08-26T12:28:35.036335-05:00,194.59,0,1,5
2026-08-26,116,2026-08-26T09:21:16.650508-05:00,2026-08-26T12:32:20.114564-05:00,191.06,0,0,4
2026-08-26,117,2026-08-26T09:22:17.729385-05:00,2026-08-26T12:34:18.989414-05:00,192.02,0,0,1
2026-08-26,118,2026-08-26T09:27:52.008948-05:00,2026-08-26T12:34:52.661352-05:00,187.01,0,1,6
2026-08-26,119,2026-08-26T09:28:56.002040-05:00,2026-08-26T12:35:38.086409-05:00,186.7,0,0,3
2026-08-26,120,2026-08-26T09:29:53.530141-05:00,2026-08-26T12:37:06.411912-05:00,187.21,0,1,5
2026-08-26,122,2026-08-26T09:42:15.586626-05:00,2026-08-26T12:42:31.350336-05:00,180.26,0,0,2
2026-08-26,124,2026-08-26T09:44:43.550964-05:00,2026-08-26T12:43:03.108488-05:00,178.33,0,1,4
2026-08-26,125,2026-08-26T09:48:59.694319-05:00,2026-08-26T12:46:14.991757-05:00,177.25,0,0,1
2026-08-26,126,2026-08-26T09:59:01.502630-05:00,2026-08-26T12:46:46.412884-05:00,167.75,0,1,3
2026-08-26,127,2026-08-26T10:00:56.238198-05:00,2026-08-26T12:48:56.367928-05:00,168.0,0,1,6
2026-08-26,128,2026-08-26T10:05:51.178718-05:00,2026-08-26T12:49:55.325553-05:00,164.07,0,0,5
2026-08-26,129,2026-08-26T10:10:06.239733-05:00,2026-08-26T12:51:44.032119-05:00,161.63,0,0,4
2026-08-26,130,2026-08-26T10:11:16.378151-05:00,2026-08-26T12:52:27.600203-05:00,161.19,0,1,1
2026-08-26,132,2026-08-26T10:16:09.751118-05:00,2026-08-26T12:54:56.860231-05:00,158.79,0,0,3
2026-08-26,133,2026-08-26T10:22:06.643567-05:00,2026-08-26T12:58:53.412405-05:00,156.78,0,0,6
2026-08-26,134,2026-08-26T10:41:07.124114-05:00,2026-08-26T13:04:57.266532-05:00,143.84,0,0,4
2026-08-26,135,2026-08-26T10:59:27.678449-05:00,2026-08-26T13:06:46.520923-05:00,127.31,0,0,6
2026-08-26,136,2026-08-26T11:13:42.910978-05:00,2026-08-26T13:07:11.269114-05:00,113.47,0,0,1
2026-08-26,137,2026-08-26T11:21:16.210485-05:00,2026-08-26T13:07:36.494211-05:00,106.34,0,1,5
2026-08-26,138,2026-08-26T11:51:26.670549-05:00,2026-08-26T13:09:53.442984-05:00,78.45,0,1,3
2026-08-26,139,2026-08-26T11:52:17.690697-05:00,2026-08-26T13:12:48.723137-05:00,80.52,0,0,1
2026-08-26,141,2026-08-26T12:20:49.394182-05:00,2026-08-26T13:13:32.842496-05:00,52.72,0,1,2
2026-08-27,1,2026-08-27T05:33:44.664533-05:00,2026-08-27T07:36:00-05:00,122.26,1,1,1
2026-08-27,10,2026-08-27T05:48:49.595214-05:00,2026-08-27T07:36:00-05:00,107.17,1,1,2
2026-08-27,13,2026-08-27T05:54:23.494434-05:00,2026-08-27T07:36:00-05:00,101.61,1,0,3
2026-08-27,18,2026-08-27T05:59:05.517089-05:00,2026-08-27T07:36:00-05:00,96.91,1,0,4
2026-08-27,25,2026-08-27T06:06:25.379374-05:00,2026-08-27T07:36:00-05:00,89.58,1,0,5
2026-08-27,31,2026-08-27T06:10:01.884172-05:00,2026-08-27T07:36:00-05:00,85.97,1,1,6
2026-08-27,47,2026-08-27T06:24:34.079980-05:00,2026-08-27T07:47:14.132082-05:00,82.67,1,1,3
2026-08-27,48,2026-08-27T06:26:43.255195-05:00,2026-08-27T07:48:14.564078-05:00,81.52,1,0,6
2026-08-27,56,2026-08-27T06:34:09.900436-05:00,2026-08-27T07:48:54.233588-05:00,74.74,1,0,4
2026-08-27,58,2026-08-27T06:36:05.096678-05:00,2026-08-27T07:49:26.610705-05:00,73.36,1,1,2
2026-08-27,67,2026-08-27T06:48:59.316388-05:00,2026-08-27T07:53:37.066393-05:00,64.63,1,0,1
2026-08-27,74,2026-08-27T07:18:06.515340-05:00,2026-08-27T07:58:29.961000-05:00,40.39,1,0,5
2026-08-27,75,2026-08-27T07:18:46.513468-05:00,2026-08-27T08:03:39.600842-05:00,44.88,1,1,2
2026-08-27,78,2026-08-27T07:35:32.489182-05:00,2026-08-27T08:05:10.645971-05:00,29.64,1,1,5
2026-08-27,0,2026-08-27T05:33:25.682099-05:00,2026-08-27T08:05:35.771282-05:00,152.17,0,0,6
2026-08-27,2,2026-08-27T05:38:08.496384-05:00,2026-08-27T08:09:05.308148-05:00,150.95,0,1,1
2026-08-27,3,2026-08-27T05:39:06.856732-05:00,2026-08-27T08:10:26.428967-05:00,151.33,0,1,3
2026-08-27,4,2026-08-27T05:42:46.611158-05:00,2026-08-27T08:14:35.371536-05:00,151.81,0,0,2
2026-08-27,5,2026-08-27T05:44:38.420996-05:00,2026-08-27T08:14:58.294511-05:00,150.33,0,0,3
2026-08-27,6,2026-08-27T05:45:56.696217-05:00,2026-08-27T08:17:47.348296-05:00,151.84,0,0,4
2026-08-27,7,2026-08-27T05:47:34.993748-05:00,2026-08-27T08:20:24.248234-05:00,152.82,0,0,1
2026-08-27,8,2026-08-27T05:48:13.451829-05:00,2026-08-27T08:24:03.547613-05:00,155.83,0,0,5
2026-08-27,9,2026-08-27T05:48:46.052406-05:00,2026-08-27T08:24:23.814462-05:00,155.63,0,1,6
2026-08-27,11,2026-08-27T05:51:43.658279-05:00,2026-08-27T08:25:38.335604-05:00,153.91,0,0,4
2026-08-27,12,2026-08-27T05:52:35.121868-05:00,2026-08-27T08:25:53.702787-05:00,153.31,0,1,1
2026-08-27,14,2026-08-27T05:56:07.334967-05:00,2026-08-27T08:25:56.435905-05:00,149.82,0,0,3
2026-08-27,15,2026-08-27T05:57:32.274643-05:00,2026-08-27T08:29:19.547047-05:00,151.79,0,0,2
2026-08-27,16,2026-08-27T05:58:59.342359-05:00,2026-08-27T08:36:44.965200-05:00,157.76,0,0,4
2026-08-27,17,2026-08-27T05:59:25.650966-05:00,2026-08-27T08:37:14.192631-05:00,157.81,0,1,6
2026-08-27,19,2026-08-27T06:00:07.196594-05:00,2026-08-27T08:38:22.339637-05:00,158.25,0,0,2
2026-08-27,20,2026-08-27T06:01:36.033331-05:00,2026-08-27T08:39:27.685257-05:00,157.86,0,0,3
2026-08-27,21,2026-08-27T06:04:14.084408-05:00,2026-08-27T08:41:46.335588-05:00,157.54,0,0,1
2026-08-27,23,2026-08-27T06:04:31.918272-05:00,2026-08-27T08:45:52.682517-05:00,161.35,0,1,4
2026-08-27,22,2026-08-27T06:04:47.303529-05:00,2026-08-27T08:46:54.679998-05:00,162.12,0,0,2
2026-08-27,24,2026-08-27T06:05:05.031759-05:00,2026-08-27T08:47:02.372935-05:00,161.96,0,0,3
2026-08-27,26,2026-08-27T06:06:58.198636-05:00,2026-08-27T08:52:42.052602-05:00,165.73,0,0,1
2026-08-27,27,2026-08-27T06:08:36.909962-05:00,2026-08-27T08:54:02.815413-05:00,165.43,0,1,5
2026-08-27,29,2026-08-27T06:08:46.285449-05:00,2026-08-27T08:54:08.364564-05:00,165.37,0,0,2
2026-08-27,28,2026-08-27T06:08:59.917350-05:00,2026-08-27T08:56:34.345216-05:00,167.57,0,0,3
2026-08-27,30,2026-08-27T06:09:49.694575-05:00,2026-08-27T08:57:36.850299-05:00,167.79,0,1,6
2026-08-27,32,2026-08-27T06:10:04.628817-05:00,2026-08-27T09:01:17.311348-05:00,171.21,0,1,4
2026-08-27,33,2026-08-27T06:12:11.953956-05:00,2026-08-27T09:02:28.231968-05:00,170.27,0,1,5
2026-08-27,34,2026-08-27T06:14:35.604112-05:00,2026-08-27T09:03:20.156043-05:00,168.74,0,0,2
2026-08-27,35,2026-08-27T06:16:31.152536-05:00,2026-08-27T09:05:08.347877-05:00,168.62,0,1,1
2026-08-27,39,2026-08-27T06:18:04.000211-05:00,2026-08-27T09:05:59.412472-05:00,167.92,0,0,6
2026-08-27,37,2026-08-27T06:18:08.156511-05:00,2026-08-27T09:06:54.343342-05:00,168.77,0,0,3
2026-08-27,36,2026-08-27T06:18:19.166940-05:00,2026-08-27T09:15:03.328136-05:00,176.74,0,0,5
2026-08-27,38,2026-08-27T06:18:20.589587-05:00,2026-08-27T09:19:23.006952-05:00,181.04,0,0,1
2026-08-27,41,2026-08-27T06:19:12.770155-05:00,2026-08-27T09:21:03.126352-05:00,181.84,0,0,4
2026-08-27,40,2026-08-27T06:19:18.550383-05:00,2026-08-27T09:22:00.596469-05:00,182.7,0,0,2
2026-08-27,43,2026-08-27T06:22:07.741008-05:00,2026-08-27T09:24:12.962657-05:00,182.09,0,0,5
2026-08-27,42,2026-08-27T06:22:14.088121-05:00,2026-08-27T09:28:04.066547-05:00,185.83,0,0,6
2026-08-27,44,2026-08-27T06:22:54.390042-05:00,2026-08-27T09:28:42.410930-05:00,185.8,0,1,3
2026-08-27,45,2026-08-27T06:22:54.841053-05:00,2026-08-27T09:30:19.381023-05:00,187.41,0,1,1
2026-08-27,46,2026-08-27T06:24:23.511227-05:00,2026-08-27T09:31:25.707781-05:00,187.04,0,1,2
2026-08-27,50,2026-08-27T06:27:49.391262-05:00,2026-08-27T09:37:33.231463-05:00,189.73,0,0,4
2026-08-27,49,2026-08-27T06:27:52.438420-05:00,2026-08-27T09:39:50.519953-05:00,191.97,0,1,1
2026-08-27,51,2026-08-27T06:28:32.183738-05:00,2026-08-27T09:40:29.743600-05:00,191.96,0,1,5
2026-08-27,52,2026-08-27T06:30:38.254515-05:00,2026-08-27T09:47:54.589019-05:00,197.27,0,1,6
2026-08-27,53,2026-08-27T06:31:50.499095-05:00,2026-08-27T09:49:09.989221-05:00,197.32,0,1,2
2026-08-27,54,2026-08-27T06:32:49.985453-05:00,2026-08-27T09:51:10.333547-05:00,198.34,0,0,5
2026-08-27,55,2026-08-27T06:32:52.041797-05:00,2026-08-27T09:52:25.431657-05:00,199.56,0,1,1
2026-08-27,57,2026-08-27T06:35:50.161474-05:00,2026-08-27T09:54:17.273128-05:00,198.45,0,1,4
2026-08-27,59,2026-08-27T06:36:56.545281-05:00,2026-08-27T09:54:56.755058-05:00,198.0,0,0,3
2026-08-27,61,2026-08-27T06:38:05.450797-05:00,2026-08-27T09:57:55.765146-05:00,199.84,0,0,2
2026-08-27,60,2026-08-27T06:38:11.483050-05:00,2026-08-27T10:00:11.015849-05:00,201.99,0,0,4
2026-08-27,62,2026-08-27T06:43:09.832059-05:00,2026-08-27T10:01:06.802733-05:00,197.95,0,0,1
2026-08-27,63,2026-08-27T06:43:16.963393-05:00,2026-08-27T10:02:40.563112-05:00,199.39,0,0,2
2026-08-27,64,2026-08-27T06:43:34.533391-05:00,2026-08-27T10:03:53.849067-05:00,200.32,0,0,6
2026-08-27,65,2026-08-27T06:47:15.850629-05:00,2026-08-27T10:08:09.863750-05:00,200.9,0,1,3
2026-08-27,66,2026-08-27T06:48:59.579643-05:00,2026-08-27T10:10:41.719269-05:00,201.7,0,1,4
2026-08-27,68,2026-08-27T06:53:22.587639-05:00,2026-08-27T10:12:04.218111-05:00,198.69,0,0,5
2026-08-27,69,2026-08-27T06:58:01.316251-05:00,2026-08-27T10:15:18.994821-05:00,197.29,0,0,6
2026-08-27,70,2026-08-27T06:59:57.553148-05:00,2026-08-27T10:17:46.231793-05:00,197.81,0,0,2
2026-08-27,71,2026-08-27T07:00:17.882421-05:00,2026-08-27T10:19:11.670783-05:00,198.9,0,0,1
2026-08-27,73,2026-08-27T07:02:33.418315-05:00,2026-08-27T10:20:34.545230-05:00,198.02,0,0,4
2026-08-27,72,2026-08-27T07:02:37.057630-05:00,2026-08-27T10:24:17.013995-05:00,201.67,0,1,6
2026-08-27,76,2026-08-27T07:28:50.782520-05:00,2026-08-27T10:24:32.980385-05:00,175.7,0,0,3
2026-08-27,77,2026-08-27T07:32:10.198064-05:00,2026-08-27T10:25:48.640669-05:00,173.64,0,0,5
2026-08-27,79,2026-08-27T07:41:36.720103-05:00,2026-08-27T10:27:58.822744-05:00,166.37,0,1,2
2026-08-27,80,2026-08-27T07:47:05.797043-05:00,2026-08-27T10:28:47.274232-05:00,161.69,0,0,4
2026-08-27,81,2026-08-27T07:55:45.811093-05:00,2026-08-27T10:31:46.456881-05:00,156.01,0,0,6
2026-08-27,82,2026-08-27T08:00:04.220181-05:00,2026-08-27T10:33:57.315554-05:00,153.88,0,0,2
2026-08-27,83,2026-08-27T08:02:40.648348-05:00,2026-08-27T10:35:03.990954-05:00,152.39,0,0,5
2026-08-27,84,2026-08-27T08:07:46.555147-05:00,2026-08-27T10:38:14.649661-05:00,150.47,0,1,6
2026-08-27,85,2026-08-27T08:07:58.452939-05:00,2026-08-27T10:41:42.428732-05:00,153.73,0,1,3
2026-08-27,86,2026-08-27T08:09:05.688675-05:00,2026-08-27T10:43:01.573163-05:00,153.93,0,0,4
2026-08-27,87,2026-08-27T08:20:31.574724-05:00,2026-08-27T10:45:39.413538-05:00,145.13,0,0,1
2026-08-27,88,2026-08-27T08:24:18.749184-05:00,2026-08-27T10:47:31.623969-05:00,143.21,0,0,5
2026-08-27,89,2026-08-27T08:35:19.441021-05:00,2026-08-27T10:49:47.237687-05:00,134.46,0,0,2
2026-08-27,90,2026-08-27T08:39:42.142210-05:00,2026-08-27T10:53:07.035221-05:00,133.41,0,1,1
2026-08-27,91,2026-08-27T08:43:24.252490-05:00,2026-08-27T10:53:44.330308-05:00,130.33,0,0,3
2026-08-27,92,2026-08-27T08:46:31.746638-05:00,2026-08-27T10:54:32.229118-05:00,128.01,0,1,6
2026-08-27,93,2026-08-27T08:47:27.467586-05:00,2026-08-27T10:55:11.563181-05:00,127.73,0,1,5
2026-08-27,94,2026-08-27T08:52:08.700423-05:00,2026-08-27T10:59:05.773532-05:00,126.95,0,0,4
2026-08-27,95,2026-08-27T08:55:12.655541-05:00,2026-08-27T11:02:37.474745-05:00,127.41,0,0,2
2026-08-27,96,2026-08-27T08:58:14.056424-05:00,2026-08-27T11:03:15.212007-05:00,125.02,0,0,3
2026-08-27,136,2026-08-27T11:07:24.314032-05:00,2026-08-27T11:07:30.596282-05:00,0.1,1,1,2
2026-08-27,97,2026-08-27T09:03:36.805869-05:00,2026-08-27T11:10:28.802668-05:00,126.87,0,0,4
2026-08-27,98,2026-08-27T09:04:08.473969-05:00,2026-08-27T11:11:43.350195-05:00,127.58,0,0,5
2026-08-27,137,2026-08-27T11:11:44.853574-05:00,2026-08-27T11:12:35.561861-05:00,0.85,1,0,3
2026-08-27,99,2026-08-27T09:04:47.065071-05:00,2026-08-27T11:12:58.426571-05:00,128.19,0,0,6
2026-08-27,138,2026-08-27T11:13:36.956231-05:00,2026-08-27T11:20:55.049093-05:00,7.3,1,1,5
2026-08-27,139,2026-08-27T11:13:46.047172-05:00,2026-08-27T11:21:58.097582-05:00,8.2,1,1,6
2026-08-27,140,2026-08-27T11:16:47.188389-05:00,2026-08-27T11:22:56.931013-05:00,6.16,1,0,2
2026-08-27,100,2026-08-27T09:05:18.972598-05:00,2026-08-27T11:25:16.835355-05:00,139.96,0,1,3
2026-08-27,101,2026-08-27T09:07:36.936983-05:00,2026-08-27T11:25:20.645735-05:00,137.73,0,0,1
2026-08-27,102,2026-08-27T09:09:25.369553-05:00,2026-08-27T11:30:43.619238-05:00,141.3,0,1,4
2026-08-27,103,2026-08-27T09:09:57.539240-05:00,2026-08-27T11:33:26.184943-05:00,143.48,0,0,6
2026-08-27,142,2026-08-27T11:34:05.376612-05:00,2026-08-27T11:35:09.706310-05:00,1.07,1,1,2
2026-08-27,104,2026-08-27T09:10:18.719911-05:00,2026-08-27T11:38:55.919995-05:00,148.62,0,0,5
2026-08-27,105,2026-08-27T09:13:43.617933-05:00,2026-08-27T11:39:01.001135-05:00,145.29,0,0,3
2026-08-27,106,2026-08-27T09:14:44.374387-05:00,2026-08-27T11:40:57.899253-05:00,146.23,0,1,6
2026-08-27,107,2026-08-27T09:15:19.144884-05:00,2026-08-27T11:44:34.133127-05:00,149.25,0,1,2
2026-08-27,108,2026-08-27T09:22:13.943661-05:00,2026-08-27T11:46:10.209986-05:00,143.94,0,0,1
2026-08-27,109,2026-08-27T09:28:19.893547-05:00,2026-08-27T11:47:26.458534-05:00,139.11,0,0,3
2026-08-27,110,2026-08-27T09:29:49.130122-05:00,2026-08-27T11:48:13.486768-05:00,138.41,0,1,4
2026-08-27,112,2026-08-27T09:34:17.734498-05:00,2026-08-27T11:49:58.864432-05:00,135.69,0,1,5
2026-08-27,111,2026-08-27T09:34:26.177534-05:00,2026-08-27T11:51:17.361373-05:00,136.85,0,0,6
2026-08-27,113,2026-08-27T09:34:35.457892-05:00,2026-08-27T11:54:25.839839-05:00,139.84,0,1,2
2026-08-27,114,2026-08-27T09:38:16.638126-05:00,2026-08-27T11:55:12.037299-05:00,136.92,0,0,4
2026-08-27,115,2026-08-27T09:45:41.692350-05:00,2026-08-27T11:59:27.290241-05:00,133.76,0,0,5
2026-08-27,116,2026-08-27T09:48:43.027141-05:00,2026-08-27T12:00:18.778363-05:00,131.6,0,0,3
2026-08-27,117,2026-08-27T09:51:12.100678-05:00,2026-08-27T12:03:24.279560-05:00,132.2,0,0,1
2026-08-27,118,2026-08-27T09:59:35.940755-05:00,2026-08-27T12:05:41.280336-05:00,126.09,0,1,4
2026-08-27,119,2026-08-27T10:01:59.299858-05:00,2026-08-27T12:06:13.195064-05:00,124.23,0,0,2
2026-08-27,120,2026-08-27T10:04:05.861598-05:00,2026-08-27T12:06:51.673579-05:00,122.76,0,0,3
2026-08-27,121,2026-08-27T10:07:37.596726-05:00,2026-08-27T12:08:07.076024-05:00,120.49,0,1,6
2026-08-27,122,2026-08-27T10:08:38.101688-05:00,2026-08-27T12:11:32.518111-05:00,122.91,0,0,5
2026-08-27,123,2026-08-27T10:11:08.787237-05:00,2026-08-27T12:15:59.595110-05:00,124.85,0,0,1
2026-08-27,124,2026-08-27T10:18:20.325110-05:00,2026-08-27T12:16:07.752522-05:00,117.79,0,0,4
2026-08-27,125,2026-08-27T10:24:23.929540-05:00,2026-08-27T12:19:58.855981-05:00,115.58,0,0,6
2026-08-27,126,2026-08-27T10:25:09.509121-05:00,2026-08-27T12:25:06.917708-05:00,119.96,0,0,2
2026-08-27,127,2026-08-27T10:27:43.257130-05:00,2026-08-27T12:25:43.370507-05:00,118.0,0,0,5
2026-08-27,128,2026-08-27T10:38:48.898426-05:00,2026-08-27T12:26:22.258772-05:00,107.56,0,0,4
2026-08-27,129,2026-08-27T10:42:04.226964-05:00,2026-08-27T12:26:25.045458-05:00,104.35,0,0,3
2026-08-27,130,2026-08-27T10:42:07.109856-05:00,2026-08-27T12:28:02.636015-05:00,105.93,0,1,1
2026-08-27,131,2026-08-27T10:45:33.467707-05:00,2026-08-27T12:33:50.820547-05:00,108.29,0,1,6
2026-08-27,132,2026-08-27T10:45:34.173168-05:00,2026-08-27T12:38:55.012502-05:00,113.35,0,0,3
2026-08-27,133,2026-08-27T10:48:41.245482-05:00,2026-08-27T12:41:33.093188-05:00,112.86,0,1,5
2026-08-27,134,2026-08-27T10:53:31.959948-05:00,2026-08-27T12:43:37.570846-05:00,110.09,0,1,4
2026-08-27,135,2026-08-27T11:00:16.137232-05:00,2026-08-27T12:46:08.234554-05:00,105.87,0,0,2
2026-08-27,141,2026-08-27T11:24:16.698280-05:00,2026-08-27T12:46:11.662552-05:00,81.92,0,1,1
2026-08-27,143,2026-08-27T11:38:36.605975-05:00,2026-08-27T12:47:16.637906-05:00,68.67,0,1,6
2026-08-27,144,2026-08-27T12:01:59.824159-05:00,2026-08-27T12:48:46.132774-05:00,46.77,0,0,3
2026-08-27,145,2026-08-27T12:18:30.285332-05:00,2026-08-27T12:55:52.180158-05:00,37.36,0,0,6
2026-08-27,146,2026-08-27T12:29:32.351212-05:00,2026-08-27T12:58:18.534032-05:00,28.77,0,0,3
2026-08-28,2,2026-08-28T05:36:52.727929-05:00,2026-08-28T07:36:00-05:00,119.12,1,0,1
2026-08-28,6,2026-08-28T05:44:45.772992-05:00,2026-08-28T07:36:00-05:00,111.24,1,1,2
2026-08-28,7,2026-08-28T05:49:50.161418-05:00,2026-08-28T07:36:00-05:00,106.16,1,0,3
2026-08-28,8,2026-08-28T05:52:24.146213-05:00,2026-08-28T07:36:00-05:00,103.6,1,1,4
2026-08-28,20,2026-08-28T06:07:14.463632-05:00,2026-08-28T07:36:00-05:00,88.76,1,0,5
2026-08-28,31,2026-08-28T06:24:39.281242-05:00,2026-08-28T07:36:00-05:00,71.35,1,1,6
2026-08-28,33,2026-08-28T06:25:13.642897-05:00,2026-08-28T07:41:19.832889-05:00,76.1,1,1,4
2026-08-28,59,2026-08-28T06:55:15.712579-05:00,2026-08-28T07:42:36.813368-05:00,47.35,1,0,1
2026-08-28,64,2026-08-28T07:09:28.063175-05:00,2026-08-28T07:50:47.308047-05:00,41.32,1,0,5
2026-08-28,77,2026-08-28T07:27:06.838079-05:00,2026-08-28T07:51:45.696952-05:00,24.65,1,0,2
2026-08-28,83,2026-08-28T07:52:45.008458-05:00,2026-08-28T07:55:31.281203-05:00,2.77,1,0,6
2026-08-28,0,2026-08-28T05:32:55.182297-05:00,2026-08-28T07:56:29.975902-05:00,143.58,0,0,1
2026-08-28,1,2026-08-28T05:36:04.726362-05:00,2026-08-28T07:59:12.202210-05:00,143.12,0,1,5
2026-08-28,3,2026-08-28T05:38:45.604715-05:00,2026-08-28T08:00:35.289769-05:00,141.83,0,0,4
2026-08-28,4,2026-08-28T05:39:39.858015-05:00,2026-08-28T08:05:01.767074-05:00,145.37,0,0,3
2026-08-28,5,2026-08-28T05:40:56.107592-05:00,2026-08-28T08:05:48.231494-05:00,144.87,0,1,1
2026-08-28,9,2026-08-28T05:54:44.782385-05:00,2026-08-28T08:07:16.432431-05:00,132.53,0,0,2
2026-08-28,10,2026-08-28T05:57:21.400142-05:00,2026-08-28T08:09:10.325021-05:00,131.82,0,0,6
2026-08-28,11,2026-08-28T05:58:05.626506-05:00,2026-08-28T08:11:27.196465-05:00,133.36,0,1,1
2026-08-28,12,2026-08-28T05:58:56.257425-05:00,2026-08-28T08:12:54.491036-05:00,133.97,0,1,4
2026-08-28,14,2026-08-28T06:00:00.031744-05:00,2026-08-28T08:12:57.175036-05:00,132.95,0,0,3
2026-08-28,13,2026-08-28T06:00:05.172231-05:00,2026-08-28T08:17:23.540511-05:00,137.31,0,0,6
2026-08-28,15,2026-08-28T06:00:19.976135-05:00,2026-08-28T08:18:44.692295-05:00,138.41,0,1,2
2026-08-28,90,2026-08-28T08:19:10.549779-05:00,2026-08-28T08:20:46.626595-05:00,1.6,1,1,5
2026-08-28,16,2026-08-28T06:00:42.998765-05:00,2026-08-28T08:23:52.716722-05:00,143.16,0,1,4
2026-08-28,17,2026-08-28T06:01:40.198574-05:00,2026-08-28T08:27:49.486737-05:00,146.15,0,0,3
2026-08-28,18,2026-08-28T06:02:13.987480-05:00,2026-08-28T08:29:58.691192-05:00,147.75,0,0,6
2026-08-28,19,2026-08-28T06:07:21.154368-05:00,2026-08-28T08:36:33.829524-05:00,149.21,0,0,5
2026-08-28,21,2026-08-28T06:07:54.824055-05:00,2026-08-28T08:37:14.392836-05:00,149.33,0,0,2
2026-08-28,100,2026-08-28T08:39:58.622938-05:00,2026-08-28T08:40:48.125201-05:00,0.83,1,0,3
2026-08-28,22,2026-08-28T06:09:58.592701-05:00,2026-08-28T08:40:50.193341-05:00,150.86,0,1,6
2026-08-28,24,2026-08-28T06:11:09.089811-05:00,2026-08-28T08:42:18.516452-05:00,151.16,0,0,2
2026-08-28,23,2026-08-28T06:11:28.706964-05:00,2026-08-28T08:45:48.525814-05:00,154.33,0,0,4
2026-08-28,25,2026-08-28T06:16:02.016220-05:00,2026-08-28T08:51:19.508397-05:00,155.29,0,0,2
2026-08-28,26,2026-08-28T06:17:06.723907-05:00,2026-08-28T08:53:20.016905-05:00,156.22,0,0,1
2026-08-28,27,2026-08-28T06:17:10.873458-05:00,2026-08-28T08:54:24.891479-05:00,157.23,0,1,4
2026-08-28,28,2026-08-28T06:19:42.950421-05:00,2026-08-28T09:02:09.238696-05:00,162.44,0,1,6
2026-08-28,29,2026-08-28T06:23:17.784384-05:00,2026-08-28T09:03:25.893509-05:00,160.14,0,0,1
2026-08-28,30,2026-08-28T06:23:49.442438-05:00,2026-08-28T09:04:05.140734-05:00,160.26,0,1,3
2026-08-28,32,2026-08-28T06:25:05.166536-05:00,2026-08-28T09:05:02.477267-05:00,159.96,0,1,5
2026-08-28,34,2026-08-28T06:27:15.583097-05:00,2026-08-28T09:05:29.173017-05:00,158.23,0,1,4
2026-08-28,35,2026-08-28T06:29:58.217762-05:00,2026-08-28T09:08:56.864861-05:00,158.98,0,1,2
2026-08-28,36,2026-08-28T06:31:03.758476-05:00,2026-08-28T09:14:50.066506-05:00,163.77,0,0,4
2026-08-28,38,2026-08-28T06:32:10.549543-05:00,2026-08-28T09:19:13.764481-05:00,167.05,0,0,2
2026-08-28,39,2026-08-28T06:32:21.195980-05:00,2026-08-28T09:19:22.113069-05:00,167.02,0,0,5
2026-08-28,37,2026-08-28T06:32:26.118432-05:00,2026-08-28T09:19:42.091991-05:00,167.27,0,0,6
2026-08-28,40,2026-08-28T06:33:00.928359-05:00,2026-08-28T09:20:40.439355-05:00,167.66,0,0,3
2026-08-28,41,2026-08-28T06:33:49.604855-05:00,2026-08-28T09:24:22.729967-05:00,170.55,0,0,1
2026-08-28,115,2026-08-28T09:25:23.501231-05:00,2026-08-28T09:25:51.514965-05:00,0.47,1,0,2
2026-08-28,42,2026-08-28T06:34:11.079609-05:00,2026-08-28T09:27:36.659400-05:00,173.43,0,0,6
2026-08-28,43,2026-08-28T06:39:33.169567-05:00,2026-08-28T09:34:41.291651-05:00,175.14,0,1,5
2026-08-28,44,2026-08-28T06:40:09.520000-05:00,2026-08-28T09:35:05.951180-05:00,174.94,0,0,1
2026-08-28,45,2026-08-28T06:40:35.295752-05:00,2026-08-28T09:36:04.135619-05:00,175.48,0,0,2
2026-08-28,46,2026-08-28T06:43:15.670004-05:00,2026-08-28T09:38:52.827839-05:00,175.62,0,0,3
2026-08-28,47,2026-08-28T06:43:50.173171-05:00,2026-08-28T09:40:11.034409-05:00,176.35,0,0,4
2026-08-28,48,2026-08-28T06:43:56.156156-05:00,2026-08-28T09:43:28.601163-05:00,179.54,0,0,6
2026-08-28,49,2026-08-28T06:44:23.352193-05:00,2026-08-28T09:44:35.094093-05:00,180.2,0,1,3
2026-08-28,50,2026-08-28T06:44:41.260396-05:00,2026-08-28T09:46:21.687515-05:00,181.67,0,0,1
2026-08-28,51,2026-08-28T06:45:38.351459-05:00,2026-08-28T09:51:15.019224-05:00,185.61,0,0,6
2026-08-28,52,2026-08-28T06:48:17.667975-05:00,2026-08-28T09:53:04.097974-05:00,184.77,0,1,4
2026-08-28,53,2026-08-28T06:49:15.695883-05:00,2026-08-28T09:53:48.968227-05:00,184.55,0,0,2
2026-08-28,54,2026-08-28T06:49:37.440649-05:00,2026-08-28T09:54:20.255309-05:00,184.71,0,1,5
2026-08-28,55,2026-08-28T06:51:14.568175-05:00,2026-08-28T09:56:07.543808-05:00,184.88,0,0,1
2026-08-28,56,2026-08-28T06:52:43.962266-05:00,2026-08-28T09:57:58.992377-05:00,185.25,0,0,3
2026-08-28,57,2026-08-28T06:53:44.326340-05:00,2026-08-28T10:02:11.800336-05:00,188.46,0,1,6
2026-08-28,58,2026-08-28T06:54:12.274968-05:00,2026-08-28T10:03:16.575866-05:00,189.07,0,1,1
2026-08-28,60,2026-08-28T07:00:10.160700-05:00,2026-08-28T10:04:10.460617-05:00,184.0,0,1,2
2026-08-28,61,2026-08-28T07:01:27.675426-05:00,2026-08-28T10:05:02.103546-05:00,183.57,0,1,5
2026-08-28,62,2026-08-28T07:02:54.340278-05:00,2026-08-28T10:10:46.006760-05:00,187.86,0,0,3
2026-08-28,63,2026-08-28T07:05:02.540879-05:00,2026-08-28T10:15:22.601197-05:00,190.33,0,0,6
2026-08-28,65,2026-08-28T07:10:29.953357-05:00,2026-08-28T10:17:01.746539-05:00,186.53,0,1,3
2026-08-28,66,2026-08-28T07:11:29.183968-05:00,2026-08-28T10:18:18.922656-05:00,186.83,0,0,5
2026-08-28,67,2026-08-28T07:12:24.004247-05:00,2026-08-28T10:22:25.907912-05:00,190.03,0,0,2
2026-08-28,68,2026-08-28T07:12:27.134966-05:00,2026-08-28T10:22:51.357744-05:00,190.4,0,0,1
2026-08-28,69,2026-08-28T07:13:35.143644-05:00,2026-08-28T10:25:41.653738-05:00,192.11,0,1,6
2026-08-28,70,2026-08-28T07:15:05.832685-05:00,2026-08-28T10:26:43.589087-05:00,191.63,0,1,4
2026-08-28,71,2026-08-28T07:16:05.235084-05:00,2026-08-28T10:30:12.018622-05:00,194.11,0,0,3
2026-08-28,133,2026-08-28T10:31:30.477670-05:00,2026-08-28T10:36:12.443452-05:00,4.7,1,0,6
2026-08-28,72,2026-08-28T07:16:23.822026-05:00,2026-08-28T10:37:36.822105-05:00,201.22,0,0,5
2026-08-28,73,2026-08-28T07:18:13.106906-05:00,2026-08-28T10:38:16.756459-05:00,200.06,0,0,4
2026-08-28,74,2026-08-28T07:18:45.739658-05:00,2026-08-28T10:41:22.073591-05:00,202.61,0,1,1
2026-08-28,75,2026-08-28T07:23:33.053396-05:00,2026-08-28T10:41:23.029648-05:00,197.83,0,1,3
2026-08-28,76,2026-08-28T07:25:57.968983-05:00,2026-08-28T10:42:45.662451-05:00,196.79,0,0,2
2026-08-28,78,2026-08-28T07:27:48.271894-05:00,2026-08-28T10:47:16.740188-05:00,199.47,0,0,6
2026-08-28,79,2026-08-28T07:33:57.230182-05:00,2026-08-28T10:49:04.682807-05:00,195.12,0,0,4
2026-08-28,80,2026-08-28T07:38:58.600902-05:00,2026-08-28T10:50:52.688992-05:00,191.9,0,0,5
2026-08-28,81,2026-08-28T07:41:09.222762-05:00,2026-08-28T10:55:32.901780-05:00,194.39,0,1,2
2026-08-28,82,2026-08-28T07:47:07.009617-05:00,2026-08-28T10:55:58.282202-05:00,188.85,0,0,3
2026-08-28,84,2026-08-28T07:53:54.391612-05:00,2026-08-28T10:59:49.219882-05:00,185.91,0,0,1
2026-08-28,85,2026-08-28T08:03:50.044053-05:00,2026-08-28T11:03:12.065086-05:00,179.37,0,0,6
2026-08-28,86,2026-08-28T08:08:39.115035-05:00,2026-08-28T11:05:19.858966-05:00,176.68,0,1,5
2026-08-28,87,2026-08-28T08:10:54.542072-05:00,2026-08-28T11:06:28.089968-05:00,175.56,0,1,2
2026-08-28,88,2026-08-28T08:10:57.554251-05:00,2026-08-28T11:10:02.872862-05:00,179.09,0,0,1
2026-08-28,142,2026-08-28T11:12:10.614021-05:00,2026-08-28T11:14:03.297913-05:00,1.88,1,0,3
2026-08-28,89,2026-08-28T08:12:23.443706-05:00,2026-08-28T11:15:07.584381-05:00,182.74,0,0,4
2026-08-28,91,2026-08-28T08:21:34.123688-05:00,2026-08-28T11:15:42.048797-05:00,174.13,0,0,6
2026-08-28,92,2026-08-28T08:30:24.111729-05:00,2026-08-28T11:17:01.803780-05:00,166.63,0,1,5
2026-08-28,93,2026-08-28T08:31:46.883934-05:00,2026-08-28T11:18:04.652477-05:00,166.3,0,0,2
2026-08-28,94,2026-08-28T08:32:38.684662-05:00,2026-08-28T11:24:16.646715-05:00,171.63,0,0,6
2026-08-28,95,2026-08-28T08:33:32.551077-05:00,2026-08-28T11:24:41.336142-05:00,171.15,0,1,1
2026-08-28,96,2026-08-28T08:34:54.708621-05:00,2026-08-28T11:25:34.003416-05:00,170.65,0,1,4
2026-08-28,97,2026-08-28T08:36:45.374741-05:00,2026-08-28T11:35:39.973485-05:00,178.91,0,1,3
2026-08-28,98,2026-08-28T08:37:53.870831-05:00,2026-08-28T11:37:24.980277-05:00,179.52,0,1,1
2026-08-28,99,2026-08-28T08:38:22.452321-05:00,2026-08-28T11:37:36.636099-05:00,179.24,0,0,2
2026-08-28,101,2026-08-28T08:41:45.629476-05:00,2026-08-28T11:37:57.826828-05:00,176.2,0,0,4
2026-08-28,102,2026-08-28T08:44:13.239219-05:00,2026-08-28T11:41:33.459628-05:00,177.34,0,0,5
2026-08-28,103,2026-08-28T08:44:52.262729-05:00,2026-08-28T11:44:34.257820-05:00,179.7,0,0,4
2026-08-28,104,2026-08-28T08:45:36.132750-05:00,2026-08-28T11:47:25.636677-05:00,181.83,0,1,3
2026-08-28,105,2026-08-28T08:49:56.226939-05:00,2026-08-28T11:51:34.844287-05:00,181.64,0,0,5
2026-08-28,106,2026-08-28T08:53:28.732285-05:00,2026-08-28T11:53:37.292772-05:00,180.14,0,0,2
2026-08-28,107,2026-08-28T08:56:20.098348-05:00,2026-08-28T11:57:05.413240-05:00,180.76,0,1,1
2026-08-28,108,2026-08-28T09:07:34.299629-05:00,2026-08-28T11:59:55.135385-05:00,172.35,0,1,6
2026-08-28,109,2026-08-28T09:09:42.530062-05:00,2026-08-28T12:01:21.329014-05:00,171.65,0,0,3
2026-08-28,110,2026-08-28T09:10:24.796705-05:00,2026-08-28T12:04:10.478339-05:00,173.76,0,1,4
2026-08-28,111,2026-08-28T09:12:23.497092-05:00,2026-08-28T12:04:41.650428-05:00,172.3,0,1,5
2026-08-28,112,2026-08-28T09:16:19.720993-05:00,2026-08-28T12:09:00.226556-05:00,172.68,0,0,6
2026-08-28,113,2026-08-28T09:18:47.515105-05:00,2026-08-28T12:12:08.294993-05:00,173.35,0,0,4
2026-08-28,114,2026-08-28T09:19:24.038464-05:00,2026-08-28T12:12:18.415658-05:00,172.91,0,1,1
2026-08-28,116,2026-08-28T09:25:28.635505-05:00,2026-08-28T12:13:40.953404-05:00,168.21,0,0,5
2026-08-28,117,2026-08-28T09:31:14.805529-05:00,2026-08-28T12:14:58.011169-05:00,163.72,0,0,3
2026-08-28,118,2026-08-28T09:31:18.368487-05:00,2026-08-28T12:15:36.195901-05:00,164.3,0,0,6
2026-08-28,119,2026-08-28T09:31:59.668981-05:00,2026-08-28T12:18:17.501021-05:00,166.3,0,0,2
2026-08-28,120,2026-08-28T09:40:27.889049-05:00,2026-08-28T12:25:03.352922-05:00,164.59,0,1,5
2026-08-28,121,2026-08-28T09:49:27.813998-05:00,2026-08-28T12:25:25.518499-05:00,155.96,0,1,1
2026-08-28,122,2026-08-28T09:51:19.763420-05:00,2026-08-28T12:28:30.283404-05:00,157.18,0,0,2
2026-08-28,123,2026-08-28T09:52:08.513583-05:00,2026-08-28T12:29:34.651297-05:00,157.44,0,0,4
2026-08-28,124,2026-08-28T09:55:23.089447-05:00,2026-08-28T12:33:46.510887-05:00,158.39,0,1,6
2026-08-28,125,2026-08-28T09:59:58.813358-05:00,2026-08-28T12:33:54.825809-05:00,153.93,0,1,3
2026-08-28,126,2026-08-28T10:05:01.195866-05:00,2026-08-28T12:37:46.037151-05:00,152.75,0,0,2
2026-08-28,127,2026-08-28T10:14:53.705952-05:00,2026-08-28T12:42:15.398970-05:00,147.36,0,1,5
2026-08-28,128,2026-08-28T10:17:24.421764-05:00,2026-08-28T12:42:23.381046-05:00,144.98,0,1,4
2026-08-28,129,2026-08-28T10:25:59.674032-05:00,2026-08-28T12:47:05.349730-05:00,141.09,0,1,1
2026-08-28,131,2026-08-28T10:28:50.984113-05:00,2026-08-28T12:47:06.089458-05:00,138.25,0,0,3
2026-08-28,130,2026-08-28T10:28:56.527985-05:00,2026-08-28T12:47:06.950937-05:00,138.17,0,0,6
2026-08-28,132,2026-08-28T10:29:19.036880-05:00,2026-08-28T12:51:26.694029-05:00,142.13,0,0,2
2026-08-28,134,2026-08-28T10:31:34.801944-05:00,2026-08-28T12:52:54.479597-05:00,141.33,0,0,6
2026-08-28,135,2026-08-28T10:39:36.415788-05:00,2026-08-28T12:53:14.850219-05:00,133.64,0,1,1
2026-08-28,136,2026-08-28T10:49:41.684592-05:00,2026-08-28T13:00:05.596423-05:00,130.4,0,0,2
2026-08-28,137,2026-08-28T10:57:43.166909-05:00,2026-08-28T13:00:13.001881-05:00,122.5,0,0,5
2026-08-28,138,2026-08-28T11:01:03.291381-05:00,2026-08-28T13:01:51.439599-05:00,120.8,0,1,3
2026-08-28,139,2026-08-28T11:02:01.617354-05:00,2026-08-28T13:05:54.353414-05:00,123.88,0,1,4
2026-08-28,140,2026-08-28T11:06:25.981998-05:00,2026-08-28T13:07:09.219155-05:00,120.72,0,0,1
2026-08-28,141,2026-08-28T11:10:56.684916-05:00,2026-08-28T13:12:35.337991-05:00,121.64,0,1,3
2026-08-28,143,2026-08-28T11:15:07.935348-05:00,2026-08-28T13:15:02.989105-05:00,119.92,0,0,2
2026-08-28,144,2026-08-28T12:09:51.854949-05:00,2026-08-28T13:16:28.398177-05:00,66.61,0,0,4
2026-08-28,145,2026-08-28T12:21:34.140899-05:00,2026-08-28T13:19:46.880556-05:00,58.21,0,0,6
2026-08-29,3,2026-08-29T05:39:51.023094-05:00,2026-08-29T07:36:00-05:00,116.15,1,0,1
2026-08-29,22,2026-08-29T06:07:36.344840-05:00,2026-08-29T07:36:00-05:00,88.39,1,1,2
2026-08-29,24,2026-08-29T06:09:30.130370-05:00,2026-08-29T07:36:00-05:00,86.5,1,0,3
2026-08-29,27,2026-08-29T06:12:04.958689-05:00,2026-08-29T07:36:00-05:00,83.92,1,1,4
2026-08-29,28,2026-08-29T06:12:38.423288-05:00,2026-08-29T07:36:00-05:00,83.36,1,1,5
2026-08-29,34,2026-08-29T06:18:33.940539-05:00,2026-08-29T07:36:00-05:00,77.43,1,0,6
2026-08-29,36,2026-08-29T06:19:27.179222-05:00,2026-08-29T07:45:42.107305-05:00,86.25,1,0,6
2026-08-29,41,2026-08-29T06:21:15.789544-05:00,2026-08-29T07:46:15.221253-05:00,84.99,1,0,3
2026-08-29,45,2026-08-29T06:25:59.469427-05:00,2026-08-29T07:46:24.480542-05:00,80.42,1,0,1
2026-08-29,47,2026-08-29T06:26:35.090490-05:00,2026-08-29T07:48:57.295491-05:00,82.37,1,0,5
2026-08-29,49,2026-08-29T06:28:52.536041-05:00,2026-08-29T07:50:40.576656-05:00,81.8,1,1,4
2026-08-29,52,2026-08-29T06:34:30.278336-05:00,2026-08-29T07:57:31.804176-05:00,83.03,1,0,3
2026-08-29,66,2026-08-29T06:44:23.935992-05:00,2026-08-29T07:58:07.506912-05:00,73.73,1,0,5
2026-08-29,69,2026-08-29T06:46:42.616148-05:00,2026-08-29T08:00:05.177534-05:00,73.38,1,0,6
2026-08-29,78,2026-08-29T06:53:43.121567-05:00,2026-08-29T08:02:29.175693-05:00,68.77,1,1,2
2026-08-29,84,2026-08-29T07:09:07.605865-05:00,2026-08-29T08:04:23.598164-05:00,55.27,1,1,4
2026-08-29,0,2026-08-29T05:30:14.475173-05:00,2026-08-29T08:04:34.763131-05:00,154.34,0,1,5
2026-08-29,99,2026-08-29T08:08:48.836677-05:00,2026-08-29T08:09:19.496207-05:00,0.51,1,1,1
2026-08-29,1,2026-08-29T05:35:42.324517-05:00,2026-08-29T08:14:39.569951-05:00,158.95,0,0,6
2026-08-29,2,2026-08-29T05:36:32.979051-05:00,2026-08-29T08:15:49.945810-05:00,159.28,0,0,2
2026-08-29,4,2026-08-29T05:41:40.859404-05:00,2026-08-29T08:16:09.316380-05:00,154.47,0,0,3
2026-08-29,104,2026-08-29T08:23:12.289979-05:00,2026-08-29T08:29:27.223146-05:00,6.25,1,0,5
2026-08-29,5,2026-08-29T05:43:26.662451-05:00,2026-08-29T08:31:00.387398-05:00,167.56,0,0,4
2026-08-29,6,2026-08-29T05:44:05.540209-05:00,2026-08-29T08:31:44.587760-05:00,167.65,0,1,3
2026-08-29,7,2026-08-29T05:45:39.431930-05:00,2026-08-29T08:31:45.402100-05:00,166.1,0,0,6
2026-08-29,8,2026-08-29T05:46:10.095850-05:00,2026-08-29T08:34:05.210075-05:00,167.92,0,1,1
2026-08-29,9,2026-08-29T05:50:19.389047-05:00,2026-08-29T08:34:58.463814-05:00,164.65,0,1,5
2026-08-29,10,2026-08-29T05:50:36.998968-05:00,2026-08-29T08:40:51.251222-05:00,170.24,0,0,4
2026-08-29,12,2026-08-29T05:53:40.204394-05:00,2026-08-29T08:41:02.235086-05:00,167.37,0,0,1
2026-08-29,11,2026-08-29T05:53:46.288681-05:00,2026-08-29T08:48:09.587821-05:00,174.39,0,0,6
2026-08-29,13,2026-08-29T05:56:06.460424-05:00,2026-08-29T08:48:43.804570-05:00,172.62,0,0,3
2026-08-29,15,2026-08-29T05:57:14.865407-05:00,2026-08-29T08:51:21.188646-05:00,174.11,0,1,4
2026-08-29,14,2026-08-29T05:57:16.291861-05:00,2026-08-29T08:55:46.293796-05:00,178.5,0,1,1
2026-08-29,16,2026-08-29T05:57:42.235577-05:00,2026-08-29T08:57:54.858937-05:00,180.21,0,0,6
2026-08-29,17,2026-08-29T06:00:28.251199-05:00,2026-08-29T08:59:09.371180-05:00,178.69,0,1,5
2026-08-29,18,2026-08-29T06:01:43.061012-05:00,2026-08-29T09:00:07.222245-05:00,178.4,0,1,4
2026-08-29,19,2026-08-29T06:03:45.508714-05:00,2026-08-29T09:00:31.659264-05:00,176.77,0,0,2
2026-08-29,20,2026-08-29T06:05:13.904733-05:00,2026-08-29T09:00:57.563315-05:00,175.73,0,1,1
2026-08-29,21,2026-08-29T06:06:57.307012-05:00,2026-08-29T09:04:27.343159-05:00,177.5,0,0,6
2026-08-29,23,2026-08-29T06:09:16.025983-05:00,2026-08-29T09:04:56.864668-05:00,175.68,0,0,3
2026-08-29,106,2026-08-29T09:05:01.323690-05:00,2026-08-29T09:11:00.227377-05:00,5.98,1,1,1
2026-08-29,25,2026-08-29T06:10:27.715859-05:00,2026-08-29T09:16:46.351849-05:00,186.31,0,0,3
2026-08-29,26,2026-08-29T06:12:17.168954-05:00,2026-08-29T09:17:28.447723-05:00,185.19,0,0,2
2026-08-29,29,2026-08-29T06:14:16.485050-05:00,2026-08-29T09:17:32.302134-05:00,183.26,0,1,1
2026-08-29,30,2026-08-29T06:14:34.354694-05:00,2026-08-29T09:17:52.835288-05:00,183.31,0,0,6
2026-08-29,31,2026-08-29T06:15:15.251974-05:00,2026-08-29T09:18:04.340423-05:00,182.82,0,1,5
2026-08-29,33,2026-08-29T06:17:31.675855-05:00,2026-08-29T09:19:20.024045-05:00,181.81,0,0,4
2026-08-29,32,2026-08-29T06:17:33.065549-05:00,2026-08-29T09:23:49.700536-05:00,186.28,0,0,3
2026-08-29,35,2026-08-29T06:19:17.273763-05:00,2026-08-29T09:29:01.414564-05:00,189.74,0,0,2
2026-08-29,37,2026-08-29T06:20:45.808480-05:00,2026-08-29T09:33:27.974218-05:00,192.7,0,0,5
2026-08-29,38,2026-08-29T06:20:57.042288-05:00,2026-08-29T09:34:41.665468-05:00,193.74,0,1,1
2026-08-29,39,2026-08-29T06:21:08.731983-05:00,2026-08-29T09:35:47.315048-05:00,194.64,0,0,3
2026-08-29,40,2026-08-29T06:21:17.041369-05:00,2026-08-29T09:37:17.618642-05:00,196.01,0,1,4
2026-08-29,42,2026-08-29T06:21:49.398426-05:00,2026-08-29T09:38:11.546797-05:00,196.37,0,0,6
2026-08-29,43,2026-08-29T06:22:01.875126-05:00,2026-08-29T09:42:45.147652-05:00,200.72,0,0,1
2026-08-29,44,2026-08-29T06:24:50.776132-05:00,2026-08-29T09:44:42.194607-05:00,199.86,0,1,3
2026-08-29,46,2026-08-29T06:26:20.808398-05:00,2026-08-29T09:46:05.400349-05:00,199.74,0,0,4
2026-08-29,48,2026-08-29T06:27:26.074601-05:00,2026-08-29T09:50:16.650290-05:00,202.84,0,0,6
2026-08-29,50,2026-08-29T06:30:21.843625-05:00,2026-08-29T09:53:54.628836-05:00,203.55,0,0,2
2026-08-29,51,2026-08-29T06:33:04.421268-05:00,2026-08-29T09:54:29.490320-05:00,201.42,0,0,5
2026-08-29,53,2026-08-29T06:35:58.228522-05:00,2026-08-29T09:55:01.952743-05:00,199.06,0,1,1
2026-08-29,54,2026-08-29T06:36:50.831703-05:00,2026-08-29T09:57:58.694270-05:00,201.13,0,0,6
2026-08-29,55,2026-08-29T06:36:56.644663-05:00,2026-08-29T09:58:02.152515-05:00,201.09,0,1,4
2026-08-29,56,2026-08-29T06:37:05.510806-05:00,2026-08-29T10:00:38.575483-05:00,203.55,0,1,1
2026-08-29,57,2026-08-29T06:37:21.023070-05:00,2026-08-29T10:03:00.853638-05:00,205.66,0,1,2
2026-08-29,58,2026-08-29T06:37:33.233435-05:00,2026-08-29T10:08:13.634368-05:00,210.67,0,0,5
2026-08-29,59,2026-08-29T06:38:10.499182-05:00,2026-08-29T10:09:03.098732-05:00,210.88,0,0,3
2026-08-29,60,2026-08-29T06:38:29.454196-05:00,2026-08-29T10:10:41.496813-05:00,212.2,0,1,1
2026-08-29,62,2026-08-29T06:39:12.629875-05:00,2026-08-29T10:11:35.161041-05:00,212.38,0,0,6
2026-08-29,61,2026-08-29T06:39:18.715773-05:00,2026-08-29T10:14:33.758745-05:00,215.25,0,1,4
2026-08-29,63,2026-08-29T06:41:46.052641-05:00,2026-08-29T10:16:58.183599-05:00,215.2,0,1,5
2026-08-29,64,2026-08-29T06:42:18.020234-05:00,2026-08-29T10:17:08.241343-05:00,214.84,0,0,1
2026-08-29,65,2026-08-29T06:43:22.866296-05:00,2026-08-29T10:22:22.638382-05:00,219.0,0,1,3
2026-08-29,67,2026-08-29T06:44:47.777062-05:00,2026-08-29T10:23:05.321286-05:00,218.29,0,0,2
2026-08-29,68,2026-08-29T06:45:55.878403-05:00,2026-08-29T10:23:46.727033-05:00,217.85,0,0,6
2026-08-29,70,2026-08-29T06:46:32.887299-05:00,2026-08-29T10:30:29.505548-05:00,223.94,0,0,6
2026-08-29,71,2026-08-29T06:47:59.992791-05:00,2026-08-29T10:31:47.696668-05:00,223.8,0,1,1
2026-08-29,72,2026-08-29T06:48:48.457177-05:00,2026-08-29T10:32:45.247584-05:00,223.95,0,0,5
2026-08-29,74,2026-08-29T06:49:16.492447-05:00,2026-08-29T10:33:08.534455-05:00,223.87,0,0,3
2026-08-29,73,2026-08-29T06:49:29.431309-05:00,2026-08-29T10:33:46.102744-05:00,224.28,0,0,2
2026-08-29,75,2026-08-29T06:50:46.093484-05:00,2026-08-29T10:37:59.752368-05:00,227.23,0,1,6
2026-08-29,76,2026-08-29T06:51:22.524806-05:00,2026-08-29T10:39:59.792361-05:00,228.62,0,0,1
2026-08-29,77,2026-08-29T06:52:30.898057-05:00,2026-08-29T10:45:02.776538-05:00,232.53,0,0,4
2026-08-29,79,2026-08-29T06:55:04.076736-05:00,2026-08-29T10:46:00.382573-05:00,230.94,0,0,5
2026-08-29,80,2026-08-29T06:59:44.767612-05:00,2026-08-29T10:46:54.493016-05:00,227.16,0,0,2
2026-08-29,125,2026-08-29T10:48:39.023580-05:00,2026-08-29T10:49:40.463719-05:00,1.02,1,0,1
2026-08-29,81,2026-08-29T06:59:59.395128-05:00,2026-08-29T10:51:46.827856-05:00,231.79,0,0,3
2026-08-29,82,2026-08-29T07:03:04.726225-05:00,2026-08-29T10:54:33.484464-05:00,231.48,0,1,6
2026-08-29,83,2026-08-29T07:04:07.055869-05:00,2026-08-29T10:54:56.120421-05:00,230.82,0,1,5
2026-08-29,85,2026-08-29T07:12:12.944911-05:00,2026-08-29T10:59:06.072885-05:00,226.89,0,0,1
2026-08-29,86,2026-08-29T07:22:49.806940-05:00,2026-08-29T10:59:55.552539-05:00,217.1,0,0,3
2026-08-29,87,2026-08-29T07:25:40.363107-05:00,2026-08-29T11:03:17.102803-05:00,217.61,0,0,5
2026-08-29,88,2026-08-29T07:27:15.948011-05:00,2026-08-29T11:09:35.152395-05:00,222.32,0,1,6
2026-08-29,89,2026-08-29T07:27:31.294616-05:00,2026-08-29T11:10:22.698679-05:00,222.86,0,0,4
2026-08-29,90,2026-08-29T07:29:08.256525-05:00,2026-08-29T11:12:13.562108-05:00,223.09,0,0,5
2026-08-29,91,2026-08-29T07:31:47.068241-05:00,2026-08-29T11:14:39.818296-05:00,222.88,0,1,2
2026-08-29,92,2026-08-29T07:34:56.040586-05:00,2026-08-29T11:18:29.558645-05:00,223.56,0,1,3
2026-08-29,93,2026-08-29T07:36:18.173211-05:00,2026-08-29T11:20:23.929988-05:00,224.1,0,0,4
2026-08-29,94,2026-08-29T07:40:29.641202-05:00,2026-08-29T11:20:26.043200-05:00,219.94,0,0,5
2026-08-29,95,2026-08-29T07:41:47.195933-05:00,2026-08-29T11:23:16.060905-05:00,221.48,0,1,1
2026-08-29,96,2026-08-29T07:52:44.131953-05:00,2026-08-29T11:26:18.695131-05:00,213.58,0,1,6
2026-08-29,97,2026-08-29T08:02:17.954443-05:00,2026-08-29T11:26:39.460829-05:00,204.36,0,1,4
2026-08-29,98,2026-08-29T08:05:22.036198-05:00,2026-08-29T11:33:02.247565-05:00,207.67,0,0,2
2026-08-29,100,2026-08-29T08:09:13.867652-05:00,2026-08-29T11:33:08.198615-05:00,203.91,0,0,5
2026-08-29,101,2026-08-29T08:13:02.079471-05:00,2026-08-29T11:33:28.484783-05:00,200.44,0,1,1
2026-08-29,102,2026-08-29T08:13:51.044731-05:00,2026-08-29T11:37:18.548954-05:00,203.46,0,1,3
2026-08-29,103,2026-08-29T08:14:15.615326-05:00,2026-08-29T11:38:07.512002-05:00,203.86,0,0,1
2026-08-29,105,2026-08-29T08:48:27.310763-05:00,2026-08-29T11:39:13.449119-05:00,170.77,0,0,6
2026-08-29,107,2026-08-29T09:06:18.745626-05:00,2026-08-29T11:41:24.851225-05:00,155.1,0,1,4
2026-08-29,108,2026-08-29T09:13:12.511042-05:00,2026-08-29T11:42:23.672780-05:00,149.19,0,0,2
2026-08-29,109,2026-08-29T09:24:36.112611-05:00,2026-08-29T11:42:23.748912-05:00,137.79,0,1,5
2026-08-29,110,2026-08-29T09:25:41.615547-05:00,2026-08-29T11:47:31.570161-05:00,141.83,0,0,1
2026-08-29,111,2026-08-29T09:25:53.808028-05:00,2026-08-29T11:49:46.708967-05:00,143.88,0,0,3
2026-08-29,112,2026-08-29T09:30:51.662584-05:00,2026-08-29T11:51:35.124198-05:00,140.72,0,0,6
2026-08-29,113,2026-08-29T09:33:37.922944-05:00,2026-08-29T11:57:44.190747-05:00,144.1,0,0,4
2026-08-29,114,2026-08-29T09:43:22.397895-05:00,2026-08-29T11:58:11.328843-05:00,134.82,0,1,6
2026-08-29,115,2026-08-29T09:50:48.771932-05:00,2026-08-29T12:00:11.845371-05:00,129.38,0,1,2
2026-08-29,116,2026-08-29T09:51:14.172454-05:00,2026-08-29T12:00:32.951998-05:00,129.31,0,0,5
2026-08-29,117,2026-08-29T09:59:34.938592-05:00,2026-08-29T12:03:09.231725-05:00,123.57,0,0,3
2026-08-29,118,2026-08-29T10:15:55.895910-05:00,2026-08-29T12:07:39.242613-05:00,111.72,0,1,2
2026-08-29,119,2026-08-29T10:17:06.071540-05:00,2026-08-29T12:10:08.199844-05:00,113.04,0,0,4
2026-08-29,120,2026-08-29T10:19:54.763775-05:00,2026-08-29T12:11:38.278548-05:00,111.73,0,1,5
2026-08-29,121,2026-08-29T10:22:51.638552-05:00,2026-08-29T12:12:44.284333-05:00,109.88,0,1,6
2026-08-29,122,2026-08-29T10:25:31.740040-05:00,2026-08-29T12:15:24.952250-05:00,109.89,0,0,1
2026-08-29,123,2026-08-29T10:41:38.734998-05:00,2026-08-29T12:16:08.764266-05:00,94.5,0,0,3
2026-08-29,124,2026-08-29T10:42:22.350594-05:00,2026-08-29T12:18:23.384665-05:00,96.02,0,1,2
2026-08-29,126,2026-08-29T11:12:02.199698-05:00,2026-08-29T12:19:54.753107-05:00,67.88,0,0,5
2026-08-29,127,2026-08-29T11:20:15.316317-05:00,2026-08-29T12:22:42.267018-05:00,62.45,0,1,1
2026-08-29,128,2026-08-29T11:21:08.167663-05:00,2026-08-29T12:29:09.175737-05:00,68.02,0,0,4
2026-08-29,129,2026-08-29T11:22:55.406452-05:00,2026-08-29T12:29:17.591390-05:00,66.37,0,0,3
2026-08-29,130,2026-08-29T11:24:38.862130-05:00,2026-08-29T12:30:59.074507-05:00,66.34,0,1,2
2026-08-29,131,2026-08-29T11:29:50.110543-05:00,2026-08-29T12:33:27.676233-05:00,63.63,0,0,1
2026-08-29,132,2026-08-29T11:31:58.067243-05:00,2026-08-29T12:38:07.275591-05:00,66.15,0,0,6
2026-08-29,133,2026-08-29T11:36:15.806573-05:00,2026-08-29T12:38:32.812911-05:00,62.28,0,1,4
2026-08-29,134,2026-08-29T11:41:21.517915-05:00,2026-08-29T12:38:37.293887-05:00,57.26,0,0,3
2026-08-29,135,2026-08-29T11:46:54.613974-05:00,2026-08-29T12:40:23.142272-05:00,53.48,0,0,5
2026-08-29,136,2026-08-29T11:59:32.992774-05:00,2026-08-29T12:42:09.994737-05:00,42.62,0,0,1
2026-08-29,137,2026-08-29T12:27:49.704463-05:00,2026-08-29T12:44:05.024733-05:00,16.26,0,0,2
2026-08-31,27,2026-08-31T06:05:18.969440-05:00,2026-08-31T07:36:00-05:00,90.68,1,0,1
2026-08-31,41,2026-08-31T06:22:43.537185-05:00,2026-08-31T07:36:00-05:00,73.27,1,1,2
2026-08-31,60,2026-08-31T06:46:06.257977-05:00,2026-08-31T07:36:00-05:00,49.9,1,0,3
2026-08-31,0,2026-08-31T05:31:29.468669-05:00,2026-08-31T07:36:00-05:00,124.51,0,1,4
2026-08-31,1,2026-08-31T05:33:05.368779-05:00,2026-08-31T07:36:00-05:00,122.91,0,0,5
2026-08-31,2,2026-08-31T05:39:29.178939-05:00,2026-08-31T07:36:00-05:00,116.51,0,0,6
2026-08-31,4,2026-08-31T05:40:33.428227-05:00,2026-08-31T07:44:50.243232-05:00,124.28,0,1,5
2026-08-31,3,2026-08-31T05:40:55.632095-05:00,2026-08-31T07:45:41.569332-05:00,124.77,0,1,1
2026-08-31,82,2026-08-31T07:46:20.018301-05:00,2026-08-31T07:47:00.994332-05:00,0.68,1,1,3
2026-08-31,5,2026-08-31T05:42:05.457305-05:00,2026-08-31T07:50:36.721012-05:00,128.52,0,0,3
2026-08-31,6,2026-08-31T05:42:20.480703-05:00,2026-08-31T07:50:49.431910-05:00,128.48,0,0,6
2026-08-31,7,2026-08-31T05:44:23.822458-05:00,2026-08-31T07:51:52.662956-05:00,127.48,0,0,5
2026-08-31,86,2026-08-31T07:59:58.734497-05:00,2026-08-31T08:02:25.053405-05:00,2.44,1,1,3
2026-08-31,8,2026-08-31T05:45:19.172623-05:00,2026-08-31T08:02:55.602815-05:00,137.61,0,0,6
2026-08-31,9,2026-08-31T05:48:45.020539-05:00,2026-08-31T08:03:10.176998-05:00,134.42,0,1,5
2026-08-31,10,2026-08-31T05:49:21.854883-05:00,2026-08-31T08:03:41.501628-05:00,134.33,0,0,4
2026-08-31,11,2026-08-31T05:49:37.185292-05:00,2026-08-31T08:10:00.136196-05:00,140.38,0,1,1
2026-08-31,12,2026-08-31T05:51:50.651399-05:00,2026-08-31T08:12:28.961032-05:00,140.64,0,0,6
2026-08-31,13,2026-08-31T05:51:57.863242-05:00,2026-08-31T08:13:37.844728-05:00,141.67,0,0,5
2026-08-31,14,2026-08-31T05:52:29.653691-05:00,2026-08-31T08:13:58.487415-05:00,141.48,0,0,4
2026-08-31,16,2026-08-31T05:52:38.023001-05:00,2026-08-31T08:16:06.271867-05:00,143.47,0,0,3
2026-08-31,15,2026-08-31T05:52:40.928435-05:00,2026-08-31T08:16:58.680648-05:00,144.3,0,0,1
2026-08-31,17,2026-08-31T05:57:56.566063-05:00,2026-08-31T08:19:25.522952-05:00,141.48,0,0,2
2026-08-31,18,2026-08-31T05:58:12.769623-05:00,2026-08-31T08:26:17.522462-05:00,148.08,0,1,1
2026-08-31,20,2026-08-31T05:58:33.648718-05:00,2026-08-31T08:30:14.013944-05:00,151.67,0,0,4
2026-08-31,19,2026-08-31T05:58:38.218459-05:00,2026-08-31T08:35:47.832565-05:00,157.16,0,0,3
2026-08-31,21,2026-08-31T05:58:40.180770-05:00,2026-08-31T08:35:52.299341-05:00,157.2,0,1,2
2026-08-31,22,2026-08-31T06:01:49.032992-05:00,2026-08-31T08:36:20.629007-05:00,154.53,0,0,6
2026-08-31,23,2026-08-31T06:02:05.010575-05:00,2026-08-31T08:38:11.274371-05:00,156.1,0,0,4
2026-08-31,24,2026-08-31T06:02:48.243741-05:00,2026-08-31T08:43:22.408902-05:00,160.57,0,1,5
2026-08-31,25,2026-08-31T06:02:49.720459-05:00,2026-08-31T08:45:39.776200-05:00,162.83,0,1,2
2026-08-31,26,2026-08-31T06:04:26.888388-05:00,2026-08-31T08:46:44.042872-05:00,162.29,0,1,6
2026-08-31,28,2026-08-31T06:05:38.124936-05:00,2026-08-31T08:49:32.511357-05:00,163.91,0,1,4
2026-08-31,29,2026-08-31T06:07:30.528930-05:00,2026-08-31T08:50:51.492333-05:00,163.35,0,0,2
2026-08-31,97,2026-08-31T08:51:23.479602-05:00,2026-08-31T08:52:48.606388-05:00,1.42,1,1,5
2026-08-31,100,2026-08-31T08:57:58.407241-05:00,2026-08-31T08:58:47.411802-05:00,0.82,1,1,6
2026-08-31,30,2026-08-31T06:08:08.956435-05:00,2026-08-31T08:58:50.806151-05:00,170.7,0,0,3
2026-08-31,31,2026-08-31T06:08:32.611627-05:00,2026-08-31T08:58:59.907260-05:00,170.45,0,0,4
2026-08-31,32,2026-08-31T06:09:27.489837-05:00,2026-08-31T08:59:08.720295-05:00,169.69,0,0,1
2026-08-31,101,2026-08-31T09:02:06.448090-05:00,2026-08-31T09:03:33.661177-05:00,1.45,1,0,2
2026-08-31,33,2026-08-31T06:11:07.006967-05:00,2026-08-31T09:04:00.366174-05:00,172.89,0,0,5
2026-08-31,102,2026-08-31T09:06:25.884851-05:00,2026-08-31T09:07:33.113243-05:00,1.12,1,1,4
2026-08-31,34,2026-08-31T06:11:51.088170-05:00,2026-08-31T09:10:10.040230-05:00,178.32,0,1,1
2026-08-31,35,2026-08-31T06:12:13.630479-05:00,2026-08-31T09:14:39.852428-05:00,182.44,0,0,2
2026-08-31,36,2026-08-31T06:16:12.563013-05:00,2026-08-31T09:14:48.935637-05:00,178.61,0,0,6
2026-08-31,37,2026-08-31T06:18:25.647815-05:00,2026-08-31T09:17:57.798586-05:00,179.54,0,0,3
2026-08-31,39,2026-08-31T06:20:09.486957-05:00,2026-08-31T09:21:14.828716-05:00,181.09,0,1,4
2026-08-31,38,2026-08-31T06:20:24.661891-05:00,2026-08-31T09:21:34.739979-05:00,181.17,0,0,6
2026-08-31,40,2026-08-31T06:21:13.574168-05:00,2026-08-31T09:23:56.456851-05:00,182.71,0,0,1
2026-08-31,42,2026-08-31T06:24:08.051894-05:00,2026-08-31T09:25:57.863736-05:00,181.83,0,1,5
2026-08-31,108,2026-08-31T09:26:44.196745-05:00,2026-08-31T09:28:00.497465-05:00,1.27,1,0,3
2026-08-31,43,2026-08-31T06:25:43.306394-05:00,2026-08-31T09:29:07.691430-05:00,183.41,0,0,2
2026-08-31,44,2026-08-31T06:28:08.957674-05:00,2026-08-31T09:32:26.332139-05:00,184.29,0,0,4
2026-08-31,45,2026-08-31T06:28:49.448265-05:00,2026-08-31T09:33:40.387712-05:00,184.85,0,0,6
2026-08-31,111,2026-08-31T09:34:24.778931-05:00,2026-08-31T09:36:53.087661-05:00,2.47,1,0,5
2026-08-31,46,2026-08-31T06:32:03.544815-05:00,2026-08-31T09:38:55.987548-05:00,186.87,0,0,2
2026-08-31,48,2026-08-31T06:35:16.464376-05:00,2026-08-31T09:38:59.303660-05:00,183.71,0,0,1
2026-08-31,47,2026-08-31T06:35:26.076212-05:00,2026-08-31T09:42:46.287112-05:00,187.34,0,0,6
2026-08-31,49,2026-08-31T06:35:47.329637-05:00,2026-08-31T09:45:43.607233-05:00,189.94,0,1,4
2026-08-31,50,2026-08-31T06:36:46.321154-05:00,2026-08-31T09:50:07.795921-05:00,193.36,0,0,5
2026-08-31,51,2026-08-31T06:36:55.248339-05:00,2026-08-31T09:52:16.309351-05:00,195.35,0,0,6
2026-08-31,52,2026-08-31T06:39:26.309232-05:00,2026-08-31T09:54:20.459054-05:00,194.9,0,0,1
2026-08-31,53,2026-08-31T06:40:41.819291-05:00,2026-08-31T09:57:21.500265-05:00,196.66,0,0,6
2026-08-31,54,2026-08-31T06:41:00.365442-05:00,2026-08-31T09:58:24.914061-05:00,197.41,0,0,2
2026-08-31,55,2026-08-31T06:42:11.307421-05:00,2026-08-31T10:00:19.555551-05:00,198.14,0,0,4
2026-08-31,56,2026-08-31T06:42:59.898660-05:00,2026-08-31T10:01:16.523257-05:00,198.28,0,0,3
2026-08-31,57,2026-08-31T06:43:22.903079-05:00,2026-08-31T10:03:33.334241-05:00,200.17,0,1,5
2026-08-31,58,2026-08-31T06:45:25.610433-05:00,2026-08-31T10:03:50.914491-05:00,198.42,0,0,2
2026-08-31,59,2026-08-31T06:45:31.567625-05:00,2026-08-31T10:05:14.373992-05:00,199.71,0,0,6
2026-08-31,122,2026-08-31T10:08:25.950240-05:00,2026-08-31T10:10:23.849953-05:00,1.96,1,0,4
2026-08-31,61,2026-08-31T06:50:07.642994-05:00,2026-08-31T10:14:51.238930-05:00,204.73,0,0,1
2026-08-31,62,2026-08-31T06:50:41.101690-05:00,2026-08-31T10:17:37.024107-05:00,206.93,0,1,5
2026-08-31,63,2026-08-31T06:51:25.583487-05:00,2026-08-31T10:23:03.946128-05:00,211.64,0,0,3
2026-08-31,64,2026-08-31T06:55:12.341417-05:00,2026-08-31T10:23:58.177354-05:00,208.76,0,0,6
2026-08-31,65,2026-08-31T06:57:14.428906-05:00,2026-08-31T10:27:25.880321-05:00,210.19,0,0,1
2026-08-31,66,2026-08-31T06:58:45.373940-05:00,2026-08-31T10:30:29.066741-05:00,211.73,0,1,4
2026-08-31,67,2026-08-31T07:02:04.534590-05:00,2026-08-31T10:30:56.505431-05:00,208.87,0,0,3
2026-08-31,130,2026-08-31T10:37:41.668449-05:00,2026-08-31T10:37:45.081695-05:00,0.06,1,1,2
2026-08-31,69,2026-08-31T07:04:38.649356-05:00,2026-08-31T10:38:39.238978-05:00,214.01,0,0,5
2026-08-31,68,2026-08-31T07:04:57.264937-05:00,2026-08-31T10:39:27.546472-05:00,214.5,0,0,3
2026-08-31,70,2026-08-31T07:05:11.513323-05:00,2026-08-31T10:40:16.624417-05:00,215.09,0,1,6
2026-08-31,71,2026-08-31T07:06:06.329443-05:00,2026-08-31T10:41:59.180946-05:00,215.88,0,1,4
2026-08-31,72,2026-08-31T07:07:03.878687-05:00,2026-08-31T10:50:36.376959-05:00,223.54,0,0,1
2026-08-31,73,2026-08-31T07:08:03.825253-05:00,2026-08-31T10:50:56.990517-05:00,222.89,0,0,6
2026-08-31,75,2026-08-31T07:11:13.574591-05:00,2026-08-31T10:53:28.339799-05:00,222.25,0,0,3
2026-08-31,74,2026-08-31T07:11:27.952569-05:00,2026-08-31T10:54:22.622447-05:00,222.91,0,0,4
2026-08-31,76,2026-08-31T07:11:31.771787-05:00,2026-08-31T11:02:50.312847-05:00,231.31,0,0,4
2026-08-31,77,2026-08-31T07:15:14.573028-05:00,2026-08-31T11:03:16.935046-05:00,228.04,0,0,3
2026-08-31,78,2026-08-31T07:18:09.452705-05:00,2026-08-31T11:07:02.305482-05:00,228.88,0,0,6
2026-08-31,79,2026-08-31T07:25:51.865073-05:00,2026-08-31T11:11:32.237453-05:00,225.67,0,0,1
2026-08-31,80,2026-08-31T07:26:38.386136-05:00,2026-08-31T11:13:00.629721-05:00,226.37,0,1,4
2026-08-31,81,2026-08-31T07:35:23.460475-05:00,2026-08-31T11:16:53.966745-05:00,221.51,0,0,2
2026-08-31,83,2026-08-31T07:48:53.459669-05:00,2026-08-31T11:18:19.803551-05:00,209.44,0,0,3
2026-08-31,84,2026-08-31T07:53:41.282378-05:00,2026-08-31T11:21:46.284618-05:00,208.08,0,1,4
2026-08-31,85,2026-08-31T07:54:13.836432-05:00,2026-08-31T11:22:35.624075-05:00,208.36,0,1,5
2026-08-31,87,2026-08-31T08:17:36.578404-05:00,2026-08-31T11:22:40.287756-05:00,185.06,0,0,1
2026-08-31,88,2026-08-31T08:23:34.410755-05:00,2026-08-31T11:25:37.498684-05:00,182.05,0,0,2
2026-08-31,89,2026-08-31T08:32:56.893020-05:00,2026-08-31T11:26:21.695383-05:00,173.41,0,1,6
2026-08-31,90,2026-08-31T08:33:43.780253-05:00,2026-08-31T11:32:21.956848-05:00,178.64,0,0,3
2026-08-31,91,2026-08-31T08:35:17.811182-05:00,2026-08-31T11:37:39.532158-05:00,182.36,0,0,5
2026-08-31,92,2026-08-31T08:38:23.676922-05:00,2026-08-31T11:41:44.223727-05:00,183.34,0,0,6
2026-08-31,93,2026-08-31T08:39:05.824358-05:00,2026-08-31T11:42:26.491796-05:00,183.34,0,0,2
2026-08-31,94,2026-08-31T08:41:17.243654-05:00,2026-08-31T11:46:19.072802-05:00,185.03,0,0,1
2026-08-31,95,2026-08-31T08:45:42.317109-05:00,2026-08-31T11:47:26.411933-05:00,181.73,0,0,4
2026-08-31,96,2026-08-31T08:49:53.849540-05:00,2026-08-31T11:47:56.567798-05:00,178.05,0,1,3
2026-08-31,98,2026-08-31T08:54:08.210446-05:00,2026-08-31T11:51:30.498743-05:00,177.37,0,1,6
2026-08-31,99,2026-08-31T08:54:57.612884-05:00,2026-08-31T11:53:08.497439-05:00,178.18,0,0,2
2026-08-31,103,2026-08-31T09:13:25.097334-05:00,2026-08-31T11:53:38.992178-05:00,160.23,0,1,5
2026-08-31,104,2026-08-31T09:15:17.184906-05:00,2026-08-31T11:57:14.927258-05:00,161.96,0,0,2
2026-08-31,105,2026-08-31T09:16:42.290601-05:00,2026-08-31T11:57:39.330355-05:00,160.95,0,0,6
2026-08-31,106,2026-08-31T09:17:20.017835-05:00,2026-08-31T12:03:17.334397-05:00,165.96,0,1,1
2026-08-31,107,2026-08-31T09:26:12.386056-05:00,2026-08-31T12:05:56.257292-05:00,159.73,0,0,3
2026-08-31,109,2026-08-31T09:27:15.773011-05:00,2026-08-31T12:07:29.127492-05:00,160.22,0,0,5
2026-08-31,110,2026-08-31T09:32:10.652909-05:00,2026-08-31T12:07:48.065268-05:00,155.62,0,1,6
2026-08-31,112,2026-08-31T09:40:55.718017-05:00,2026-08-31T12:11:12.813967-05:00,150.28,0,0,2
2026-08-31,113,2026-08-31T09:50:04.432191-05:00,2026-08-31T12:12:17.361469-05:00,142.22,0,0,3
2026-08-31,114,2026-08-31T09:51:26.346816-05:00,2026-08-31T12:16:01.680618-05:00,144.59,0,0,4
2026-08-31,115,2026-08-31T09:51:35.114821-05:00,2026-08-31T12:18:10.175066-05:00,146.58,0,1,5
2026-08-31,116,2026-08-31T09:54:20.062020-05:00,2026-08-31T12:20:03.159559-05:00,145.72,0,1,6
2026-08-31,117,2026-08-31T09:58:04.494231-05:00,2026-08-31T12:20:04.634386-05:00,142.0,0,1,1
2026-08-31,118,2026-08-31T10:02:12.296431-05:00,2026-08-31T12:21:41.102809-05:00,139.48,0,1,3
2026-08-31,119,2026-08-31T10:03:24.983842-05:00,2026-08-31T12:26:49.494497-05:00,143.41,0,0,4
2026-08-31,120,2026-08-31T10:05:08.764754-05:00,2026-08-31T12:31:51.953982-05:00,146.72,0,1,1
2026-08-31,121,2026-08-31T10:07:35.338118-05:00,2026-08-31T12:32:46.932211-05:00,145.19,0,0,3
2026-08-31,123,2026-08-31T10:10:18.071893-05:00,2026-08-31T12:33:44.460055-05:00,143.44,0,0,6
2026-08-31,124,2026-08-31T10:16:30.844946-05:00,2026-08-31T12:36:29.496939-05:00,139.98,0,0,5
2026-08-31,125,2026-08-31T10:20:23.422215-05:00,2026-08-31T12:38:56.456835-05:00,138.55,0,1,3
2026-08-31,126,2026-08-31T10:26:09.101656-05:00,2026-08-31T12:39:06.258001-05:00,132.95,0,0,6
2026-08-31,127,2026-08-31T10:32:01.903863-05:00,2026-08-31T12:43:06.418645-05:00,131.08,0,1,4
2026-08-31,128,2026-08-31T10:33:18.783963-05:00,2026-08-31T12:44:45.402859-05:00,131.44,0,0,2
2026-08-31,129,2026-08-31T10:36:13.374571-05:00,2026-08-31T12:45:40.524129-05:00,129.45,0,0,1
2026-08-31,131,2026-08-31T10:49:30.602841-05:00,2026-08-31T12:46:49.721312-05:00,117.32,0,1,5
2026-08-31,132,2026-08-31T10:51:10.203102-05:00,2026-08-31T12:48:28.369997-05:00,117.3,0,0,3
2026-08-31,133,2026-08-31T10:52:39.494876-05:00,2026-08-31T12:50:20.981095-05:00,117.69,0,0,6
2026-08-31,134,2026-08-31T10:54:16.546875-05:00,2026-08-31T12:52:23.047465-05:00,118.11,0,1,4
2026-08-31,135,2026-08-31T10:54:29.186229-05:00,2026-08-31T12:56:38.712646-05:00,122.16,0,0,2
2026-08-31,136,2026-08-31T11:02:39.355596-05:00,2026-08-31T12:57:40.773548-05:00,115.02,0,0,6
2026-08-31,137,2026-08-31T11:04:26.668387-05:00,2026-08-31T13:02:24.720903-05:00,117.97,0,0,1
2026-08-31,138,2026-08-31T11:06:22.969514-05:00,2026-08-31T13:03:10.301053-05:00,116.79,0,0,5
2026-08-31,139,2026-08-31T11:15:08.205975-05:00,2026-08-31T13:03:41.961793-05:00,108.56,0,0,4
2026-08-31,140,2026-08-31T11:16:14.329746-05:00,2026-08-31T13:08:47.376234-05:00,112.55,0,1,2
2026-08-31,141,2026-08-31T11:36:35.556167-05:00,2026-08-31T13:11:16.019771-05:00,94.67,0,0,6
2026-08-31,142,2026-08-31T11:56:40.347442-05:00,2026-08-31T13:12:38.029304-05:00,75.96,0,0,3
2026-08-31,143,2026-08-31T12:02:42.702168-05:00,2026-08-31T13:15:21.115881-05:00,72.64,0,0,4
2026-08-31,144,2026-08-31T12:09:10.431876-05:00,2026-08-31T13:17:18.679790-05:00,68.14,0,0,5
2026-08-31,145,2026-08-31T12:17:31.582154-05:00,2026-08-31T13:18:10.876586-05:00,60.65,0,1,1
2026-08-31,146,2026-08-31T12:29:28.972066-05:00,2026-08-31T13:24:07.561648-05:00,54.64,0,1,4
2026-09-01,2,2026-09-01T05:34:12.973531-05:00,2026-09-01T07:36:00-05:00,121.78,1,1,1
2026-09-01,8,2026-09-01T05:42:50.289864-05:00,2026-09-01T07:36:00-05:00,113.16,1,0,2
2026-09-01,24,2026-09-01T06:07:18.791627-05:00,2026-09-01T07:36:00-05:00,88.69,1,1,3
2026-09-01,44,2026-09-01T06:34:19.661235-05:00,2026-09-01T07:36:00-05:00,61.67,1,0,4
2026-09-01,49,2026-09-01T06:42:53.269728-05:00,2026-09-01T07:36:00-05:00,53.11,1,0,5
2026-09-01,53,2026-09-01T06:48:31.546976-05:00,2026-09-01T07:36:00-05:00,47.47,1,0,6
2026-09-01,55,2026-09-01T06:51:17.280766-05:00,2026-09-01T07:44:11.332466-05:00,52.9,1,0,6
2026-09-01,66,2026-09-01T07:13:01.301713-05:00,2026-09-01T07:46:26.297329-05:00,33.42,1,0,2
2026-09-01,0,2026-09-01T05:30:55.073716-05:00,2026-09-01T07:46:42.675669-05:00,135.79,0,1,3
2026-09-01,1,2026-09-01T05:33:34.816512-05:00,2026-09-01T07:47:02.430028-05:00,133.46,0,0,4
2026-09-01,4,2026-09-01T05:38:48.019896-05:00,2026-09-01T07:48:13.947860-05:00,129.43,0,0,5
2026-09-01,78,2026-09-01T07:54:18.972318-05:00,2026-09-01T07:55:04.844574-05:00,0.76,1,0,1
2026-09-01,79,2026-09-01T07:56:42.825295-05:00,2026-09-01T07:56:51.607386-05:00,0.15,1,0,6
2026-09-01,3,2026-09-01T05:38:55.562791-05:00,2026-09-01T08:03:24.098442-05:00,144.48,0,0,3
2026-09-01,5,2026-09-01T05:39:11.702930-05:00,2026-09-01T08:04:22.315477-05:00,145.18,0,0,5
2026-09-01,6,2026-09-01T05:41:35.475225-05:00,2026-09-01T08:08:40.584483-05:00,147.09,0,0,4
2026-09-01,7,2026-09-01T05:42:23.153833-05:00,2026-09-01T08:11:42.381451-05:00,149.32,0,0,2
2026-09-01,9,2026-09-01T05:47:03.252852-05:00,2026-09-01T08:11:46.721299-05:00,144.72,0,1,6
2026-09-01,10,2026-09-01T05:47:33.406589-05:00,2026-09-01T08:16:40.231853-05:00,149.11,0,0,3
2026-09-01,11,2026-09-01T05:51:34.670885-05:00,2026-09-01T08:19:45.157240-05:00,148.17,0,0,1
2026-09-01,12,2026-09-01T05:53:16.638789-05:00,2026-09-01T08:20:42.721867-05:00,147.43,0,0,2
2026-09-01,13,2026-09-01T05:54:39.612121-05:00,2026-09-01T08:22:24.686981-05:00,147.75,0,0,5
2026-09-01,14,2026-09-01T05:56:19.235400-05:00,2026-09-01T08:24:21.825466-05:00,148.04,0,1,4
2026-09-01,15,2026-09-01T05:58:05.882748-05:00,2026-09-01T08:27:02.110883-05:00,148.94,0,1,6
2026-09-01,83,2026-09-01T08:28:31.308534-05:00,2026-09-01T08:34:16.679987-05:00,5.76,1,1,2
2026-09-01,82,2026-09-01T08:28:49.972875-05:00,2026-09-01T08:34:44.012132-05:00,5.9,1,0,5
2026-09-01,86,2026-09-01T08:33:33.693842-05:00,2026-09-01T08:37:01.077350-05:00,3.46,1,0,3
2026-09-01,16,2026-09-01T05:59:03.351595-05:00,2026-09-01T08:38:30.238770-05:00,159.45,0,1,4
2026-09-01,17,2026-09-01T05:59:24.821447-05:00,2026-09-01T08:41:12.740333-05:00,161.8,0,0,1
2026-09-01,18,2026-09-01T05:59:45.429531-05:00,2026-09-01T08:41:57.170024-05:00,162.2,0,0,6
2026-09-01,19,2026-09-01T06:01:23.470871-05:00,2026-09-01T08:42:24.700210-05:00,161.02,0,0,2
2026-09-01,20,2026-09-01T06:03:38.163164-05:00,2026-09-01T08:45:53.880101-05:00,162.26,0,0,4
2026-09-01,21,2026-09-01T06:03:52.322356-05:00,2026-09-01T08:47:14.104190-05:00,163.36,0,1,1
2026-09-01,22,2026-09-01T06:04:49.373903-05:00,2026-09-01T08:51:12.041648-05:00,166.38,0,1,5
2026-09-01,23,2026-09-01T06:05:17.995425-05:00,2026-09-01T08:51:58.123123-05:00,166.67,0,0,3
2026-09-01,25,2026-09-01T06:07:43.375051-05:00,2026-09-01T08:55:12.777135-05:00,167.49,0,0,2
2026-09-01,26,2026-09-01T06:09:04.063301-05:00,2026-09-01T08:56:09.191848-05:00,167.09,0,0,6
2026-09-01,27,2026-09-01T06:09:39.583316-05:00,2026-09-01T08:58:05.908907-05:00,168.44,0,1,4
2026-09-01,28,2026-09-01T06:11:29.426200-05:00,2026-09-01T08:59:42.810746-05:00,168.22,0,0,3
2026-09-01,30,2026-09-01T06:14:12.885228-05:00,2026-09-01T09:01:19.815133-05:00,167.12,0,1,5
2026-09-01,29,2026-09-01T06:14:13.702657-05:00,2026-09-01T09:08:13.496839-05:00,174.0,0,0,1
2026-09-01,31,2026-09-01T06:16:53.878764-05:00,2026-09-01T09:09:00.500114-05:00,172.11,0,0,6
2026-09-01,94,2026-09-01T09:09:15.299259-05:00,2026-09-01T09:09:47.135200-05:00,0.53,1,0,3
2026-09-01,32,2026-09-01T06:17:07.248471-05:00,2026-09-01T09:12:23.219249-05:00,175.27,0,0,2
2026-09-01,33,2026-09-01T06:19:10.438287-05:00,2026-09-01T09:15:06.190272-05:00,175.93,0,1,4
2026-09-01,34,2026-09-01T06:21:58.496022-05:00,2026-09-01T09:15:12.066627-05:00,173.23,0,0,1
2026-09-01,35,2026-09-01T06:23:20.615569-05:00,2026-09-01T09:21:07.387278-05:00,177.78,0,0,2
2026-09-01,36,2026-09-01T06:25:15.726297-05:00,2026-09-01T09:23:43.433534-05:00,178.46,0,0,3
2026-09-01,37,2026-09-01T06:26:37.547670-05:00,2026-09-01T09:26:40.332097-05:00,180.05,0,1,6
2026-09-01,38,2026-09-01T06:27:26.608835-05:00,2026-09-01T09:26:48.265476-05:00,179.36,0,1,1
2026-09-01,40,2026-09-01T06:28:13.140342-05:00,2026-09-01T09:27:50.155106-05:00,179.62,0,0,5
2026-09-01,39,2026-09-01T06:28:18.383119-05:00,2026-09-01T09:28:07.674064-05:00,179.82,0,0,4
2026-09-01,41,2026-09-01T06:28:53.158986-05:00,2026-09-01T09:32:51.515030-05:00,183.97,0,1,3
2026-09-01,42,2026-09-01T06:32:31.290135-05:00,2026-09-01T09:40:17.933795-05:00,187.78,0,0,5
2026-09-01,43,2026-09-01T06:33:24.345621-05:00,2026-09-01T09:41:37.345542-05:00,188.22,0,1,2
2026-09-01,45,2026-09-01T06:34:08.930714-05:00,2026-09-01T09:43:15.564707-05:00,189.11,0,0,1
2026-09-01,46,2026-09-01T06:35:49.987783-05:00,2026-09-01T09:43:33.664831-05:00,187.73,0,0,6
2026-09-01,47,2026-09-01T06:38:10.874706-05:00,2026-09-01T09:44:32.383750-05:00,186.36,0,0,3
2026-09-01,48,2026-09-01T06:39:50.471346-05:00,2026-09-01T09:45:49.964393-05:00,185.99,0,0,4
2026-09-01,50,2026-09-01T06:43:37.131591-05:00,2026-09-01T09:52:22.881924-05:00,188.76,0,0,5
2026-09-01,52,2026-09-01T06:46:18.860673-05:00,2026-09-01T09:55:05.889007-05:00,188.78,0,0,6
2026-09-01,51,2026-09-01T06:46:23.719903-05:00,2026-09-01T09:56:17.746127-05:00,189.9,0,0,1
2026-09-01,54,2026-09-01T06:50:40.105277-05:00,2026-09-01T09:56:51.198774-05:00,186.18,0,0,2
2026-09-01,56,2026-09-01T06:54:55.796583-05:00,2026-09-01T09:57:35.093968-05:00,182.65,0,0,4
2026-09-01,57,2026-09-01T06:55:15.162444-05:00,2026-09-01T09:59:08.355531-05:00,183.89,0,0,3
2026-09-01,58,2026-09-01T06:55:55.446594-05:00,2026-09-01T10:05:12.587655-05:00,189.29,0,0,6
2026-09-01,60,2026-09-01T06:59:36.403894-05:00,2026-09-01T10:07:23.786184-05:00,187.79,0,1,1
2026-09-01,110,2026-09-01T10:08:21.389823-05:00,2026-09-01T10:08:33.159773-05:00,0.2,1,0,4
2026-09-01,59,2026-09-01T06:59:38.701211-05:00,2026-09-01T10:12:30.845787-05:00,192.87,0,1,3
2026-09-01,61,2026-09-01T07:04:22.266032-05:00,2026-09-01T10:13:38.412825-05:00,189.27,0,0,5
2026-09-01,62,2026-09-01T07:05:20.895525-05:00,2026-09-01T10:16:08.313150-05:00,190.79,0,1,1
2026-09-01,63,2026-09-01T07:08:19.676416-05:00,2026-09-01T10:16:25.038674-05:00,188.09,0,1,2
2026-09-01,116,2026-09-01T10:16:41.172000-05:00,2026-09-01T10:17:00.728306-05:00,0.33,1,0,6
2026-09-01,64,2026-09-01T07:10:46.341923-05:00,2026-09-01T10:19:42.644581-05:00,188.94,0,0,1
2026-09-01,65,2026-09-01T07:11:59.245095-05:00,2026-09-01T10:20:39.177452-05:00,188.67,0,0,4
2026-09-01,67,2026-09-01T07:13:30.430960-05:00,2026-09-01T10:21:18.458064-05:00,187.8,0,0,3
2026-09-01,68,2026-09-01T07:14:06.538833-05:00,2026-09-01T10:27:31.406369-05:00,193.41,0,0,1
2026-09-01,69,2026-09-01T07:14:34.282175-05:00,2026-09-01T10:30:56.322386-05:00,196.37,0,1,2
2026-09-01,70,2026-09-01T07:16:40.328516-05:00,2026-09-01T10:31:37.347406-05:00,194.95,0,0,5
2026-09-01,71,2026-09-01T07:17:57.267698-05:00,2026-09-01T10:32:21.410184-05:00,194.4,0,1,3
2026-09-01,72,2026-09-01T07:20:39.245698-05:00,2026-09-01T10:37:39.001374-05:00,197.0,0,0,1
2026-09-01,73,2026-09-01T07:21:59.047520-05:00,2026-09-01T10:39:55.671729-05:00,197.94,0,0,4
2026-09-01,74,2026-09-01T07:22:54.048787-05:00,2026-09-01T10:42:37.301642-05:00,199.72,0,1,6
2026-09-01,75,2026-09-01T07:33:10.980769-05:00,2026-09-01T10:42:54.082196-05:00,189.72,0,1,2
2026-09-01,76,2026-09-01T07:38:08.685928-05:00,2026-09-01T10:43:11.773005-05:00,185.05,0,0,5
2026-09-01,77,2026-09-01T07:42:35.515762-05:00,2026-09-01T10:48:24.544266-05:00,185.82,0,0,1
2026-09-01,80,2026-09-01T07:58:28.036198-05:00,2026-09-01T10:49:58.491358-05:00,171.51,0,0,2
2026-09-01,81,2026-09-01T08:10:15.809246-05:00,2026-09-01T10:55:20.218647-05:00,165.07,0,0,3
2026-09-01,84,2026-09-01T08:33:27.269583-05:00,2026-09-01T10:55:47.589459-05:00,142.34,0,0,2
2026-09-01,85,2026-09-01T08:33:35.684901-05:00,2026-09-01T10:57:38.412475-05:00,144.05,0,1,5
2026-09-01,87,2026-09-01T08:46:26.652227-05:00,2026-09-01T11:01:15.982711-05:00,134.82,0,0,4
2026-09-01,88,2026-09-01T08:48:09.260143-05:00,2026-09-01T11:02:52.099763-05:00,134.71,0,1,2
2026-09-01,89,2026-09-01T08:55:01.900129-05:00,2026-09-01T11:02:59.159448-05:00,127.95,0,1,3
2026-09-01,90,2026-09-01T08:56:36.144290-05:00,2026-09-01T11:05:20.036186-05:00,128.73,0,0,6
2026-09-01,91,2026-09-01T08:56:54.258497-05:00,2026-09-01T11:06:17.634533-05:00,129.39,0,0,1
2026-09-01,92,2026-09-01T08:58:19.525848-05:00,2026-09-01T11:09:01.046414-05:00,130.69,0,0,3
2026-09-01,93,2026-09-01T09:03:38.680135-05:00,2026-09-01T11:10:20.731891-05:00,126.7,0,0,5
2026-09-01,95,2026-09-01T09:10:51.899476-05:00,2026-09-01T11:16:24.856155-05:00,125.55,0,0,6
2026-09-01,96,2026-09-01T09:10:54.741514-05:00,2026-09-01T11:19:08.213049-05:00,128.22,0,1,4
2026-09-01,97,2026-09-01T09:11:10.038496-05:00,2026-09-01T11:23:19.719693-05:00,132.16,0,0,5
2026-09-01,98,2026-09-01T09:11:49.924059-05:00,2026-09-01T11:25:38.733370-05:00,133.81,0,0,3
2026-09-01,99,2026-09-01T09:19:16.194204-05:00,2026-09-01T11:26:04.753678-05:00,126.81,0,0,6
2026-09-01,100,2026-09-01T09:19:44.119712-05:00,2026-09-01T11:31:01.863365-05:00,131.3,0,1,4
2026-09-01,101,2026-09-01T09:23:53.225311-05:00,2026-09-01T11:31:46.768525-05:00,127.89,0,0,3
2026-09-01,103,2026-09-01T09:26:05.650164-05:00,2026-09-01T11:32:52.711103-05:00,126.78,0,0,1
2026-09-01,102,2026-09-01T09:26:15.550906-05:00,2026-09-01T11:38:47.991215-05:00,132.54,0,0,2
2026-09-01,104,2026-09-01T09:29:38.497830-05:00,2026-09-01T11:41:21.747470-05:00,131.72,0,0,1
2026-09-01,105,2026-09-01T09:32:06.475329-05:00,2026-09-01T11:41:52.784382-05:00,129.77,0,1,5
2026-09-01,106,2026-09-01T09:40:24.700694-05:00,2026-09-01T11:42:02.431694-05:00,121.63,0,1,4
2026-09-01,107,2026-09-01T09:45:14.623117-05:00,2026-09-01T11:45:18.679837-05:00,120.07,0,0,6
2026-09-01,108,2026-09-01T09:46:49.806619-05:00,2026-09-01T11:47:44.570238-05:00,120.91,0,0,5
2026-09-01,109,2026-09-01T09:58:28.885766-05:00,2026-09-01T11:49:15.816524-05:00,110.78,0,0,4
2026-09-01,111,2026-09-01T10:09:11.928777-05:00,2026-09-01T11:49:36.550678-05:00,100.41,0,0,1
2026-09-01,112,2026-09-01T10:11:18.489245-05:00,2026-09-01T11:51:56.364991-05:00,100.63,0,0,2
2026-09-01,113,2026-09-01T10:11:45.623183-05:00,2026-09-01T11:52:25.831413-05:00,100.67,0,0,3
2026-09-01,114,2026-09-01T10:13:27.058763-05:00,2026-09-01T11:56:43.864296-05:00,103.28,0,0,1
2026-09-01,115,2026-09-01T10:16:05.821396-05:00,2026-09-01T11:58:45.502083-05:00,102.66,0,0,4
2026-09-01,117,2026-09-01T10:20:16.627286-05:00,2026-09-01T11:59:20.650021-05:00,99.07,0,1,6
2026-09-01,130,2026-09-01T12:00:29.471263-05:00,2026-09-01T12:07:13.365886-05:00,6.73,1,0,5
2026-09-01,118,2026-09-01T10:31:13.962246-05:00,2026-09-01T12:11:08.473951-05:00,99.91,0,0,4
2026-09-01,119,2026-09-01T10:32:03.608372-05:00,2026-09-01T12:11:18.622048-05:00,99.25,0,0,1
2026-09-01,120,2026-09-01T10:45:16.198937-05:00,2026-09-01T12:11:33.788700-05:00,86.29,0,0,3
2026-09-01,121,2026-09-01T10:45:44.557225-05:00,2026-09-01T12:14:14.919940-05:00,88.51,0,0,5
2026-09-01,122,2026-09-01T10:57:10.713592-05:00,2026-09-01T12:16:11.516214-05:00,79.01,0,0,6
2026-09-01,123,2026-09-01T11:05:03.143331-05:00,2026-09-01T12:16:59.020995-05:00,71.93,0,0,4
2026-09-01,124,2026-09-01T11:19:48.839329-05:00,2026-09-01T12:18:31.232154-05:00,58.71,0,0,2
2026-09-01,125,2026-09-01T11:24:11.534786-05:00,2026-09-01T12:20:43.799699-05:00,56.54,0,0,5
2026-09-01,126,2026-09-01T11:48:08.810838-05:00,2026-09-01T12:26:03.602162-05:00,37.91,0,0,1
2026-09-01,127,2026-09-01T11:48:59.110930-05:00,2026-09-01T12:26:11.242717-05:00,37.2,0,1,3
2026-09-01,128,2026-09-01T11:52:42.839418-05:00,2026-09-01T12:31:16.075952-05:00,38.55,0,0,6
2026-09-01,129,2026-09-01T11:57:16.122093-05:00,2026-09-01T12:32:59.444961-05:00,35.72,0,1,3
2026-09-01,131,2026-09-01T12:26:03.956636-05:00,2026-09-01T12:43:42.076690-05:00,17.64,0,1,1
2026-09-02,0,2026-09-02T05:38:29.826687-05:00,2026-09-02T07:36:00-05:00,117.5,1,0,1
2026-09-02,3,2026-09-02T05:43:00.270096-05:00,2026-09-02T07:36:00-05:00,113.0,1,1,2
2026-09-02,4,2026-09-02T05:44:01.766764-05:00,2026-09-02T07:36:00-05:00,111.97,1,1,3
2026-09-02,16,2026-09-02T05:59:22.503409-05:00,2026-09-02T07:36:00-05:00,96.62,1,0,4
2026-09-02,37,2026-09-02T06:22:32.679136-05:00,2026-09-02T07:36:00-05:00,73.46,1,0,5
2026-09-02,52,2026-09-02T06:37:02.288307-05:00,2026-09-02T07:36:00-05:00,58.96,1,0,6
2026-09-02,64,2026-09-02T07:04:56.375311-05:00,2026-09-02T07:39:50.566136-05:00,34.9,1,0,5
2026-09-02,1,2026-09-02T05:39:31.608233-05:00,2026-09-02T07:43:37.122651-05:00,124.09,0,0,3
2026-09-02,2,2026-09-02T05:41:18.371231-05:00,2026-09-02T07:46:33.714169-05:00,125.26,0,0,6
2026-09-02,6,2026-09-02T05:45:02.367431-05:00,2026-09-02T07:48:56.094240-05:00,123.9,0,1,5
2026-09-02,5,2026-09-02T05:45:16.674961-05:00,2026-09-02T07:50:25.531955-05:00,125.15,0,0,1
2026-09-02,7,2026-09-02T05:46:32.545024-05:00,2026-09-02T07:50:40.933454-05:00,124.14,0,1,4
2026-09-02,10,2026-09-02T05:46:32.616250-05:00,2026-09-02T07:56:31.574298-05:00,129.98,0,0,2
2026-09-02,8,2026-09-02T05:46:46.313248-05:00,2026-09-02T07:58:47.117397-05:00,132.01,0,0,3
2026-09-02,9,2026-09-02T05:46:48.923551-05:00,2026-09-02T08:00:32.672144-05:00,133.73,0,0,1
2026-09-02,11,2026-09-02T05:55:33.397599-05:00,2026-09-02T08:03:35.954273-05:00,128.04,0,0,4
2026-09-02,12,2026-09-02T05:56:13.076354-05:00,2026-09-02T08:06:59.419726-05:00,130.77,0,1,1
2026-09-02,13,2026-09-02T05:56:44.841909-05:00,2026-09-02T08:07:33.556768-05:00,130.81,0,0,3
2026-09-02,14,2026-09-02T05:57:01.031613-05:00,2026-09-02T08:12:09.172058-05:00,135.14,0,0,1
2026-09-02,15,2026-09-02T05:57:50.071231-05:00,2026-09-02T08:13:04.912557-05:00,135.25,0,1,5
2026-09-02,17,2026-09-02T05:59:50.087238-05:00,2026-09-02T08:15:50.113961-05:00,136.0,0,0,2
2026-09-02,18,2026-09-02T06:00:11.202038-05:00,2026-09-02T08:17:06.587074-05:00,136.92,0,0,4
2026-09-02,19,2026-09-02T06:00:20.084826-05:00,2026-09-02T08:23:47.113137-05:00,143.45,0,1,6
2026-09-02,20,2026-09-02T06:01:56.204122-05:00,2026-09-02T08:24:28.666006-05:00,142.54,0,1,5
2026-09-02,22,2026-09-02T06:03:41.783735-05:00,2026-09-02T08:25:39.257166-05:00,141.96,0,1,1
2026-09-02,21,2026-09-02T06:03:57.108037-05:00,2026-09-02T08:25:40.845201-05:00,141.73,0,0,3
2026-09-02,23,2026-09-02T06:04:20.711048-05:00,2026-09-02T08:26:39.264320-05:00,142.31,0,0,2
2026-09-02,25,2026-09-02T06:06:43.863661-05:00,2026-09-02T08:30:57.784575-05:00,144.23,0,0,4
2026-09-02,83,2026-09-02T08:34:40.570171-05:00,2026-09-02T08:41:17.377890-05:00,6.61,1,0,3
2026-09-02,85,2026-09-02T08:41:02.340344-05:00,2026-09-02T08:43:31.428143-05:00,2.48,1,1,1
2026-09-02,24,2026-09-02T06:06:45.189824-05:00,2026-09-02T08:43:58.486663-05:00,157.22,0,1,6
2026-09-02,26,2026-09-02T06:10:20.527334-05:00,2026-09-02T08:44:10.677148-05:00,153.84,0,0,4
2026-09-02,28,2026-09-02T06:11:39.980740-05:00,2026-09-02T08:44:19.468144-05:00,152.66,0,0,2
2026-09-02,88,2026-09-02T08:47:14.388608-05:00,2026-09-02T08:50:47.706744-05:00,3.56,1,0,5
2026-09-02,27,2026-09-02T06:11:54.850777-05:00,2026-09-02T08:52:30.301211-05:00,160.59,0,0,2
2026-09-02,29,2026-09-02T06:12:07.874938-05:00,2026-09-02T08:56:09.179001-05:00,164.02,0,1,1
2026-09-02,30,2026-09-02T06:12:18.198664-05:00,2026-09-02T08:57:27.548182-05:00,165.16,0,0,6
2026-09-02,31,2026-09-02T06:15:10.086829-05:00,2026-09-02T08:58:50.308905-05:00,163.67,0,1,3
2026-09-02,32,2026-09-02T06:15:57.068680-05:00,2026-09-02T09:00:02.558589-05:00,164.09,0,1,5
2026-09-02,33,2026-09-02T06:18:02.601814-05:00,2026-09-02T09:03:41.111549-05:00,165.64,0,0,2
2026-09-02,34,2026-09-02T06:19:57.081514-05:00,2026-09-02T09:04:15.209619-05:00,164.3,0,0,4
2026-09-02,35,2026-09-02T06:21:40.311859-05:00,2026-09-02T09:04:26.976330-05:00,162.78,0,0,3
2026-09-02,36,2026-09-02T06:22:10.793513-05:00,2026-09-02T09:05:21.162151-05:00,163.17,0,1,1
2026-09-02,39,2026-09-02T06:24:32.201803-05:00,2026-09-02T09:06:07.871160-05:00,161.59,0,0,6
2026-09-02,38,2026-09-02T06:24:32.932386-05:00,2026-09-02T09:11:52.861698-05:00,167.33,0,0,5
2026-09-02,41,2026-09-02T06:25:18.787045-05:00,2026-09-02T09:12:21.588851-05:00,167.05,0,1,3
2026-09-02,40,2026-09-02T06:25:21.811554-05:00,2026-09-02T09:12:46.410916-05:00,167.41,0,0,4
2026-09-02,42,2026-09-02T06:26:29.206462-05:00,2026-09-02T09:16:54.345988-05:00,170.42,0,1,6
2026-09-02,44,2026-09-02T06:27:42.462015-05:00,2026-09-02T09:17:04.395173-05:00,169.37,0,1,2
2026-09-02,43,2026-09-02T06:27:44.493087-05:00,2026-09-02T09:20:35.558075-05:00,172.85,0,1,5
2026-09-02,45,2026-09-02T06:29:47.369062-05:00,2026-09-02T09:21:25.417815-05:00,171.63,0,0,6
2026-09-02,46,2026-09-02T06:30:26.458618-05:00,2026-09-02T09:22:21.391389-05:00,171.92,0,0,1
2026-09-02,47,2026-09-02T06:30:44.867073-05:00,2026-09-02T09:27:50.408517-05:00,177.09,0,0,3
2026-09-02,48,2026-09-02T06:31:04.775635-05:00,2026-09-02T09:29:22.842010-05:00,178.3,0,0,2
2026-09-02,49,2026-09-02T06:32:02.945765-05:00,2026-09-02T09:30:18.127958-05:00,178.25,0,0,1
2026-09-02,50,2026-09-02T06:32:09.059971-05:00,2026-09-02T09:30:32.415677-05:00,178.39,0,0,5
2026-09-02,96,2026-09-02T09:31:56.156560-05:00,2026-09-02T09:34:57.247670-05:00,3.02,1,0,6
2026-09-02,51,2026-09-02T06:34:48.623502-05:00,2026-09-02T09:37:42.213524-05:00,182.89,0,0,5
2026-09-02,53,2026-09-02T06:39:54.847240-05:00,2026-09-02T09:38:23.356038-05:00,178.48,0,0,3
2026-09-02,54,2026-09-02T06:40:23.673931-05:00,2026-09-02T09:40:36.745312-05:00,180.22,0,0,2
2026-09-02,56,2026-09-02T06:41:07.933396-05:00,2026-09-02T09:42:34.994601-05:00,181.45,0,0,4
2026-09-02,55,2026-09-02T06:41:22.958135-05:00,2026-09-02T09:43:36.480401-05:00,182.23,0,0,1
2026-09-02,57,2026-09-02T06:43:57.565471-05:00,2026-09-02T09:44:00.044148-05:00,180.04,0,0,5
2026-09-02,58,2026-09-02T06:44:52.066460-05:00,2026-09-02T09:44:57.312422-05:00,180.09,0,0,3
2026-09-02,99,2026-09-02T09:47:45.016931-05:00,2026-09-02T09:51:17.245632-05:00,3.54,1,0,3
2026-09-02,59,2026-09-02T06:50:14.968002-05:00,2026-09-02T09:51:44.161054-05:00,181.49,0,0,4
2026-09-02,60,2026-09-02T06:52:40.897781-05:00,2026-09-02T09:52:18.656177-05:00,179.63,0,1,6
2026-09-02,61,2026-09-02T06:58:40.127733-05:00,2026-09-02T09:56:51.190960-05:00,178.18,0,0,2
2026-09-02,62,2026-09-02T07:02:43.345332-05:00,2026-09-02T10:00:44.246493-05:00,178.02,0,0,4
2026-09-02,63,2026-09-02T07:02:47.990040-05:00,2026-09-02T10:01:54.249210-05:00,179.1,0,1,3
2026-09-02,105,2026-09-02T10:02:01.081822-05:00,2026-09-02T10:04:55.303633-05:00,2.9,1,0,5
2026-09-02,65,2026-09-02T07:09:04.321758-05:00,2026-09-02T10:06:58.666229-05:00,177.91,0,0,6
2026-09-02,66,2026-09-02T07:14:40.781859-05:00,2026-09-02T10:07:20.918632-05:00,172.67,0,0,4
2026-09-02,67,2026-09-02T07:18:10.774654-05:00,2026-09-02T10:10:59.514361-05:00,172.81,0,1,1
2026-09-02,68,2026-09-02T07:18:29.660888-05:00,2026-09-02T10:12:47.713850-05:00,174.3,0,1,3
2026-09-02,69,2026-09-02T07:20:21.017193-05:00,2026-09-02T10:15:50.527316-05:00,175.49,0,0,2
2026-09-02,70,2026-09-02T07:21:35.419052-05:00,2026-09-02T10:16:33.854837-05:00,174.97,0,0,6
2026-09-02,71,2026-09-02T07:22:43.932970-05:00,2026-09-02T10:17:31.899697-05:00,174.8,0,0,4
2026-09-02,72,2026-09-02T07:24:25.892291-05:00,2026-09-02T10:19:06.056485-05:00,174.67,0,1,1
2026-09-02,73,2026-09-02T07:25:59.227528-05:00,2026-09-02T10:23:14.451941-05:00,177.25,0,0,5
2026-09-02,74,2026-09-02T07:38:54.701454-05:00,2026-09-02T10:26:47.803358-05:00,167.89,0,1,4
2026-09-02,75,2026-09-02T07:50:29.930141-05:00,2026-09-02T10:27:21.542255-05:00,156.86,0,1,6
2026-09-02,76,2026-09-02T07:51:12.843745-05:00,2026-09-02T10:28:28.585737-05:00,157.26,0,0,1
2026-09-02,77,2026-09-02T08:02:08.187648-05:00,2026-09-02T10:30:31.740967-05:00,148.39,0,1,2
2026-09-02,78,2026-09-02T08:14:45.248929-05:00,2026-09-02T10:31:05.166494-05:00,136.33,0,0,3
2026-09-02,79,2026-09-02T08:17:26.554430-05:00,2026-09-02T10:31:32.439187-05:00,134.1,0,0,4
2026-09-02,80,2026-09-02T08:23:58.268909-05:00,2026-09-02T10:36:04.043570-05:00,132.1,0,1,5
2026-09-02,81,2026-09-02T08:27:31.066145-05:00,2026-09-02T10:42:37.170081-05:00,135.1,0,0,6
2026-09-02,82,2026-09-02T08:29:44.570679-05:00,2026-09-02T10:43:45.635989-05:00,134.02,0,1,1
2026-09-02,84,2026-09-02T08:38:25.968653-05:00,2026-09-02T10:44:07.255902-05:00,125.69,0,1,2
2026-09-02,115,2026-09-02T10:48:12.067695-05:00,2026-09-02T10:48:49.303685-05:00,0.62,1,1,4
2026-09-02,86,2026-09-02T08:45:09.143709-05:00,2026-09-02T10:49:20.638187-05:00,124.19,0,1,3
2026-09-02,116,2026-09-02T10:51:09.299566-05:00,2026-09-02T10:51:29.389161-05:00,0.33,1,1,2
2026-09-02,87,2026-09-02T08:46:13.354529-05:00,2026-09-02T10:55:04.107126-05:00,128.85,0,0,1
2026-09-02,89,2026-09-02T08:52:30.689600-05:00,2026-09-02T10:57:11.771582-05:00,124.68,0,1,5
2026-09-02,90,2026-09-02T08:58:43.962547-05:00,2026-09-02T10:57:56.885238-05:00,119.22,0,0,4
2026-09-02,91,2026-09-02T08:59:33.928522-05:00,2026-09-02T10:58:27.675195-05:00,118.9,0,0,3
2026-09-02,92,2026-09-02T09:01:53.509527-05:00,2026-09-02T11:01:15.911618-05:00,119.37,0,0,6
2026-09-02,93,2026-09-02T09:07:01.822646-05:00,2026-09-02T11:03:47.532697-05:00,116.76,0,0,4
2026-09-02,94,2026-09-02T09:12:44.858580-05:00,2026-09-02T11:04:20.370864-05:00,111.59,0,1,2
2026-09-02,95,2026-09-02T09:27:50.500656-05:00,2026-09-02T11:04:53.275368-05:00,97.05,0,0,5
2026-09-02,120,2026-09-02T11:05:15.320546-05:00,2026-09-02T11:06:46.330177-05:00,1.52,1,0,3
2026-09-02,97,2026-09-02T09:32:02.215359-05:00,2026-09-02T11:09:51.544059-05:00,97.82,0,0,1
2026-09-02,98,2026-09-02T09:40:31.269221-05:00,2026-09-02T11:11:09.004587-05:00,90.63,0,0,6
2026-09-02,100,2026-09-02T09:47:46.240674-05:00,2026-09-02T11:17:00.284349-05:00,89.23,0,0,2
2026-09-02,101,2026-09-02T09:48:23.333322-05:00,2026-09-02T11:18:41.906301-05:00,90.31,0,0,4
2026-09-02,102,2026-09-02T09:49:19.188630-05:00,2026-09-02T11:20:21.150547-05:00,91.03,0,0,3
2026-09-02,103,2026-09-02T09:51:55.779708-05:00,2026-09-02T11:25:42.829682-05:00,93.78,0,1,6
2026-09-02,104,2026-09-02T10:01:34.623902-05:00,2026-09-02T11:26:55.329971-05:00,85.35,0,0,1
2026-09-02,106,2026-09-02T10:04:13.491722-05:00,2026-09-02T11:30:45.603327-05:00,86.54,0,0,2
2026-09-02,107,2026-09-02T10:05:17.076234-05:00,2026-09-02T11:34:22.343208-05:00,89.09,0,0,4
2026-09-02,108,2026-09-02T10:07:00.811154-05:00,2026-09-02T11:38:49.437482-05:00,91.81,0,1,2
2026-09-02,109,2026-09-02T10:11:51.748158-05:00,2026-09-02T11:39:15.920592-05:00,87.4,0,0,3
2026-09-02,110,2026-09-02T10:34:14.683410-05:00,2026-09-02T11:40:03.528568-05:00,65.81,0,0,6
2026-09-02,111,2026-09-02T10:35:22.490585-05:00,2026-09-02T11:46:23.920782-05:00,71.02,0,0,1
2026-09-02,112,2026-09-02T10:37:51.169080-05:00,2026-09-02T11:46:58.154730-05:00,69.12,0,0,4
2026-09-02,114,2026-09-02T10:42:02.789415-05:00,2026-09-02T11:47:29.571365-05:00,65.45,0,0,6
2026-09-02,113,2026-09-02T10:42:24.914700-05:00,2026-09-02T11:52:52.606111-05:00,70.46,0,0,3
2026-09-02,117,2026-09-02T10:54:29.173343-05:00,2026-09-02T11:55:10.559141-05:00,60.69,0,0,5
2026-09-02,118,2026-09-02T10:55:31.852750-05:00,2026-09-02T11:56:45.173701-05:00,61.22,0,0,6
2026-09-02,119,2026-09-02T11:02:12.414777-05:00,2026-09-02T11:59:59.228912-05:00,57.78,0,0,4
2026-09-02,121,2026-09-02T11:06:34.708213-05:00,2026-09-02T12:00:37.362424-05:00,54.04,0,0,1
2026-09-02,122,2026-09-02T11:09:20.203098-05:00,2026-09-02T12:04:09.733776-05:00,54.83,0,0,6
2026-09-02,123,2026-09-02T11:13:07.268587-05:00,2026-09-02T12:06:24.423620-05:00,53.29,0,0,3
2026-09-02,124,2026-09-02T11:32:51.321570-05:00,2026-09-02T12:07:03.918465-05:00,34.21,0,0,1
2026-09-02,125,2026-09-02T11:43:42.303384-05:00,2026-09-02T12:07:55.723491-05:00,24.22,0,1,2
2026-09-02,126,2026-09-02T11:45:34.261196-05:00,2026-09-02T12:12:23.107830-05:00,26.81,0,0,4
2026-09-02,127,2026-09-02T11:58:14.199675-05:00,2026-09-02T12:16:28.361395-05:00,18.24,0,0,6
2026-09-03,7,2026-09-03T05:38:01.666128-05:00,2026-09-03T07:36:00-05:00,117.97,1,0,1
2026-09-03,10,2026-09-03T05:55:20.177770-05:00,2026-09-03T07:36:00-05:00,100.66,1,0,2
2026-09-03,26,2026-09-03T06:11:05.073021-05:00,2026-09-03T07:36:00-05:00,84.92,1,1,3
2026-09-03,33,2026-09-03T06:16:46.706625-05:00,2026-09-03T07:36:00-05:00,79.22,1,0,4
2026-09-03,36,2026-09-03T06:20:26.598382-05:00,2026-09-03T07:36:00-05:00,75.56,1,0,5
2026-09-03,54,2026-09-03T06:42:56.822420-05:00,2026-09-03T07:36:00-05:00,53.05,1,0,6
2026-09-03,61,2026-09-03T06:51:00.174690-05:00,2026-09-03T07:42:07.868085-05:00,51.13,1,1,3
2026-09-03,62,2026-09-03T06:53:48.835788-05:00,2026-09-03T07:43:02.503100-05:00,49.23,1,1,6
2026-09-03,67,2026-09-03T07:01:31.769395-05:00,2026-09-03T07:48:25.832747-05:00,46.9,1,0,5
2026-09-03,0,2026-09-03T05:30:19.787943-05:00,2026-09-03T07:52:23.881179-05:00,142.07,0,0,4
2026-09-03,1,2026-09-03T05:32:02.158059-05:00,2026-09-03T07:54:03.901747-05:00,142.03,0,0,2
2026-09-03,2,2026-09-03T05:32:16.145562-05:00,2026-09-03T07:54:11.502778-05:00,141.92,0,0,6
2026-09-03,4,2026-09-03T05:33:02.433727-05:00,2026-09-03T07:54:44.150808-05:00,141.7,0,0,1
2026-09-03,3,2026-09-03T05:33:06.890797-05:00,2026-09-03T07:58:11.236284-05:00,145.07,0,1,3
2026-09-03,5,2026-09-03T05:34:57.943260-05:00,2026-09-03T08:01:27.107887-05:00,146.49,0,0,4
2026-09-03,6,2026-09-03T05:36:01.677298-05:00,2026-09-03T08:01:43.530138-05:00,145.7,0,0,5
2026-09-03,8,2026-09-03T05:43:13.328050-05:00,2026-09-03T08:03:01.156056-05:00,139.8,0,1,2
2026-09-03,9,2026-09-03T05:46:14.372000-05:00,2026-09-03T08:08:07.468039-05:00,141.88,0,1,4
2026-09-03,11,2026-09-03T05:55:20.467414-05:00,2026-09-03T08:08:08.546594-05:00,132.8,0,0,6
2026-09-03,12,2026-09-03T05:55:56.305090-05:00,2026-09-03T08:09:59.969310-05:00,134.06,0,1,1
2026-09-03,83,2026-09-03T08:11:56.034511-05:00,2026-09-03T08:15:32.490806-05:00,3.61,1,0,6
2026-09-03,14,2026-09-03T05:57:30.863362-05:00,2026-09-03T08:16:25.544398-05:00,138.91,0,0,3
2026-09-03,13,2026-09-03T05:57:55.294917-05:00,2026-09-03T08:16:32.104305-05:00,138.61,0,0,1
2026-09-03,84,2026-09-03T08:16:35.248230-05:00,2026-09-03T08:19:56.731812-05:00,3.36,1,1,5
2026-09-03,15,2026-09-03T05:58:00.726023-05:00,2026-09-03T08:20:24.460510-05:00,142.4,0,1,4
2026-09-03,17,2026-09-03T06:01:09.593888-05:00,2026-09-03T08:24:59.319134-05:00,143.83,0,0,3
2026-09-03,16,2026-09-03T06:01:24.160850-05:00,2026-09-03T08:25:29.382876-05:00,144.09,0,0,1
2026-09-03,20,2026-09-03T06:03:33.338414-05:00,2026-09-03T08:29:27.226837-05:00,145.9,0,1,6
2026-09-03,18,2026-09-03T06:03:43.480644-05:00,2026-09-03T08:30:18.374504-05:00,146.58,0,0,2
2026-09-03,19,2026-09-03T06:03:49.426232-05:00,2026-09-03T08:35:08.819581-05:00,151.32,0,1,4
2026-09-03,21,2026-09-03T06:07:50.750302-05:00,2026-09-03T08:35:37.486633-05:00,147.78,0,0,5
2026-09-03,22,2026-09-03T06:08:01.442351-05:00,2026-09-03T08:37:09.435235-05:00,149.13,0,0,6
2026-09-03,23,2026-09-03T06:08:45.402941-05:00,2026-09-03T08:40:56.727116-05:00,152.19,0,1,3
2026-09-03,24,2026-09-03T06:09:03.306903-05:00,2026-09-03T08:42:08.876389-05:00,153.09,0,0,1
2026-09-03,25,2026-09-03T06:10:59.047865-05:00,2026-09-03T08:44:58.932644-05:00,154.0,0,0,2
2026-09-03,27,2026-09-03T06:11:32.793788-05:00,2026-09-03T08:45:19.740779-05:00,153.78,0,0,4
2026-09-03,28,2026-09-03T06:12:34.499266-05:00,2026-09-03T08:51:13.122678-05:00,158.64,0,1,4
2026-09-03,29,2026-09-03T06:14:02.139609-05:00,2026-09-03T08:55:09.477534-05:00,161.12,0,0,2
2026-09-03,30,2026-09-03T06:14:34.873418-05:00,2026-09-03T08:59:09.079969-05:00,164.57,0,0,3
2026-09-03,31,2026-09-03T06:14:43.372031-05:00,2026-09-03T08:59:54.872212-05:00,165.19,0,1,4
2026-09-03,32,2026-09-03T06:16:06.241091-05:00,2026-09-03T09:02:25.822374-05:00,166.33,0,1,5
2026-09-03,34,2026-09-03T06:16:36.233152-05:00,2026-09-03T09:06:01.871991-05:00,169.43,0,0,6
2026-09-03,35,2026-09-03T06:19:34.195993-05:00,2026-09-03T09:06:31.564689-05:00,166.96,0,1,1
2026-09-03,38,2026-09-03T06:20:41.277844-05:00,2026-09-03T09:10:07.809437-05:00,169.44,0,0,4
2026-09-03,37,2026-09-03T06:20:44.702757-05:00,2026-09-03T09:10:30.978525-05:00,169.77,0,1,5
2026-09-03,40,2026-09-03T06:23:14.205467-05:00,2026-09-03T09:15:34.841470-05:00,172.34,0,0,3
2026-09-03,39,2026-09-03T06:23:26.761383-05:00,2026-09-03T09:15:41.344759-05:00,172.24,0,0,6
2026-09-03,41,2026-09-03T06:23:42.527174-05:00,2026-09-03T09:17:44.733089-05:00,174.04,0,1,4
2026-09-03,42,2026-09-03T06:26:08.795443-05:00,2026-09-03T09:17:57.894130-05:00,171.82,0,0,1
2026-09-03,43,2026-09-03T06:27:16.532461-05:00,2026-09-03T09:18:55.293268-05:00,171.65,0,0,2
2026-09-03,45,2026-09-03T06:28:17.963344-05:00,2026-09-03T09:23:58.686485-05:00,175.68,0,0,6
2026-09-03,44,2026-09-03T06:28:26.315819-05:00,2026-09-03T09:24:56.028907-05:00,176.5,0,0,5
2026-09-03,46,2026-09-03T06:33:25.738260-05:00,2026-09-03T09:31:11.228948-05:00,177.76,0,0,4
2026-09-03,47,2026-09-03T06:33:35.444357-05:00,2026-09-03T09:32:59.952099-05:00,179.41,0,1,5
2026-09-03,48,2026-09-03T06:34:16.672326-05:00,2026-09-03T09:34:35.769996-05:00,180.32,0,1,3
2026-09-03,49,2026-09-03T06:38:16.133608-05:00,2026-09-03T09:37:28.642215-05:00,179.21,0,1,1
2026-09-03,50,2026-09-03T06:38:29.600979-05:00,2026-09-03T09:40:02.916726-05:00,181.56,0,0,2
2026-09-03,51,2026-09-03T06:38:39.349343-05:00,2026-09-03T09:40:06.703615-05:00,181.46,0,1,6
2026-09-03,102,2026-09-03T09:42:48.151485-05:00,2026-09-03T09:44:07.879076-05:00,1.33,1,1,4
2026-09-03,52,2026-09-03T06:39:39.527487-05:00,2026-09-03T09:46:10.072157-05:00,186.51,0,1,6
2026-09-03,53,2026-09-03T06:40:21.202030-05:00,2026-09-03T09:49:18.002932-05:00,188.95,0,0,3
2026-09-03,55,2026-09-03T06:43:04.920877-05:00,2026-09-03T09:49:39.059478-05:00,186.57,0,1,1
2026-09-03,56,2026-09-03T06:45:32.840984-05:00,2026-09-03T09:51:36.238236-05:00,186.06,0,0,6
2026-09-03,57,2026-09-03T06:46:08.527509-05:00,2026-09-03T09:51:51.708257-05:00,185.72,0,0,2
2026-09-03,58,2026-09-03T06:47:51.038528-05:00,2026-09-03T09:54:48.384391-05:00,186.96,0,1,5
2026-09-03,59,2026-09-03T06:49:48.803187-05:00,2026-09-03T09:58:23.877715-05:00,188.58,0,0,2
2026-09-03,60,2026-09-03T06:49:59.204194-05:00,2026-09-03T09:58:38.783545-05:00,188.66,0,0,4
2026-09-03,63,2026-09-03T06:53:33.057213-05:00,2026-09-03T09:59:24.441127-05:00,185.86,0,1,1
2026-09-03,64,2026-09-03T06:57:09.149655-05:00,2026-09-03T10:04:08.113271-05:00,186.98,0,1,3
2026-09-03,65,2026-09-03T06:58:51.670087-05:00,2026-09-03T10:05:19.041832-05:00,186.46,0,0,6
2026-09-03,66,2026-09-03T06:59:19.515863-05:00,2026-09-03T10:07:49.540585-05:00,188.5,0,0,5
2026-09-03,68,2026-09-03T07:04:19.262688-05:00,2026-09-03T10:10:54.070054-05:00,186.58,0,0,2
2026-09-03,69,2026-09-03T07:04:52.044638-05:00,2026-09-03T10:11:12.941526-05:00,186.35,0,0,1
2026-09-03,70,2026-09-03T07:05:15.229190-05:00,2026-09-03T10:13:14.608997-05:00,187.99,0,0,4
2026-09-03,71,2026-09-03T07:07:23.512979-05:00,2026-09-03T10:17:25.242170-05:00,190.03,0,1,3
2026-09-03,72,2026-09-03T07:07:41.425577-05:00,2026-09-03T10:18:42.614781-05:00,191.02,0,1,6
2026-09-03,74,2026-09-03T07:10:02.591092-05:00,2026-09-03T10:23:05.840445-05:00,193.05,0,0,1
2026-09-03,73,2026-09-03T07:10:23.229723-05:00,2026-09-03T10:23:14.914153-05:00,192.86,0,1,4
2026-09-03,75,2026-09-03T07:11:08.358724-05:00,2026-09-03T10:31:57.439980-05:00,200.82,0,1,3
2026-09-03,76,2026-09-03T07:15:11.457772-05:00,2026-09-03T10:33:10.655391-05:00,197.99,0,1,6
2026-09-03,77,2026-09-03T07:15:45.161538-05:00,2026-09-03T10:33:29.837087-05:00,197.74,0,0,4
2026-09-03,78,2026-09-03T07:21:41.661224-05:00,2026-09-03T10:35:54.371286-05:00,194.21,0,0,5
2026-09-03,79,2026-09-03T07:22:54.287108-05:00,2026-09-03T10:40:16.846815-05:00,197.38,0,0,2
2026-09-03,80,2026-09-03T07:50:52.632435-05:00,2026-09-03T10:41:00.900528-05:00,170.14,0,1,3
2026-09-03,81,2026-09-03T07:52:47.324207-05:00,2026-09-03T10:41:36.416212-05:00,168.82,0,0,6
2026-09-03,82,2026-09-03T08:06:48.291398-05:00,2026-09-03T10:45:44.730155-05:00,158.94,0,0,1
2026-09-03,85,2026-09-03T08:23:53.985186-05:00,2026-09-03T10:52:26.452000-05:00,148.54,0,1,6
2026-09-03,86,2026-09-03T08:33:10.632991-05:00,2026-09-03T10:53:54.395800-05:00,140.73,0,1,5
2026-09-03,87,2026-09-03T08:42:29.347147-05:00,2026-09-03T10:54:34.478294-05:00,132.09,0,1,1
2026-09-03,88,2026-09-03T08:44:09.577264-05:00,2026-09-03T10:54:43.287594-05:00,130.56,0,1,3
2026-09-03,89,2026-09-03T08:49:55.598126-05:00,2026-09-03T10:57:06.054460-05:00,127.17,0,0,4
2026-09-03,90,2026-09-03T08:53:56.824744-05:00,2026-09-03T10:59:39.446756-05:00,125.71,0,0,2
2026-09-03,91,2026-09-03T08:56:20.553677-05:00,2026-09-03T11:01:19.401770-05:00,124.98,0,1,5
2026-09-03,92,2026-09-03T08:59:26.431819-05:00,2026-09-03T11:04:15.255846-05:00,124.81,0,1,3
2026-09-03,93,2026-09-03T09:06:26.122085-05:00,2026-09-03T11:08:51.877310-05:00,122.43,0,1,2
2026-09-03,94,2026-09-03T09:08:22.697028-05:00,2026-09-03T11:10:23.063429-05:00,122.01,0,1,3
2026-09-03,95,2026-09-03T09:11:13.810332-05:00,2026-09-03T11:11:41.982422-05:00,120.47,0,0,4
2026-09-03,96,2026-09-03T09:12:24.385725-05:00,2026-09-03T11:14:53.187247-05:00,122.48,0,0,2
2026-09-03,97,2026-09-03T09:16:45.316748-05:00,2026-09-03T11:15:49.390892-05:00,119.07,0,1,5
2026-09-03,98,2026-09-03T09:24:19.890808-05:00,2026-09-03T11:17:21.011689-05:00,113.02,0,0,1
2026-09-03,99,2026-09-03T09:26:17.061549-05:00,2026-09-03T11:20:58.468869-05:00,114.69,0,0,6
2026-09-03,100,2026-09-03T09:29:03.856574-05:00,2026-09-03T11:23:38.605804-05:00,114.58,0,0,2
2026-09-03,101,2026-09-03T09:41:53.017198-05:00,2026-09-03T11:25:03.170191-05:00,103.17,0,1,4
2026-09-03,103,2026-09-03T09:45:35.844717-05:00,2026-09-03T11:25:28.292761-05:00,99.87,0,1,1
2026-09-03,104,2026-09-03T10:01:50.539552-05:00,2026-09-03T11:26:52.702620-05:00,85.04,0,0,3
2026-09-03,105,2026-09-03T10:02:02.417452-05:00,2026-09-03T11:27:29.024619-05:00,85.44,0,0,5
2026-09-03,106,2026-09-03T10:04:02.723013-05:00,2026-09-03T11:29:02.689380-05:00,85.0,0,1,6
2026-09-03,125,2026-09-03T11:32:43.247989-05:00,2026-09-03T11:37:01.781691-05:00,4.31,1,0,2
2026-09-03,107,2026-09-03T10:05:00.888966-05:00,2026-09-03T11:37:57.013908-05:00,92.94,0,0,3
2026-09-03,108,2026-09-03T10:06:46.797567-05:00,2026-09-03T11:41:03.291601-05:00,94.27,0,0,6
2026-09-03,109,2026-09-03T10:10:55.756697-05:00,2026-09-03T11:42:55.765727-05:00,92.0,0,0,1
2026-09-03,110,2026-09-03T10:20:39.812165-05:00,2026-09-03T11:43:32.505148-05:00,82.88,0,0,5
2026-09-03,111,2026-09-03T10:26:30.165554-05:00,2026-09-03T11:44:46.014255-05:00,78.26,0,0,2
2026-09-03,112,2026-09-03T10:34:55.840623-05:00,2026-09-03T11:50:49.807951-05:00,75.9,0,0,4
2026-09-03,113,2026-09-03T10:40:03.839346-05:00,2026-09-03T11:53:23.294093-05:00,73.32,0,0,3
2026-09-03,114,2026-09-03T10:45:37.431027-05:00,2026-09-03T11:56:08.751577-05:00,70.52,0,0,5
2026-09-03,115,2026-09-03T10:45:58.759543-05:00,2026-09-03T11:56:10.767543-05:00,70.2,0,1,6
2026-09-03,116,2026-09-03T10:48:06.796662-05:00,2026-09-03T11:56:35.396424-05:00,68.48,0,0,1
2026-09-03,117,2026-09-03T10:54:16.054048-05:00,2026-09-03T12:02:16.088337-05:00,68.0,0,0,3
2026-09-03,118,2026-09-03T10:57:15.549960-05:00,2026-09-03T12:02:32.586033-05:00,65.28,0,0,5
2026-09-03,119,2026-09-03T11:00:27.928446-05:00,2026-09-03T12:06:03.649450-05:00,65.6,0,0,6
2026-09-03,120,2026-09-03T11:00:28.688086-05:00,2026-09-03T12:07:00.553848-05:00,66.53,0,0,4
2026-09-03,121,2026-09-03T11:14:13.379737-05:00,2026-09-03T12:07:44.094812-05:00,53.51,0,0,1
2026-09-03,122,2026-09-03T11:22:11.717983-05:00,2026-09-03T12:10:53.843623-05:00,48.7,0,0,2
2026-09-03,123,2026-09-03T11:23:02.817689-05:00,2026-09-03T12:11:00.224583-05:00,47.96,0,0,3
2026-09-03,124,2026-09-03T11:31:14.747723-05:00,2026-09-03T12:21:36.922220-05:00,50.37,0,1,1
2026-09-03,126,2026-09-03T11:57:16.636118-05:00,2026-09-03T12:24:12.484849-05:00,26.93,0,0,4
2026-09-03,127,2026-09-03T11:57:19.907527-05:00,2026-09-03T12:24:40.604338-05:00,27.34,0,0,3
2026-09-03,128,2026-09-03T12:13:39.572335-05:00,2026-09-03T12:25:28.184104-05:00,11.81,0,1,5
2026-09-03,129,2026-09-03T12:28:31.492393-05:00,2026-09-03T12:28:31.492393-05:00,0.0,1,1,2
2026-09-04,9,2026-09-04T05:57:25.557461-05:00,2026-09-04T07:36:00-05:00,98.57,1,0,1
2026-09-04,20,2026-09-04T06:13:25.469135-05:00,2026-09-04T07:36:00-05:00,82.58,1,1,2
2026-09-04,31,2026-09-04T06:22:53.681131-05:00,2026-09-04T07:36:00-05:00,73.11,1,0,3
2026-09-04,40,2026-09-04T06:30:07.023544-05:00,2026-09-04T07:36:00-05:00,65.88,1,1,4
2026-09-04,70,2026-09-04T07:25:13.889026-05:00,2026-09-04T07:36:00-05:00,10.77,1,0,5
2026-09-04,71,2026-09-04T07:26:08.756606-05:00,2026-09-04T07:36:00-05:00,9.85,1,0,6
2026-09-04,0,2026-09-04T05:33:36.579452-05:00,2026-09-04T07:42:17.764129-05:00,128.69,0,0,3
2026-09-04,1,2026-09-04T05:36:55.431813-05:00,2026-09-04T07:45:46.638593-05:00,128.85,0,0,5
2026-09-04,2,2026-09-04T05:46:59.717030-05:00,2026-09-04T07:52:24.524391-05:00,125.41,0,0,1
2026-09-04,3,2026-09-04T05:47:42.162599-05:00,2026-09-04T07:53:01.917472-05:00,125.33,0,0,2
2026-09-04,4,2026-09-04T05:50:28.383131-05:00,2026-09-04T07:54:46.630892-05:00,124.3,0,0,3
2026-09-04,5,2026-09-04T05:52:19.979322-05:00,2026-09-04T07:59:34.887020-05:00,127.25,0,0,4
2026-09-04,6,2026-09-04T05:52:27.227302-05:00,2026-09-04T08:01:32.532841-05:00,129.09,0,1,6
2026-09-04,7,2026-09-04T05:55:05.455370-05:00,2026-09-04T08:08:46.818671-05:00,133.69,0,0,1
2026-09-04,8,2026-09-04T05:55:10.426206-05:00,2026-09-04T08:10:21.319212-05:00,135.18,0,0,3
2026-09-04,11,2026-09-04T05:59:20.625421-05:00,2026-09-04T08:12:28.910056-05:00,133.14,0,1,5
2026-09-04,10,2026-09-04T05:59:27.835582-05:00,2026-09-04T08:14:21.763518-05:00,134.9,0,0,4
2026-09-04,12,2026-09-04T06:00:06.124957-05:00,2026-09-04T08:15:07.421976-05:00,135.02,0,0,6
2026-09-04,13,2026-09-04T06:05:40.120389-05:00,2026-09-04T08:20:31.332828-05:00,134.85,0,0,2
2026-09-04,14,2026-09-04T06:08:18.182009-05:00,2026-09-04T08:20:52.343806-05:00,132.57,0,0,3
2026-09-04,16,2026-09-04T06:09:06.787525-05:00,2026-09-04T08:27:00.566750-05:00,137.9,0,0,2
2026-09-04,15,2026-09-04T06:09:12.823054-05:00,2026-09-04T08:27:38.601969-05:00,138.43,0,0,5
2026-09-04,17,2026-09-04T06:09:36.019020-05:00,2026-09-04T08:27:44.463253-05:00,138.14,0,0,4
2026-09-04,18,2026-09-04T06:09:37.344382-05:00,2026-09-04T08:28:42.543701-05:00,139.09,0,0,1
2026-09-04,19,2026-09-04T06:11:49.829623-05:00,2026-09-04T08:30:07.354062-05:00,138.29,0,1,6
2026-09-04,21,2026-09-04T06:14:53.770615-05:00,2026-09-04T08:34:41.441875-05:00,139.79,0,1,3
2026-09-04,22,2026-09-04T06:15:50.506943-05:00,2026-09-04T08:38:25.455924-05:00,142.58,0,0,5
2026-09-04,23,2026-09-04T06:18:19.191917-05:00,2026-09-04T08:40:56.301958-05:00,142.62,0,0,2
2026-09-04,24,2026-09-04T06:18:49.916531-05:00,2026-09-04T08:43:49.439522-05:00,144.99,0,0,1
2026-09-04,25,2026-09-04T06:18:53.041464-05:00,2026-09-04T08:50:23.277455-05:00,151.5,0,1,3
2026-09-04,26,2026-09-04T06:20:09.637895-05:00,2026-09-04T08:51:00.608470-05:00,150.85,0,1,6
2026-09-04,27,2026-09-04T06:20:16.316693-05:00,2026-09-04T08:53:46.896773-05:00,153.51,0,1,5
2026-09-04,28,2026-09-04T06:20:57.538948-05:00,2026-09-04T08:55:45.371700-05:00,154.8,0,1,2
2026-09-04,29,2026-09-04T06:21:05.845352-05:00,2026-09-04T08:57:43.051822-05:00,156.62,0,0,4
2026-09-04,30,2026-09-04T06:22:27.939782-05:00,2026-09-04T08:58:43.081921-05:00,156.25,0,0,6
2026-09-04,32,2026-09-04T06:24:07.491238-05:00,2026-09-04T08:59:36.649091-05:00,155.49,0,0,1
2026-09-04,33,2026-09-04T06:24:13.522287-05:00,2026-09-04T09:08:18.307547-05:00,164.08,0,0,5
2026-09-04,35,2026-09-04T06:24:36.354539-05:00,2026-09-04T09:10:42.889766-05:00,166.11,0,0,2
2026-09-04,34,2026-09-04T06:24:55.052466-05:00,2026-09-04T09:11:39.473821-05:00,166.74,0,1,1
2026-09-04,36,2026-09-04T06:25:01.687391-05:00,2026-09-04T09:13:47.958283-05:00,168.77,0,1,6
2026-09-04,93,2026-09-04T09:17:43.240482-05:00,2026-09-04T09:25:02.976292-05:00,7.33,1,0,1
2026-09-04,37,2026-09-04T06:26:52.916342-05:00,2026-09-04T09:25:28.211979-05:00,178.59,0,1,5
2026-09-04,38,2026-09-04T06:28:49.689601-05:00,2026-09-04T09:25:59.649910-05:00,177.17,0,0,6
2026-09-04,39,2026-09-04T06:30:18.985023-05:00,2026-09-04T09:26:02.486291-05:00,175.73,0,0,2
2026-09-04,41,2026-09-04T06:30:48.114709-05:00,2026-09-04T09:26:55.034131-05:00,176.12,0,0,3
2026-09-04,42,2026-09-04T06:31:41.262631-05:00,2026-09-04T09:29:32.349439-05:00,177.85,0,0,1
2026-09-04,43,2026-09-04T06:32:06.925417-05:00,2026-09-04T09:34:23.308243-05:00,182.27,0,0,4
2026-09-04,44,2026-09-04T06:33:15.726190-05:00,2026-09-04T09:34:51.752360-05:00,181.6,0,1,6
2026-09-04,45,2026-09-04T06:34:02.119797-05:00,2026-09-04T09:35:13.854826-05:00,181.2,0,1,5
2026-09-04,46,2026-09-04T06:35:20.302984-05:00,2026-09-04T09:35:20.708473-05:00,180.01,0,0,2
2026-09-04,47,2026-09-04T06:36:24.721522-05:00,2026-09-04T09:37:46.366418-05:00,181.36,0,0,3
2026-09-04,48,2026-09-04T06:37:18.686645-05:00,2026-09-04T09:44:00.703208-05:00,186.7,0,1,6
2026-09-04,49,2026-09-04T06:38:40.491912-05:00,2026-09-04T09:45:47.647064-05:00,187.12,0,0,1
2026-09-04,50,2026-09-04T06:40:19.360102-05:00,2026-09-04T09:48:33.382183-05:00,188.23,0,0,5
2026-09-04,51,2026-09-04T06:41:07.659952-05:00,2026-09-04T09:51:22.245375-05:00,190.24,0,0,4
2026-09-04,52,2026-09-04T06:41:21.377258-05:00,2026-09-04T09:55:00.930799-05:00,193.66,0,0,6
2026-09-04,53,2026-09-04T06:42:39.130016-05:00,2026-09-04T09:55:07.003898-05:00,192.46,0,0,2
2026-09-04,101,2026-09-04T09:55:08.044389-05:00,2026-09-04T09:58:34.361078-05:00,3.44,1,1,3
2026-09-04,54,2026-09-04T06:45:17.826676-05:00,2026-09-04T10:00:07.632164-05:00,194.83,0,0,5
2026-09-04,55,2026-09-04T06:45:34.816126-05:00,2026-09-04T10:00:09.567036-05:00,194.58,0,1,1
2026-09-04,56,2026-09-04T06:46:33.664543-05:00,2026-09-04T10:01:14.722018-05:00,194.68,0,0,4
2026-09-04,57,2026-09-04T06:47:37.790080-05:00,2026-09-04T10:05:32.726165-05:00,197.92,0,1,6
2026-09-04,58,2026-09-04T06:47:57.739486-05:00,2026-09-04T10:07:38.004281-05:00,199.67,0,1,1
2026-09-04,59,2026-09-04T06:49:14.880872-05:00,2026-09-04T10:10:16.516510-05:00,201.03,0,0,4
2026-09-04,61,2026-09-04T06:50:04.790154-05:00,2026-09-04T10:11:33.976145-05:00,201.49,0,1,3
2026-09-04,60,2026-09-04T06:50:12.756578-05:00,2026-09-04T10:11:57.797658-05:00,201.75,0,1,6
2026-09-04,62,2026-09-04T06:51:01.975062-05:00,2026-09-04T10:14:25.034600-05:00,203.38,0,0,2
2026-09-04,63,2026-09-04T06:53:29.860110-05:00,2026-09-04T10:16:35.166045-05:00,203.09,0,1,5
2026-09-04,110,2026-09-04T10:19:13.288698-05:00,2026-09-04T10:21:08.239533-05:00,1.92,1,1,6
2026-09-04,64,2026-09-04T06:53:39.846358-05:00,2026-09-04T10:22:13.195123-05:00,208.56,0,0,4
2026-09-04,65,2026-09-04T06:59:40.570684-05:00,2026-09-04T10:29:35.822955-05:00,209.92,0,0,5
2026-09-04,66,2026-09-04T07:04:07.724418-05:00,2026-09-04T10:30:02.973829-05:00,205.92,0,0,1
2026-09-04,67,2026-09-04T07:09:30.444328-05:00,2026-09-04T10:30:11.996689-05:00,200.69,0,0,2
2026-09-04,68,2026-09-04T07:12:18.854505-05:00,2026-09-04T10:30:51.632859-05:00,198.55,0,0,4
2026-09-04,69,2026-09-04T07:19:17.164883-05:00,2026-09-04T10:37:38.114735-05:00,198.35,0,1,3
2026-09-04,72,2026-09-04T07:27:08.408585-05:00,2026-09-04T10:38:35.393709-05:00,191.45,0,0,5
2026-09-04,73,2026-09-04T07:31:03.723560-05:00,2026-09-04T10:39:57.727878-05:00,188.9,0,1,1
2026-09-04,74,2026-09-04T07:36:41.185932-05:00,2026-09-04T10:40:27.769252-05:00,183.78,0,0,4
2026-09-04,75,2026-09-04T07:50:58.686597-05:00,2026-09-04T10:44:40.424623-05:00,173.7,0,1,2
2026-09-04,76,2026-09-04T07:53:35.947445-05:00,2026-09-04T10:45:17.349430-05:00,171.69,0,0,6
2026-09-04,77,2026-09-04T08:01:18.643572-05:00,2026-09-04T10:48:07.766279-05:00,166.82,0,1,1
2026-09-04,117,2026-09-04T10:48:25.903434-05:00,2026-09-04T10:51:04.747402-05:00,2.65,1,0,5
2026-09-04,78,2026-09-04T08:03:50.977126-05:00,2026-09-04T10:52:09.327380-05:00,168.31,0,1,2
2026-09-04,120,2026-09-04T10:52:58.647103-05:00,2026-09-04T10:53:52.230436-05:00,0.89,1,0,3
2026-09-04,79,2026-09-04T08:05:27.192709-05:00,2026-09-04T10:54:10.109773-05:00,168.72,0,0,6
2026-09-04,80,2026-09-04T08:06:30.752883-05:00,2026-09-04T10:54:50.486990-05:00,168.33,0,1,4
2026-09-04,81,2026-09-04T08:08:50.630701-05:00,2026-09-04T10:59:36.080216-05:00,170.76,0,0,1
2026-09-04,82,2026-09-04T08:16:58.623145-05:00,2026-09-04T11:04:24.234354-05:00,167.43,0,0,3
2026-09-04,83,2026-09-04T08:18:31.187682-05:00,2026-09-04T11:06:19.542121-05:00,167.81,0,1,6
2026-09-04,84,2026-09-04T08:24:16.639335-05:00,2026-09-04T11:06:26.572016-05:00,162.17,0,1,5
2026-09-04,85,2026-09-04T08:37:31.611913-05:00,2026-09-04T11:06:32.272457-05:00,149.01,0,0,1
2026-09-04,123,2026-09-04T11:07:23.665939-05:00,2026-09-04T11:10:40.310758-05:00,3.28,1,1,6
2026-09-04,86,2026-09-04T08:53:12.189393-05:00,2026-09-04T11:10:53.243400-05:00,137.68,0,1,4
2026-09-04,87,2026-09-04T08:56:03.351057-05:00,2026-09-04T11:10:57.197504-05:00,134.9,0,0,2
2026-09-04,88,2026-09-04T08:57:22.685997-05:00,2026-09-04T11:16:13.926676-05:00,138.85,0,0,2
2026-09-04,89,2026-09-04T08:59:51.984805-05:00,2026-09-04T11:16:44.529151-05:00,136.88,0,1,1
2026-09-04,90,2026-09-04T09:10:40.812405-05:00,2026-09-04T11:23:28.312067-05:00,132.79,0,1,5
2026-09-04,91,2026-09-04T09:11:45.820458-05:00,2026-09-04T11:24:20.045978-05:00,132.57,0,0,3
2026-09-04,92,2026-09-04T09:15:36.425315-05:00,2026-09-04T11:27:03.477890-05:00,131.45,0,0,2
2026-09-04,94,2026-09-04T09:18:49.291467-05:00,2026-09-04T11:28:58.371221-05:00,130.15,0,0,4
2026-09-04,95,2026-09-04T09:19:51.891665-05:00,2026-09-04T11:32:37.989831-05:00,132.77,0,0,1
2026-09-04,96,2026-09-04T09:22:14.444580-05:00,2026-09-04T11:34:48.105799-05:00,132.56,0,0,6
2026-09-04,97,2026-09-04T09:27:50.506063-05:00,2026-09-04T11:35:49.977102-05:00,127.99,0,0,5
2026-09-04,98,2026-09-04T09:36:48.840580-05:00,2026-09-04T11:36:08.395593-05:00,119.33,0,0,4
2026-09-04,99,2026-09-04T09:51:27.954414-05:00,2026-09-04T11:36:12.121284-05:00,104.74,0,1,2
2026-09-04,126,2026-09-04T11:37:18.643762-05:00,2026-09-04T11:46:09.232760-05:00,8.84,1,1,4
2026-09-04,100,2026-09-04T09:53:03.159155-05:00,2026-09-04T11:47:13.721875-05:00,114.18,0,0,5
2026-09-04,102,2026-09-04T09:58:49.942496-05:00,2026-09-04T11:52:21.312296-05:00,113.52,0,0,6
2026-09-04,103,2026-09-04T10:02:31.448234-05:00,2026-09-04T11:54:15.490909-05:00,111.73,0,1,3
2026-09-04,104,2026-09-04T10:11:48.749159-05:00,2026-09-04T11:55:08.209056-05:00,103.32,0,0,2
2026-09-04,105,2026-09-04T10:11:52.975237-05:00,2026-09-04T12:00:46.833309-05:00,108.9,0,0,1
2026-09-04,106,2026-09-04T10:14:53.423453-05:00,2026-09-04T12:01:33.931350-05:00,106.68,0,0,6
2026-09-04,107,2026-09-04T10:15:00.926553-05:00,2026-09-04T12:05:24.738893-05:00,110.4,0,0,5
2026-09-04,108,2026-09-04T10:15:41.520185-05:00,2026-09-04T12:05:44.836686-05:00,110.06,0,0,4
2026-09-04,109,2026-09-04T10:16:57.713576-05:00,2026-09-04T12:08:02.954446-05:00,111.09,0,0,3
2026-09-04,111,2026-09-04T10:22:34.307814-05:00,2026-09-04T12:11:05.800686-05:00,108.52,0,0,6
2026-09-04,112,2026-09-04T10:24:54.080720-05:00,2026-09-04T12:15:22.400064-05:00,110.47,0,1,1
2026-09-04,113,2026-09-04T10:28:07.270233-05:00,2026-09-04T12:16:24.873461-05:00,108.29,0,0,3
2026-09-04,114,2026-09-04T10:31:18.630013-05:00,2026-09-04T12:22:22.309675-05:00,111.06,0,0,5
2026-09-04,115,2026-09-04T10:37:10.210945-05:00,2026-09-04T12:24:50.817599-05:00,107.68,0,0,6
2026-09-04,116,2026-09-04T10:44:54.224625-05:00,2026-09-04T12:28:23.466034-05:00,103.49,0,0,5
2026-09-04,118,2026-09-04T10:48:15.909232-05:00,2026-09-04T12:29:26.286182-05:00,101.17,0,0,3
2026-09-04,119,2026-09-04T10:50:07.444466-05:00,2026-09-04T12:30:58.985478-05:00,100.86,0,0,4
2026-09-04,121,2026-09-04T10:54:50.656607-05:00,2026-09-04T12:32:17.578526-05:00,97.45,0,0,2
2026-09-04,122,2026-09-04T11:06:45.924981-05:00,2026-09-04T12:35:56.146588-05:00,89.17,0,0,3
2026-09-04,124,2026-09-04T11:10:27.036421-05:00,2026-09-04T12:36:28.518661-05:00,86.02,0,0,4
2026-09-04,125,2026-09-04T11:12:53.412014-05:00,2026-09-04T12:38:02.779768-05:00,85.16,0,0,6
2026-09-04,127,2026-09-04T11:39:51.835809-05:00,2026-09-04T12:38:22.967359-05:00,58.52,0,0,1
2026-09-04,128,2026-09-04T11:45:02.669141-05:00,2026-09-04T12:47:45.512207-05:00,62.71,0,0,3
2026-09-04,129,2026-09-04T12:13:47.475132-05:00,2026-09-04T12:49:52.263571-05:00,36.08,0,0,4
2026-09-04,130,2026-09-04T12:23:50.161555-05:00,2026-09-04T12:50:48.996704-05:00,26.98,0,0,6
2026-09-04,131,2026-09-04T12:27:33.843741-05:00,2026-09-04T12:51:59.569899-05:00,24.43,0,0,2
2026-09-05,3,2026-09-05T05:37:22.158677-05:00,2026-09-05T07:36:00-05:00,118.63,1,0,1
2026-09-05,5,2026-09-05T05:43:05.678106-05:00,2026-09-05T07:36:00-05:00,112.91,1,1,2
2026-09-05,8,2026-09-05T05:48:42.598080-05:00,2026-09-05T07:36:00-05:00,107.29,1,1,3
2026-09-05,11,2026-09-05T05:50:18.025255-05:00,2026-09-05T07:36:00-05:00,105.7,1,1,4
2026-09-05,12,2026-09-05T05:52:05.162729-05:00,2026-09-05T07:36:00-05:00,103.91,1,1,5
2026-09-05,20,2026-09-05T06:00:29.860171-05:00,2026-09-05T07:36:00-05:00,95.5,1,1,6
2026-09-05,29,2026-09-05T06:08:30.300784-05:00,2026-09-05T07:43:30.993807-05:00,95.01,1,0,1
2026-09-05,28,2026-09-05T06:08:57.957171-05:00,2026-09-05T07:43:56.543991-05:00,94.98,1,1,5
2026-09-05,41,2026-09-05T06:16:57.265169-05:00,2026-09-05T07:48:11.282834-05:00,91.23,1,0,4
2026-09-05,42,2026-09-05T06:17:02.598019-05:00,2026-09-05T07:51:10.169023-05:00,94.13,1,0,1
2026-09-05,78,2026-09-05T06:47:07.027841-05:00,2026-09-05T07:52:07.908041-05:00,65.01,1,0,2
2026-09-05,83,2026-09-05T06:55:52.275307-05:00,2026-09-05T07:55:19.610566-05:00,59.46,1,0,5
2026-09-05,90,2026-09-05T07:06:14.107360-05:00,2026-09-05T07:58:34.135971-05:00,52.33,1,0,3
2026-09-05,93,2026-09-05T07:11:50.132146-05:00,2026-09-05T07:58:55.884891-05:00,47.1,1,0,4
2026-09-05,0,2026-09-05T05:31:51.295146-05:00,2026-09-05T08:03:12.352083-05:00,151.35,0,0,2
2026-09-05,1,2026-09-05T05:36:06.889998-05:00,2026-09-05T08:07:19.142161-05:00,151.2,0,0,6
2026-09-05,2,2026-09-05T05:37:10.755936-05:00,2026-09-05T08:08:32.752661-05:00,151.37,0,1,3
2026-09-05,4,2026-09-05T05:42:32.668377-05:00,2026-09-05T08:09:48.900131-05:00,147.27,0,1,1
2026-09-05,6,2026-09-05T05:43:21.741858-05:00,2026-09-05T08:11:22.552851-05:00,148.01,0,0,4
2026-09-05,7,2026-09-05T05:44:31.314395-05:00,2026-09-05T08:12:58.594459-05:00,148.45,0,0,5
2026-09-05,9,2026-09-05T05:48:40.898639-05:00,2026-09-05T08:17:04.051662-05:00,148.39,0,0,3
2026-09-05,10,2026-09-05T05:49:16.526500-05:00,2026-09-05T08:17:53.308607-05:00,148.61,0,1,2
2026-09-05,13,2026-09-05T05:53:14.598686-05:00,2026-09-05T08:21:33.349752-05:00,148.31,0,0,6
2026-09-05,101,2026-09-05T08:23:04.042972-05:00,2026-09-05T08:25:46.524636-05:00,2.71,1,0,4
2026-09-05,15,2026-09-05T05:54:10.465273-05:00,2026-09-05T08:33:22.206367-05:00,159.2,0,1,2
2026-09-05,14,2026-09-05T05:54:18.000220-05:00,2026-09-05T08:33:35.792078-05:00,159.3,0,0,1
2026-09-05,106,2026-09-05T08:35:13.718192-05:00,2026-09-05T08:36:18.685771-05:00,1.08,1,0,4
2026-09-05,16,2026-09-05T05:55:28.897708-05:00,2026-09-05T08:36:40.293480-05:00,161.19,0,0,5
2026-09-05,17,2026-09-05T05:55:56.304909-05:00,2026-09-05T08:38:43.731972-05:00,162.79,0,0,6
2026-09-05,18,2026-09-05T05:58:12.656270-05:00,2026-09-05T08:40:57.426874-05:00,162.75,0,0,3
2026-09-05,19,2026-09-05T05:59:22.070751-05:00,2026-09-05T08:43:07.404420-05:00,163.76,0,0,2
2026-09-05,22,2026-09-05T06:00:43.077622-05:00,2026-09-05T08:46:35.518530-05:00,165.87,0,0,5
2026-09-05,21,2026-09-05T06:00:49.623366-05:00,2026-09-05T08:49:35.122402-05:00,168.76,0,1,4
2026-09-05,23,2026-09-05T06:01:28.095718-05:00,2026-09-05T08:52:38.749929-05:00,171.18,0,0,3
2026-09-05,24,2026-09-05T06:03:35.742205-05:00,2026-09-05T08:54:18.540314-05:00,170.71,0,0,1
2026-09-05,26,2026-09-05T06:03:58.878013-05:00,2026-09-05T08:56:56.017028-05:00,172.95,0,0,6
2026-09-05,25,2026-09-05T06:03:59.681076-05:00,2026-09-05T09:01:52.712838-05:00,177.88,0,1,3
2026-09-05,27,2026-09-05T06:04:02.556259-05:00,2026-09-05T09:03:22.725874-05:00,179.34,0,0,2
2026-09-05,30,2026-09-05T06:08:40.784049-05:00,2026-09-05T09:06:00.340187-05:00,177.33,0,0,5
2026-09-05,31,2026-09-05T06:09:12.016280-05:00,2026-09-05T09:08:02.430101-05:00,178.84,0,0,4
2026-09-05,32,2026-09-05T06:09:40.517601-05:00,2026-09-05T09:10:48.266044-05:00,181.13,0,1,6
2026-09-05,33,2026-09-05T06:10:39.477693-05:00,2026-09-05T09:14:05.892090-05:00,183.44,0,0,3
2026-09-05,34,2026-09-05T06:10:41.295219-05:00,2026-09-05T09:15:57.691443-05:00,185.27,0,1,1
2026-09-05,35,2026-09-05T06:11:27.842647-05:00,2026-09-05T09:20:30.209970-05:00,189.04,0,1,6
2026-09-05,36,2026-09-05T06:12:06.472916-05:00,2026-09-05T09:20:35.209083-05:00,188.48,0,0,2
2026-09-05,37,2026-09-05T06:13:15.382653-05:00,2026-09-05T09:21:01.617977-05:00,187.77,0,0,5
2026-09-05,38,2026-09-05T06:15:34.345130-05:00,2026-09-05T09:21:46.237520-05:00,186.2,0,0,4
2026-09-05,39,2026-09-05T06:15:35.283831-05:00,2026-09-05T09:24:28.592100-05:00,188.89,0,1,3
2026-09-05,40,2026-09-05T06:16:04.119520-05:00,2026-09-05T09:29:30.141588-05:00,193.43,0,1,1
2026-09-05,44,2026-09-05T06:18:05.988428-05:00,2026-09-05T09:30:23.851671-05:00,192.3,0,0,4
2026-09-05,121,2026-09-05T09:35:52.476634-05:00,2026-09-05T09:35:58.671858-05:00,0.1,1,0,1
2026-09-05,43,2026-09-05T06:18:06.494589-05:00,2026-09-05T09:36:06.782180-05:00,198.0,0,0,2
2026-09-05,45,2026-09-05T06:18:54.486130-05:00,2026-09-05T09:37:31.143734-05:00,198.61,0,0,5
2026-09-05,46,2026-09-05T06:18:57.178935-05:00,2026-09-05T09:37:58.977110-05:00,199.03,0,0,6
2026-09-05,48,2026-09-05T06:19:22.260089-05:00,2026-09-05T09:40:43.122223-05:00,201.35,0,0,3
2026-09-05,47,2026-09-05T06:19:23.154618-05:00,2026-09-05T09:42:48.042711-05:00,203.41,0,0,4
2026-09-05,123,2026-09-05T09:43:02.589563-05:00,2026-09-05T09:48:25.733146-05:00,5.39,1,0,2
2026-09-05,50,2026-09-05T06:19:33.840398-05:00,2026-09-05T09:48:49.037963-05:00,209.25,0,0,6
2026-09-05,49,2026-09-05T06:19:57.156172-05:00,2026-09-05T09:48:56.194734-05:00,208.98,0,1,5
2026-09-05,51,2026-09-05T06:20:13.499124-05:00,2026-09-05T09:49:19.147019-05:00,209.09,0,0,1
2026-09-05,52,2026-09-05T06:20:56.160347-05:00,2026-09-05T09:54:22.592196-05:00,213.44,0,1,3
2026-09-05,125,2026-09-05T09:55:50.695599-05:00,2026-09-05T09:58:00.885408-05:00,2.17,1,0,5
2026-09-05,53,2026-09-05T06:21:33.549559-05:00,2026-09-05T09:59:24.417507-05:00,217.85,0,0,2
2026-09-05,54,2026-09-05T06:23:26.450228-05:00,2026-09-05T09:59:32.522225-05:00,216.1,0,0,1
2026-09-05,55,2026-09-05T06:24:49.235015-05:00,2026-09-05T09:59:44.348857-05:00,214.92,0,0,6
2026-09-05,56,2026-09-05T06:25:42.747454-05:00,2026-09-05T10:00:08.469822-05:00,214.43,0,0,4
2026-09-05,57,2026-09-05T06:27:07.624911-05:00,2026-09-05T10:05:41.702777-05:00,218.57,0,0,3
2026-09-05,58,2026-09-05T06:28:25.226592-05:00,2026-09-05T10:07:43.658127-05:00,219.31,0,0,4
2026-09-05,59,2026-09-05T06:28:41.077985-05:00,2026-09-05T10:12:18.503656-05:00,223.62,0,0,6
2026-09-05,60,2026-09-05T06:29:52.819538-05:00,2026-09-05T10:15:41.864228-05:00,225.82,0,1,3
2026-09-05,61,2026-09-05T06:31:31.742895-05:00,2026-09-05T10:16:27.476472-05:00,224.93,0,0,2
2026-09-05,62,2026-09-05T06:32:14.615002-05:00,2026-09-05T10:17:49.428615-05:00,225.58,0,0,1
2026-09-05,63,2026-09-05T06:34:04.783449-05:00,2026-09-05T10:19:01.762950-05:00,224.95,0,0,5
2026-09-05,64,2026-09-05T06:34:28.880258-05:00,2026-09-05T10:21:18.462541-05:00,226.83,0,1,6
2026-09-05,65,2026-09-05T06:34:51.165588-05:00,2026-09-05T10:23:45.490327-05:00,228.91,0,1,2
2026-09-05,66,2026-09-05T06:35:44.687701-05:00,2026-09-05T10:28:34.088247-05:00,232.82,0,1,5
2026-09-05,67,2026-09-05T06:38:55.023313-05:00,2026-09-05T10:29:00.963226-05:00,230.1,0,0,3
2026-09-05,68,2026-09-05T06:39:29.500689-05:00,2026-09-05T10:30:03.023868-05:00,230.56,0,1,4
2026-09-05,69,2026-09-05T06:39:50.473030-05:00,2026-09-05T10:32:33.893063-05:00,232.72,0,0,6
2026-09-05,70,2026-09-05T06:40:27.494202-05:00,2026-09-05T10:33:25.371594-05:00,232.96,0,0,1
2026-09-05,71,2026-09-05T06:40:39.338312-05:00,2026-09-05T10:34:00.825194-05:00,233.36,0,0,5
2026-09-05,72,2026-09-05T06:41:10.651463-05:00,2026-09-05T10:35:11.560999-05:00,234.02,0,1,4
2026-09-05,73,2026-09-05T06:43:22.728191-05:00,2026-09-05T10:42:05.156520-05:00,238.71,0,0,2
2026-09-05,74,2026-09-05T06:44:06.532399-05:00,2026-09-05T10:44:01.188101-05:00,239.91,0,1,3
2026-09-05,75,2026-09-05T06:44:41.788106-05:00,2026-09-05T10:47:35.768421-05:00,242.9,0,1,5
2026-09-05,76,2026-09-05T06:45:45.682113-05:00,2026-09-05T10:51:18.102561-05:00,245.54,0,0,4
2026-09-05,77,2026-09-05T06:46:26.456323-05:00,2026-09-05T10:52:38.158143-05:00,246.2,0,0,2
2026-09-05,79,2026-09-05T06:47:43.692845-05:00,2026-09-05T10:54:07.928160-05:00,246.4,0,0,6
2026-09-05,80,2026-09-05T06:48:50.496921-05:00,2026-09-05T10:59:59.244606-05:00,251.15,0,1,1
2026-09-05,81,2026-09-05T06:48:58.062162-05:00,2026-09-05T11:00:14.112795-05:00,251.27,0,1,5
2026-09-05,82,2026-09-05T06:53:30.315743-05:00,2026-09-05T11:03:30.923819-05:00,250.01,0,1,4
2026-09-05,84,2026-09-05T06:57:52.511154-05:00,2026-09-05T11:08:30.110897-05:00,250.63,0,0,2
2026-09-05,85,2026-09-05T06:59:19.017285-05:00,2026-09-05T11:10:15.008888-05:00,250.93,0,0,3
2026-09-05,86,2026-09-05T07:00:57.344326-05:00,2026-09-05T11:12:39.017784-05:00,251.69,0,1,1
2026-09-05,87,2026-09-05T07:02:41.593955-05:00,2026-09-05T11:15:44.188509-05:00,253.04,0,1,6
2026-09-05,88,2026-09-05T07:04:42.688785-05:00,2026-09-05T11:17:00.204171-05:00,252.29,0,0,4
2026-09-05,89,2026-09-05T07:06:15.403122-05:00,2026-09-05T11:19:54.316039-05:00,253.65,0,0,2
2026-09-05,91,2026-09-05T07:11:17.154049-05:00,2026-09-05T11:20:25.896233-05:00,249.15,0,0,1
2026-09-05,92,2026-09-05T07:11:25.110556-05:00,2026-09-05T11:21:08.374502-05:00,249.72,0,0,5
2026-09-05,94,2026-09-05T07:29:38.373042-05:00,2026-09-05T11:22:20.553476-05:00,232.7,0,1,3
2026-09-05,95,2026-09-05T07:31:42.248702-05:00,2026-09-05T11:23:06.410224-05:00,231.4,0,0,4
2026-09-05,96,2026-09-05T07:55:40.080489-05:00,2026-09-05T11:23:34.537295-05:00,207.91,0,0,6
2026-09-05,97,2026-09-05T07:58:21.240277-05:00,2026-09-05T11:26:19.235036-05:00,207.97,0,0,1
2026-09-05,98,2026-09-05T07:59:00.710351-05:00,2026-09-05T11:31:33.937418-05:00,212.55,0,0,4
2026-09-05,99,2026-09-05T08:09:30.766930-05:00,2026-09-05T11:31:58.191025-05:00,202.46,0,0,6
2026-09-05,100,2026-09-05T08:18:39.851171-05:00,2026-09-05T11:37:45.154366-05:00,199.09,0,0,1
2026-09-05,102,2026-09-05T08:24:57.393120-05:00,2026-09-05T11:38:34.721944-05:00,193.62,0,0,5
2026-09-05,103,2026-09-05T08:27:49.048318-05:00,2026-09-05T11:38:47.870507-05:00,190.98,0,0,6
2026-09-05,104,2026-09-05T08:28:07.502966-05:00,2026-09-05T11:39:16.422337-05:00,191.15,0,0,4
2026-09-05,105,2026-09-05T08:29:45.817927-05:00,2026-09-05T11:41:13.991737-05:00,191.47,0,0,2
2026-09-05,107,2026-09-05T08:46:40.075115-05:00,2026-09-05T11:41:29.074894-05:00,174.82,0,0,3
2026-09-05,108,2026-09-05T09:02:20.312860-05:00,2026-09-05T11:47:06.816431-05:00,164.78,0,0,1
2026-09-05,109,2026-09-05T09:07:35.952920-05:00,2026-09-05T11:48:56.881392-05:00,161.35,0,0,5
2026-09-05,110,2026-09-05T09:10:36.585807-05:00,2026-09-05T11:49:16.928571-05:00,158.67,0,0,6
2026-09-05,112,2026-09-05T09:11:53.566158-05:00,2026-09-05T11:49:20.004033-05:00,157.44,0,0,3
2026-09-05,111,2026-09-05T09:11:56.879213-05:00,2026-09-05T11:53:19.616550-05:00,161.38,0,0,4
2026-09-05,113,2026-09-05T09:13:19.052887-05:00,2026-09-05T11:54:53.924063-05:00,161.58,0,0,2
2026-09-05,114,2026-09-05T09:17:32.067654-05:00,2026-09-05T12:00:28.905154-05:00,162.95,0,0,5
2026-09-05,115,2026-09-05T09:26:38.775613-05:00,2026-09-05T12:00:39.515207-05:00,154.01,0,0,4
2026-09-05,116,2026-09-05T09:27:01.505647-05:00,2026-09-05T12:04:04.792208-05:00,157.05,0,0,1
2026-09-05,117,2026-09-05T09:27:28.295107-05:00,2026-09-05T12:06:15.677461-05:00,158.79,0,1,3
2026-09-05,118,2026-09-05T09:29:37.508103-05:00,2026-09-05T12:06:34.422159-05:00,156.95,0,1,4
2026-09-05,119,2026-09-05T09:32:19.119732-05:00,2026-09-05T12:09:33.571119-05:00,157.24,0,0,2
2026-09-05,120,2026-09-05T09:33:14.278473-05:00,2026-09-05T12:13:04.588022-05:00,159.84,0,0,6
2026-09-05,122,2026-09-05T09:40:50.537138-05:00,2026-09-05T12:17:10.626533-05:00,156.33,0,1,5
2026-09-05,124,2026-09-05T09:49:16.827487-05:00,2026-09-05T12:23:09.433746-05:00,153.88,0,1,4
2026-09-05,126,2026-09-05T09:57:43.924804-05:00,2026-09-05T12:24:05.592418-05:00,146.36,0,1,3
2026-09-05,127,2026-09-05T10:00:30.463750-05:00,2026-09-05T12:25:40.272116-05:00,145.16,0,0,6
2026-09-05,128,2026-09-05T10:04:17.755011-05:00,2026-09-05T12:25:50.548144-05:00,141.55,0,0,5
2026-09-05,129,2026-09-05T10:07:23.987073-05:00,2026-09-05T12:27:27.445173-05:00,140.06,0,0,2
2026-09-05,130,2026-09-05T10:08:27.525697-05:00,2026-09-05T12:35:59.683385-05:00,147.54,0,1,5
2026-09-05,131,2026-09-05T10:12:40.103628-05:00,2026-09-05T12:37:08.140030-05:00,144.47,0,0,1
2026-09-05,132,2026-09-05T10:22:45.139408-05:00,2026-09-05T12:39:13.999639-05:00,136.48,0,0,4
2026-09-05,133,2026-09-05T10:24:38.985891-05:00,2026-09-05T12:45:27.222702-05:00,140.8,0,0,5
2026-09-05,134,2026-09-05T10:31:37.069240-05:00,2026-09-05T12:47:31.543330-05:00,135.91,0,0,2
2026-09-05,135,2026-09-05T10:48:42.940640-05:00,2026-09-05T12:48:32.198186-05:00,119.82,0,0,1
2026-09-05,136,2026-09-05T10:49:36.465018-05:00,2026-09-05T12:49:05.891930-05:00,119.49,0,0,6
2026-09-05,137,2026-09-05T10:59:02.146366-05:00,2026-09-05T12:49:29.784784-05:00,110.46,0,0,3
2026-09-05,138,2026-09-05T11:09:18.108527-05:00,2026-09-05T12:54:07.428892-05:00,104.82,0,1,4
2026-09-05,139,2026-09-05T11:10:47.884604-05:00,2026-09-05T12:55:51.856944-05:00,105.07,0,0,3
2026-09-05,140,2026-09-05T11:14:39.673080-05:00,2026-09-05T13:04:07.551100-05:00,109.46,0,1,6
2026-09-05,141,2026-09-05T11:20:17.868521-05:00,2026-09-05T13:05:04.683721-05:00,104.78,0,0,1
2026-09-05,142,2026-09-05T11:24:56.161828-05:00,2026-09-05T13:06:17.945018-05:00,101.36,0,0,5
2026-09-05,143,2026-09-05T11:26:43.926607-05:00,2026-09-05T13:06:30.231842-05:00,99.77,0,0,2
2026-09-05,144,2026-09-05T11:37:18.622390-05:00,2026-09-05T13:12:58.597432-05:00,95.67,0,0,2
2026-09-05,145,2026-09-05T11:55:47.487222-05:00,2026-09-05T13:14:08.483440-05:00,78.35,0,1,3
2026-09-05,146,2026-09-05T11:57:07.753108-05:00,2026-09-05T13:14:22.352559-05:00,77.24,0,0,5
2026-09-05,147,2026-09-05T11:57:51.058640-05:00,2026-09-05T13:15:20.698646-05:00,77.49,0,0,1
2026-09-05,148,2026-09-05T12:15:23.433306-05:00,2026-09-05T13:16:47.596948-05:00,61.4,0,1,4
2026-09-07,2,2026-09-07T05:35:15.056780-05:00,2026-09-07T07:36:00-05:00,120.75,1,0,1
2026-09-07,6,2026-09-07T05:39:47.997967-05:00,2026-09-07T07:36:00-05:00,116.2,1,0,2
2026-09-07,11,2026-09-07T05:49:10.610241-05:00,2026-09-07T07:36:00-05:00,106.82,1,0,3
2026-09-07,18,2026-09-07T06:00:37.887833-05:00,2026-09-07T07:36:00-05:00,95.37,1,0,4
2026-09-07,57,2026-09-07T06:36:23.937715-05:00,2026-09-07T07:36:00-05:00,59.6,1,1,5
2026-09-07,75,2026-09-07T06:58:08.318607-05:00,2026-09-07T07:36:00-05:00,37.86,1,0,6
2026-09-07,91,2026-09-07T07:30:01.930237-05:00,2026-09-07T07:41:41.242908-05:00,11.66,1,0,3
2026-09-07,0,2026-09-07T05:34:41.784971-05:00,2026-09-07T07:41:52.281803-05:00,127.17,0,0,2
2026-09-07,1,2026-09-07T05:35:26.850147-05:00,2026-09-07T07:43:30.678081-05:00,128.06,0,0,1
2026-09-07,95,2026-09-07T07:48:09.320791-05:00,2026-09-07T07:48:10.158271-05:00,0.01,1,1,6
2026-09-07,3,2026-09-07T05:35:47.428957-05:00,2026-09-07T07:50:12.494070-05:00,134.42,0,0,5
2026-09-07,4,2026-09-07T05:36:25.677304-05:00,2026-09-07T07:53:50.246992-05:00,137.41,0,0,3
2026-09-07,5,2026-09-07T05:39:26.089535-05:00,2026-09-07T07:55:12.306071-05:00,135.77,0,0,6
2026-09-07,7,2026-09-07T05:40:25.988490-05:00,2026-09-07T07:57:11.517825-05:00,136.76,0,1,2
2026-09-07,8,2026-09-07T05:40:46.878987-05:00,2026-09-07T08:00:00.004743-05:00,139.22,0,0,1
2026-09-07,9,2026-09-07T05:44:38.225454-05:00,2026-09-07T08:02:07.818246-05:00,137.49,0,0,6
2026-09-07,10,2026-09-07T05:45:22.764871-05:00,2026-09-07T08:06:58.905348-05:00,141.6,0,1,5
2026-09-07,12,2026-09-07T05:50:08.386982-05:00,2026-09-07T08:12:40.675489-05:00,142.54,0,0,5
2026-09-07,102,2026-09-07T08:16:52.582258-05:00,2026-09-07T08:17:09.253748-05:00,0.28,1,1,2
2026-09-07,13,2026-09-07T05:51:50.458494-05:00,2026-09-07T08:19:36.693722-05:00,147.77,0,0,3
2026-09-07,14,2026-09-07T05:58:01.568255-05:00,2026-09-07T08:20:06.494454-05:00,142.08,0,1,4
2026-09-07,16,2026-09-07T05:59:07.706909-05:00,2026-09-07T08:21:38.148157-05:00,142.51,0,0,1
2026-09-07,15,2026-09-07T05:59:19.770489-05:00,2026-09-07T08:27:38.601530-05:00,148.31,0,1,4
2026-09-07,104,2026-09-07T08:29:33.407995-05:00,2026-09-07T08:31:10.864481-05:00,1.62,1,1,1
2026-09-07,17,2026-09-07T06:00:30.971436-05:00,2026-09-07T08:31:20.831269-05:00,150.83,0,1,6
2026-09-07,19,2026-09-07T06:02:03.832732-05:00,2026-09-07T08:33:05.233786-05:00,151.02,0,1,2
2026-09-07,20,2026-09-07T06:02:42.955475-05:00,2026-09-07T08:34:00.326904-05:00,151.29,0,0,5
2026-09-07,21,2026-09-07T06:02:45.102050-05:00,2026-09-07T08:37:25.064951-05:00,154.67,0,0,1
2026-09-07,22,2026-09-07T06:03:39.155088-05:00,2026-09-07T08:38:24.759899-05:00,154.76,0,0,4
2026-09-07,23,2026-09-07T06:04:18.629927-05:00,2026-09-07T08:42:09.082639-05:00,157.84,0,0,2
2026-09-07,24,2026-09-07T06:05:26.610342-05:00,2026-09-07T08:43:59.763604-05:00,158.55,0,0,6
2026-09-07,25,2026-09-07T06:07:17.911803-05:00,2026-09-07T08:48:32.244549-05:00,161.24,0,0,3
2026-09-07,28,2026-09-07T06:08:11.454164-05:00,2026-09-07T08:49:06.438804-05:00,160.92,0,1,4
2026-09-07,27,2026-09-07T06:08:12.456864-05:00,2026-09-07T08:51:57.080375-05:00,163.74,0,0,5
2026-09-07,26,2026-09-07T06:08:22.925212-05:00,2026-09-07T08:54:12.983299-05:00,165.83,0,0,1
2026-09-07,29,2026-09-07T06:08:34.518673-05:00,2026-09-07T08:58:19.639051-05:00,169.75,0,1,5
2026-09-07,30,2026-09-07T06:10:38.216758-05:00,2026-09-07T09:01:34.431239-05:00,170.94,0,1,6
2026-09-07,31,2026-09-07T06:11:42.511668-05:00,2026-09-07T09:05:54.079195-05:00,174.19,0,0,4
2026-09-07,32,2026-09-07T06:12:36.982911-05:00,2026-09-07T09:08:34.457760-05:00,175.96,0,0,5
2026-09-07,33,2026-09-07T06:13:29.638892-05:00,2026-09-07T09:08:39.172469-05:00,175.16,0,1,1
2026-09-07,34,2026-09-07T06:13:34.739234-05:00,2026-09-07T09:11:48.322304-05:00,178.23,0,0,6
2026-09-07,36,2026-09-07T06:14:19.674914-05:00,2026-09-07T09:13:12.346651-05:00,178.88,0,1,2
2026-09-07,35,2026-09-07T06:14:28.746427-05:00,2026-09-07T09:13:59.245179-05:00,179.51,0,1,4
2026-09-07,37,2026-09-07T06:17:47.502277-05:00,2026-09-07T09:16:25.406203-05:00,178.63,0,0,3
2026-09-07,38,2026-09-07T06:18:27.196377-05:00,2026-09-07T09:17:26.935605-05:00,179.0,0,0,1
2026-09-07,39,2026-09-07T06:18:37.895056-05:00,2026-09-07T09:17:56.318903-05:00,179.31,0,0,6
2026-09-07,40,2026-09-07T06:22:05.582051-05:00,2026-09-07T09:18:17.190610-05:00,176.19,0,0,5
2026-09-07,41,2026-09-07T06:23:42.445141-05:00,2026-09-07T09:20:06.069394-05:00,176.39,0,0,4
2026-09-07,42,2026-09-07T06:24:38.475159-05:00,2026-09-07T09:21:42.766807-05:00,177.07,0,1,2
2026-09-07,43,2026-09-07T06:27:04.933489-05:00,2026-09-07T09:23:44.990311-05:00,176.67,0,1,3
2026-09-07,44,2026-09-07T06:27:08.728343-05:00,2026-09-07T09:29:27.102285-05:00,182.31,0,0,6
2026-09-07,45,2026-09-07T06:27:58.842227-05:00,2026-09-07T09:32:06.312154-05:00,184.12,0,0,3
2026-09-07,46,2026-09-07T06:28:23.240620-05:00,2026-09-07T09:34:01.323014-05:00,185.63,0,0,1
2026-09-07,47,2026-09-07T06:28:44.583935-05:00,2026-09-07T09:36:46.156178-05:00,188.03,0,0,4
2026-09-07,49,2026-09-07T06:30:36.990263-05:00,2026-09-07T09:37:12.766406-05:00,186.6,0,1,2
2026-09-07,121,2026-09-07T09:42:41.064749-05:00,2026-09-07T09:43:35.841360-05:00,0.91,1,1,5
2026-09-07,48,2026-09-07T06:30:42.795776-05:00,2026-09-07T09:44:21.582689-05:00,193.65,0,0,1
2026-09-07,50,2026-09-07T06:31:05.340815-05:00,2026-09-07T09:44:37.935502-05:00,193.54,0,1,6
2026-09-07,52,2026-09-07T06:33:00.861900-05:00,2026-09-07T09:48:51.691246-05:00,195.85,0,1,3
2026-09-07,51,2026-09-07T06:33:14.096485-05:00,2026-09-07T09:49:52.176969-05:00,196.63,0,0,6
2026-09-07,54,2026-09-07T06:34:00.582975-05:00,2026-09-07T09:50:01.185639-05:00,196.01,0,0,2
2026-09-07,53,2026-09-07T06:34:27.738916-05:00,2026-09-07T09:50:03.782629-05:00,195.6,0,0,4
2026-09-07,55,2026-09-07T06:35:29.601755-05:00,2026-09-07T09:54:44.794461-05:00,199.25,0,0,1
2026-09-07,56,2026-09-07T06:36:21.529190-05:00,2026-09-07T09:56:29.622110-05:00,200.13,0,0,5
2026-09-07,58,2026-09-07T06:39:15.546503-05:00,2026-09-07T09:56:51.124086-05:00,197.59,0,0,2
2026-09-07,59,2026-09-07T06:40:06.397261-05:00,2026-09-07T10:05:10.154804-05:00,205.06,0,0,6
2026-09-07,60,2026-09-07T06:41:37.010728-05:00,2026-09-07T10:06:03.856124-05:00,204.45,0,0,3
2026-09-07,125,2026-09-07T10:06:15.267733-05:00,2026-09-07T10:08:12.140587-05:00,1.95,1,0,2
2026-09-07,61,2026-09-07T06:42:27.838666-05:00,2026-09-07T10:08:47.458462-05:00,206.33,0,0,1
2026-09-07,62,2026-09-07T06:43:14.012699-05:00,2026-09-07T10:09:51.304833-05:00,206.62,0,0,4
2026-09-07,63,2026-09-07T06:44:53.565787-05:00,2026-09-07T10:13:29.224914-05:00,208.59,0,1,5
2026-09-07,64,2026-09-07T06:45:02.860042-05:00,2026-09-07T10:17:00.289514-05:00,211.96,0,0,4
2026-09-07,65,2026-09-07T06:45:06.877178-05:00,2026-09-07T10:23:33.472772-05:00,218.44,0,0,6
2026-09-07,66,2026-09-07T06:46:10.773241-05:00,2026-09-07T10:23:52.523717-05:00,217.7,0,0,2
2026-09-07,67,2026-09-07T06:47:25.429412-05:00,2026-09-07T10:26:16.081013-05:00,218.84,0,1,1
2026-09-07,68,2026-09-07T06:48:37.624194-05:00,2026-09-07T10:28:03.137810-05:00,219.43,0,1,3
2026-09-07,69,2026-09-07T06:49:59.935858-05:00,2026-09-07T10:28:50.115928-05:00,218.84,0,0,5
2026-09-07,70,2026-09-07T06:50:03.787726-05:00,2026-09-07T10:29:59.806129-05:00,219.93,0,0,4
2026-09-07,71,2026-09-07T06:52:27.685038-05:00,2026-09-07T10:34:53.423278-05:00,222.43,0,0,2
2026-09-07,72,2026-09-07T06:53:03.092594-05:00,2026-09-07T10:36:28.740828-05:00,223.43,0,0,6
2026-09-07,73,2026-09-07T06:56:39.343903-05:00,2026-09-07T10:39:50.880148-05:00,223.19,0,0,4
2026-09-07,74,2026-09-07T06:58:18.034238-05:00,2026-09-07T10:41:32.011016-05:00,223.23,0,0,1
2026-09-07,76,2026-09-07T06:59:26.515189-05:00,2026-09-07T10:41:40.160178-05:00,222.23,0,1,3
2026-09-07,77,2026-09-07T07:00:46.972891-05:00,2026-09-07T10:42:27.454662-05:00,221.67,0,0,6
2026-09-07,78,2026-09-07T07:04:06.651534-05:00,2026-09-07T10:43:43.731663-05:00,219.62,0,0,5
2026-09-07,79,2026-09-07T07:07:18.136324-05:00,2026-09-07T10:48:53.009347-05:00,221.58,0,0,3
2026-09-07,80,2026-09-07T07:07:51.874870-05:00,2026-09-07T10:50:42.244321-05:00,222.84,0,0,1
2026-09-07,81,2026-09-07T07:09:39.034794-05:00,2026-09-07T10:51:16.589523-05:00,221.63,0,0,5
2026-09-07,135,2026-09-07T10:54:27.367790-05:00,2026-09-07T10:54:50.127554-05:00,0.38,1,0,4
2026-09-07,82,2026-09-07T07:10:55.159783-05:00,2026-09-07T11:00:13.922734-05:00,229.31,0,0,1
2026-09-07,83,2026-09-07T07:12:57.860873-05:00,2026-09-07T11:02:48.205964-05:00,229.84,0,1,2
2026-09-07,84,2026-09-07T07:13:15.039337-05:00,2026-09-07T11:05:29.192308-05:00,232.24,0,0,5
2026-09-07,85,2026-09-07T07:21:25.754255-05:00,2026-09-07T11:05:34.119279-05:00,224.14,0,0,6
2026-09-07,86,2026-09-07T07:22:13.465106-05:00,2026-09-07T11:11:22.909926-05:00,229.16,0,0,3
2026-09-07,87,2026-09-07T07:22:30.085823-05:00,2026-09-07T11:17:15.948042-05:00,234.76,0,0,2
2026-09-07,88,2026-09-07T07:24:14.929259-05:00,2026-09-07T11:18:59.907929-05:00,234.75,0,0,1
2026-09-07,89,2026-09-07T07:27:56.318202-05:00,2026-09-07T11:19:14.755578-05:00,231.31,0,0,3
2026-09-07,90,2026-09-07T07:29:39.398525-05:00,2026-09-07T11:20:28.316639-05:00,230.82,0,1,4
2026-09-07,92,2026-09-07T07:33:16.289326-05:00,2026-09-07T11:21:33.374885-05:00,228.28,0,1,6
2026-09-07,93,2026-09-07T07:41:47.473138-05:00,2026-09-07T11:23:03.942843-05:00,221.27,0,0,1
2026-09-07,94,2026-09-07T07:44:23.905133-05:00,2026-09-07T11:23:51.636002-05:00,219.46,0,0,2
2026-09-07,140,2026-09-07T11:24:46.347679-05:00,2026-09-07T11:26:52.900367-05:00,2.11,1,1,5
2026-09-07,96,2026-09-07T07:54:54.876818-05:00,2026-09-07T11:30:14.164832-05:00,215.32,0,0,6
2026-09-07,97,2026-09-07T07:57:50.542328-05:00,2026-09-07T11:37:31.147834-05:00,219.68,0,1,3
2026-09-07,98,2026-09-07T08:00:47.890186-05:00,2026-09-07T11:39:00.212986-05:00,218.21,0,0,5
2026-09-07,99,2026-09-07T08:01:01.467717-05:00,2026-09-07T11:39:14.476976-05:00,218.22,0,0,1
2026-09-07,100,2026-09-07T08:04:17.106814-05:00,2026-09-07T11:42:04.760995-05:00,217.79,0,1,2
2026-09-07,101,2026-09-07T08:06:44.782924-05:00,2026-09-07T11:46:16.919953-05:00,219.54,0,0,1
2026-09-07,103,2026-09-07T08:21:44.320333-05:00,2026-09-07T11:47:13.640948-05:00,205.49,0,1,4
2026-09-07,105,2026-09-07T08:35:38.833870-05:00,2026-09-07T11:49:27.588186-05:00,193.81,0,0,3
2026-09-07,106,2026-09-07T08:38:35.097445-05:00,2026-09-07T11:51:21.947041-05:00,192.78,0,0,6
2026-09-07,107,2026-09-07T08:45:32.938717-05:00,2026-09-07T11:55:29.717950-05:00,189.95,0,1,1
2026-09-07,108,2026-09-07T08:47:49.676701-05:00,2026-09-07T11:55:46.803203-05:00,187.95,0,0,2
2026-09-07,109,2026-09-07T08:54:22.557172-05:00,2026-09-07T12:02:01.040028-05:00,187.64,0,0,5
2026-09-07,110,2026-09-07T08:58:10.509060-05:00,2026-09-07T12:06:28.825266-05:00,188.31,0,0,6
2026-09-07,111,2026-09-07T08:58:32.742077-05:00,2026-09-07T12:08:46.527585-05:00,190.23,0,1,4
2026-09-07,112,2026-09-07T09:05:59.254365-05:00,2026-09-07T12:09:10.590352-05:00,183.19,0,0,2
2026-09-07,113,2026-09-07T09:09:26.183524-05:00,2026-09-07T12:09:21.737982-05:00,179.93,0,1,1
2026-09-07,114,2026-09-07T09:11:19.448606-05:00,2026-09-07T12:11:50.218203-05:00,180.51,0,1,5
2026-09-07,115,2026-09-07T09:15:41.994350-05:00,2026-09-07T12:14:17.492092-05:00,178.59,0,1,4
2026-09-07,116,2026-09-07T09:16:30.558696-05:00,2026-09-07T12:17:07.109100-05:00,180.61,0,0,2
2026-09-07,117,2026-09-07T09:24:42.980116-05:00,2026-09-07T12:23:17.300156-05:00,178.57,0,1,1
2026-09-07,118,2026-09-07T09:25:22.624823-05:00,2026-09-07T12:25:56.317183-05:00,180.56,0,0,3
2026-09-07,119,2026-09-07T09:36:23.088842-05:00,2026-09-07T12:26:34.558184-05:00,170.19,0,1,5
2026-09-07,120,2026-09-07T09:39:14.271073-05:00,2026-09-07T12:27:09.896222-05:00,167.93,0,0,2
2026-09-07,122,2026-09-07T09:46:31.745221-05:00,2026-09-07T12:30:41.371555-05:00,164.16,0,0,4
2026-09-07,123,2026-09-07T09:52:03.169903-05:00,2026-09-07T12:37:08.900612-05:00,165.1,0,1,5
2026-09-07,124,2026-09-07T09:53:31.055305-05:00,2026-09-07T12:38:26.190504-05:00,164.92,0,0,4
2026-09-07,126,2026-09-07T10:18:26.955456-05:00,2026-09-07T12:40:25.791122-05:00,141.98,0,0,1
2026-09-07,127,2026-09-07T10:19:47.189851-05:00,2026-09-07T12:41:01.579241-05:00,141.24,0,1,6
2026-09-07,128,2026-09-07T10:23:59.532501-05:00,2026-09-07T12:41:13.918504-05:00,137.24,0,0,3
2026-09-07,129,2026-09-07T10:27:37.448032-05:00,2026-09-07T12:44:29.385060-05:00,136.87,0,1,5
2026-09-07,130,2026-09-07T10:28:44.015111-05:00,2026-09-07T12:46:14.340471-05:00,137.51,0,0,2
2026-09-07,131,2026-09-07T10:31:34.188504-05:00,2026-09-07T12:49:06.765758-05:00,137.54,0,0,4
2026-09-07,132,2026-09-07T10:38:11.767676-05:00,2026-09-07T12:49:43.965142-05:00,131.54,0,0,1
2026-09-07,133,2026-09-07T10:41:05.912152-05:00,2026-09-07T12:52:00.840481-05:00,130.92,0,1,6
2026-09-07,134,2026-09-07T10:41:44.041134-05:00,2026-09-07T12:57:06.131508-05:00,135.37,0,0,2
2026-09-07,136,2026-09-07T11:12:05.034706-05:00,2026-09-07T13:00:57.848347-05:00,108.88,0,0,6
2026-09-07,137,2026-09-07T11:17:03.616827-05:00,2026-09-07T13:01:58.565711-05:00,104.92,0,0,3
2026-09-07,138,2026-09-07T11:18:25.001390-05:00,2026-09-07T13:05:34.175136-05:00,107.15,0,0,5
2026-09-07,139,2026-09-07T11:21:26.590044-05:00,2026-09-07T13:07:06.663789-05:00,105.67,0,1,1
2026-09-07,141,2026-09-07T11:30:46.382870-05:00,2026-09-07T13:09:11.734665-05:00,98.42,0,0,4
2026-09-07,142,2026-09-07T11:31:08.035301-05:00,2026-09-07T13:11:23.547521-05:00,100.26,0,0,5
2026-09-07,143,2026-09-07T11:32:24.023836-05:00,2026-09-07T13:11:56.394137-05:00,99.54,0,0,2
2026-09-07,144,2026-09-07T11:54:33.207066-05:00,2026-09-07T13:12:11.632080-05:00,77.64,0,0,6
2026-09-07,145,2026-09-07T11:58:15.987531-05:00,2026-09-07T13:12:19.649336-05:00,74.06,0,1,3
2026-09-07,146,2026-09-07T12:05:33.311269-05:00,2026-09-07T13:17:48.562616-05:00,72.25,0,0,2
2026-09-07,147,2026-09-07T12:21:23.132045-05:00,2026-09-07T13:20:31.692315-05:00,59.14,0,1,6
2026-09-08,4,2026-09-08T05:37:37.474109-05:00,2026-09-08T07:36:00-05:00,118.38,1,1,1
2026-09-08,7,2026-09-08T05:41:17.967486-05:00,2026-09-08T07:36:00-05:00,114.7,1,1,2
2026-09-08,12,2026-09-08T05:51:39.732474-05:00,2026-09-08T07:36:00-05:00,104.34,1,0,3
2026-09-08,17,2026-09-08T05:56:46.863455-05:00,2026-09-08T07:36:00-05:00,99.22,1,0,4
2026-09-08,43,2026-09-08T06:14:40.245328-05:00,2026-09-08T07:36:00-05:00,81.33,1,0,5
2026-09-08,54,2026-09-08T06:27:32.463564-05:00,2026-09-08T07:36:00-05:00,68.46,1,1,6
2026-09-08,57,2026-09-08T06:29:53.482459-05:00,2026-09-08T07:45:02.130888-05:00,75.14,1,0,2
2026-09-08,67,2026-09-08T06:46:13.499796-05:00,2026-09-08T07:46:38.442110-05:00,60.42,1,0,6
2026-09-08,84,2026-09-08T07:54:09.834570-05:00,2026-09-08T07:55:02.023740-05:00,0.87,1,0,1
2026-09-08,0,2026-09-08T05:31:50.095717-05:00,2026-09-08T07:59:31.268884-05:00,147.69,0,1,2
2026-09-08,1,2026-09-08T05:33:38.110450-05:00,2026-09-08T07:59:41.674091-05:00,146.06,0,0,6
2026-09-08,2,2026-09-08T05:35:14.117878-05:00,2026-09-08T08:02:47.997905-05:00,147.56,0,1,3
2026-09-08,3,2026-09-08T05:37:05.456640-05:00,2026-09-08T08:03:51.139315-05:00,146.76,0,0,1
2026-09-08,5,2026-09-08T05:38:06.044892-05:00,2026-09-08T08:03:53.741288-05:00,145.79,0,0,5
2026-09-08,6,2026-09-08T05:41:18.415314-05:00,2026-09-08T08:05:22.143899-05:00,144.06,0,0,4
2026-09-08,8,2026-09-08T05:45:07.794068-05:00,2026-09-08T08:06:08.872530-05:00,141.02,0,0,6
2026-09-08,9,2026-09-08T05:47:16.954176-05:00,2026-09-08T08:11:30.582008-05:00,144.23,0,0,3
2026-09-08,11,2026-09-08T05:49:34.677569-05:00,2026-09-08T08:17:17.485799-05:00,147.71,0,0,2
2026-09-08,10,2026-09-08T05:49:42.910030-05:00,2026-09-08T08:18:12.157896-05:00,148.49,0,0,5
2026-09-08,13,2026-09-08T05:51:46.551837-05:00,2026-09-08T08:23:18.954731-05:00,151.54,0,0,6
2026-09-08,14,2026-09-08T05:53:49.321041-05:00,2026-09-08T08:24:35.775687-05:00,150.77,0,1,1
2026-09-08,15,2026-09-08T05:55:25.666017-05:00,2026-09-08T08:27:04.415147-05:00,151.65,0,0,3
2026-09-08,16,2026-09-08T05:56:25.578112-05:00,2026-09-08T08:28:06.981720-05:00,151.69,0,0,5
2026-09-08,18,2026-09-08T05:58:31.585007-05:00,2026-09-08T08:28:39.722801-05:00,150.14,0,1,4
2026-09-08,19,2026-09-08T05:59:10.359029-05:00,2026-09-08T08:30:58.760748-05:00,151.81,0,0,6
2026-09-08,20,2026-09-08T05:59:21.811904-05:00,2026-09-08T08:36:10.123057-05:00,156.81,0,0,5
2026-09-08,21,2026-09-08T05:59:59.498265-05:00,2026-09-08T08:38:22.292809-05:00,158.38,0,0,4
2026-09-08,22,2026-09-08T06:02:09.634637-05:00,2026-09-08T08:42:22.501612-05:00,160.21,0,1,3
2026-09-08,23,2026-09-08T06:04:22.130863-05:00,2026-09-08T08:43:47.184335-05:00,159.42,0,0,2
2026-09-08,24,2026-09-08T06:06:50.160438-05:00,2026-09-08T08:44:18.552398-05:00,157.47,0,0,1
2026-09-08,25,2026-09-08T06:07:21.399206-05:00,2026-09-08T08:51:05.493625-05:00,163.73,0,1,2
2026-09-08,26,2026-09-08T06:09:28.952920-05:00,2026-09-08T08:52:28.106137-05:00,162.99,0,1,6
2026-09-08,27,2026-09-08T06:09:46.124614-05:00,2026-09-08T08:54:23.165430-05:00,164.62,0,0,1
2026-09-08,28,2026-09-08T06:10:09.764799-05:00,2026-09-08T08:54:51.456479-05:00,164.69,0,1,4
2026-09-08,29,2026-09-08T06:10:32.663799-05:00,2026-09-08T08:59:15.113005-05:00,168.71,0,1,5
2026-09-08,30,2026-09-08T06:10:42.848500-05:00,2026-09-08T09:01:20.466286-05:00,170.63,0,0,2
2026-09-08,32,2026-09-08T06:11:06.456535-05:00,2026-09-08T09:02:31.303474-05:00,171.41,0,0,3
2026-09-08,31,2026-09-08T06:11:29.411294-05:00,2026-09-08T09:02:32.583386-05:00,171.05,0,0,1
2026-09-08,33,2026-09-08T06:12:05.191376-05:00,2026-09-08T09:06:23.509191-05:00,174.31,0,1,4
2026-09-08,34,2026-09-08T06:12:05.443900-05:00,2026-09-08T09:07:16.887036-05:00,175.19,0,0,2
2026-09-08,35,2026-09-08T06:12:07.581672-05:00,2026-09-08T09:07:26.139129-05:00,175.31,0,0,5
2026-09-08,36,2026-09-08T06:12:39.588326-05:00,2026-09-08T09:08:41.426713-05:00,176.03,0,0,6
2026-09-08,37,2026-09-08T06:13:02.148669-05:00,2026-09-08T09:12:55.284773-05:00,179.89,0,1,3
2026-09-08,41,2026-09-08T06:13:08.871512-05:00,2026-09-08T09:20:10.022741-05:00,187.02,0,0,5
2026-09-08,39,2026-09-08T06:13:19.726248-05:00,2026-09-08T09:23:31.566795-05:00,190.2,0,0,2
2026-09-08,40,2026-09-08T06:13:27.737802-05:00,2026-09-08T09:23:55.415306-05:00,190.46,0,0,4
2026-09-08,38,2026-09-08T06:13:28.544222-05:00,2026-09-08T09:28:04.921457-05:00,194.61,0,1,3
2026-09-08,42,2026-09-08T06:13:35.482558-05:00,2026-09-08T09:32:18.219734-05:00,198.71,0,1,2
2026-09-08,44,2026-09-08T06:15:45.539015-05:00,2026-09-08T09:33:14.716016-05:00,197.49,0,1,5
2026-09-08,45,2026-09-08T06:18:59.173341-05:00,2026-09-08T09:33:33.523173-05:00,194.57,0,0,6
2026-09-08,46,2026-09-08T06:19:02.670197-05:00,2026-09-08T09:34:00.925400-05:00,194.97,0,0,1
2026-09-08,47,2026-09-08T06:20:31.804867-05:00,2026-09-08T09:34:05.675920-05:00,193.56,0,1,4
2026-09-08,106,2026-09-08T09:38:02.231466-05:00,2026-09-08T09:41:20.649918-05:00,3.31,1,1,2
2026-09-08,49,2026-09-08T06:21:00.975672-05:00,2026-09-08T09:45:03.279832-05:00,204.04,0,1,6
2026-09-08,48,2026-09-08T06:21:13.122540-05:00,2026-09-08T09:49:10.177491-05:00,207.95,0,0,3
2026-09-08,50,2026-09-08T06:22:10.221906-05:00,2026-09-08T09:50:55.289744-05:00,208.75,0,1,6
2026-09-08,51,2026-09-08T06:23:42.434515-05:00,2026-09-08T09:51:11.580499-05:00,207.49,0,1,2
2026-09-08,52,2026-09-08T06:24:52.622743-05:00,2026-09-08T09:51:15.938940-05:00,206.39,0,0,4
2026-09-08,53,2026-09-08T06:25:20.797882-05:00,2026-09-08T09:52:18.962331-05:00,206.97,0,0,5
2026-09-08,55,2026-09-08T06:28:00.114099-05:00,2026-09-08T09:57:28.706143-05:00,209.48,0,1,3
2026-09-08,56,2026-09-08T06:29:24.417722-05:00,2026-09-08T10:01:18.666882-05:00,211.9,0,1,2
2026-09-08,59,2026-09-08T06:31:17.398627-05:00,2026-09-08T10:01:38.717623-05:00,210.36,0,1,5
2026-09-08,58,2026-09-08T06:31:27.111961-05:00,2026-09-08T10:02:25.990486-05:00,210.98,0,0,1
2026-09-08,60,2026-09-08T06:33:59.191494-05:00,2026-09-08T10:04:49.175586-05:00,210.83,0,0,3
2026-09-08,61,2026-09-08T06:34:23.967733-05:00,2026-09-08T10:04:51.142686-05:00,210.45,0,1,4
2026-09-08,62,2026-09-08T06:37:02.410127-05:00,2026-09-08T10:06:05.001902-05:00,209.04,0,0,5
2026-09-08,63,2026-09-08T06:38:18.754527-05:00,2026-09-08T10:06:59.974136-05:00,208.69,0,1,6
2026-09-08,64,2026-09-08T06:38:59.492559-05:00,2026-09-08T10:13:21.308479-05:00,214.36,0,0,5
2026-09-08,65,2026-09-08T06:39:06.590610-05:00,2026-09-08T10:16:07.910919-05:00,217.02,0,0,1
2026-09-08,66,2026-09-08T06:46:04.272208-05:00,2026-09-08T10:19:57.558804-05:00,213.89,0,0,3
2026-09-08,68,2026-09-08T06:48:50.692178-05:00,2026-09-08T10:21:08.582562-05:00,212.3,0,0,6
2026-09-08,69,2026-09-08T06:55:45.824636-05:00,2026-09-08T10:21:34.000346-05:00,205.8,0,0,2
2026-09-08,70,2026-09-08T06:56:13.752946-05:00,2026-09-08T10:21:41.461531-05:00,205.46,0,0,4
2026-09-08,71,2026-09-08T06:59:17.305424-05:00,2026-09-08T10:28:40.729223-05:00,209.39,0,0,5
2026-09-08,72,2026-09-08T07:00:39.270243-05:00,2026-09-08T10:34:10.931580-05:00,213.53,0,1,6
2026-09-08,73,2026-09-08T07:02:22.384040-05:00,2026-09-08T10:37:50.671241-05:00,215.47,0,1,4
2026-09-08,74,2026-09-08T07:03:06.579116-05:00,2026-09-08T10:39:34.179279-05:00,216.46,0,1,3
2026-09-08,75,2026-09-08T07:06:49.603594-05:00,2026-09-08T10:45:31.714435-05:00,218.7,0,0,6
2026-09-08,76,2026-09-08T07:10:33.144870-05:00,2026-09-08T10:46:37.984408-05:00,216.08,0,0,4
2026-09-08,77,2026-09-08T07:12:58.942427-05:00,2026-09-08T10:51:42.365884-05:00,218.72,0,0,3
2026-09-08,78,2026-09-08T07:15:12.836105-05:00,2026-09-08T10:52:11.943300-05:00,216.99,0,0,2
2026-09-08,79,2026-09-08T07:17:45.792122-05:00,2026-09-08T10:54:18.860505-05:00,216.55,0,0,6
2026-09-08,80,2026-09-08T07:25:13.024142-05:00,2026-09-08T10:56:05.101378-05:00,210.87,0,1,4
2026-09-08,124,2026-09-08T10:57:55.126712-05:00,2026-09-08T10:59:30.425147-05:00,1.59,1,0,1
2026-09-08,81,2026-09-08T07:32:47.917093-05:00,2026-09-08T11:01:39.560323-05:00,208.86,0,0,5
2026-09-08,82,2026-09-08T07:41:11.001098-05:00,2026-09-08T11:04:12.171170-05:00,203.02,0,0,3
2026-09-08,83,2026-09-08T07:42:20.103504-05:00,2026-09-08T11:07:29.007788-05:00,205.15,0,1,1
2026-09-08,85,2026-09-08T07:56:04.077891-05:00,2026-09-08T11:08:23.848163-05:00,192.33,0,1,2
2026-09-08,86,2026-09-08T08:01:34.536678-05:00,2026-09-08T11:09:07.043245-05:00,187.54,0,0,6
2026-09-08,87,2026-09-08T08:04:51.371797-05:00,2026-09-08T11:10:39.324266-05:00,185.8,0,0,5
2026-09-08,88,2026-09-08T08:23:34.207276-05:00,2026-09-08T11:14:34.201091-05:00,171.0,0,1,3
2026-09-08,89,2026-09-08T08:36:30.182818-05:00,2026-09-08T11:16:53.603968-05:00,160.39,0,0,4
2026-09-08,90,2026-09-08T08:43:02.994028-05:00,2026-09-08T11:21:11.592030-05:00,158.14,0,0,6
2026-09-08,91,2026-09-08T08:43:59.763083-05:00,2026-09-08T11:22:44.802360-05:00,158.75,0,0,2
2026-09-08,92,2026-09-08T08:46:08.766445-05:00,2026-09-08T11:26:19.820550-05:00,160.18,0,1,3
2026-09-08,93,2026-09-08T08:48:47.216936-05:00,2026-09-08T11:26:53.709056-05:00,158.11,0,0,5
2026-09-08,94,2026-09-08T08:51:35.710625-05:00,2026-09-08T11:27:07.062219-05:00,155.52,0,1,4
2026-09-08,95,2026-09-08T08:53:43.471703-05:00,2026-09-08T11:27:16.997114-05:00,153.56,0,0,1
2026-09-08,96,2026-09-08T09:03:18.642380-05:00,2026-09-08T11:31:52.285072-05:00,148.56,0,1,6
2026-09-08,97,2026-09-08T09:07:01.407507-05:00,2026-09-08T11:35:47.285701-05:00,148.76,0,0,4
2026-09-08,98,2026-09-08T09:12:28.804697-05:00,2026-09-08T11:36:22.881517-05:00,143.9,0,1,3
2026-09-08,99,2026-09-08T09:14:32.826582-05:00,2026-09-08T11:37:38.688351-05:00,143.1,0,1,2
2026-09-08,100,2026-09-08T09:18:39.090771-05:00,2026-09-08T11:38:14.029050-05:00,139.58,0,0,5
2026-09-08,101,2026-09-08T09:19:49.466914-05:00,2026-09-08T11:43:43.776736-05:00,143.91,0,1,6
2026-09-08,102,2026-09-08T09:20:22.792599-05:00,2026-09-08T11:44:11.165507-05:00,143.81,0,1,1
2026-09-08,103,2026-09-08T09:21:23.477667-05:00,2026-09-08T11:50:01.966503-05:00,148.64,0,0,4
2026-09-08,104,2026-09-08T09:21:52.494838-05:00,2026-09-08T11:51:11.579287-05:00,149.32,0,1,3
2026-09-08,105,2026-09-08T09:34:47.901394-05:00,2026-09-08T11:51:14.492332-05:00,136.44,0,1,2
2026-09-08,107,2026-09-08T09:39:26.028303-05:00,2026-09-08T11:52:47.961937-05:00,133.37,0,1,5
2026-09-08,108,2026-09-08T09:49:40.209504-05:00,2026-09-08T11:54:47.723624-05:00,125.13,0,0,6
2026-09-08,109,2026-09-08T09:50:39.690987-05:00,2026-09-08T11:56:09.238873-05:00,125.49,0,0,1
2026-09-08,110,2026-09-08T10:00:42.730171-05:00,2026-09-08T12:01:11.210040-05:00,120.47,0,0,4
2026-09-08,111,2026-09-08T10:05:24.517582-05:00,2026-09-08T12:01:51.513468-05:00,116.45,0,1,5
2026-09-08,112,2026-09-08T10:08:23.918100-05:00,2026-09-08T12:03:28.698200-05:00,115.08,0,0,3
2026-09-08,113,2026-09-08T10:14:57.297826-05:00,2026-09-08T12:04:13.923843-05:00,109.28,0,0,1
2026-09-08,114,2026-09-08T10:19:00.473076-05:00,2026-09-08T12:06:34.655221-05:00,107.57,0,0,2
2026-09-08,115,2026-09-08T10:24:37.905808-05:00,2026-09-08T12:10:55.397896-05:00,106.29,0,0,1
2026-09-08,116,2026-09-08T10:32:51.144956-05:00,2026-09-08T12:14:59.678467-05:00,102.14,0,0,4
2026-09-08,117,2026-09-08T10:41:43.788160-05:00,2026-09-08T12:18:06.227112-05:00,96.37,0,1,5
2026-09-08,118,2026-09-08T10:42:32.761789-05:00,2026-09-08T12:18:15.637854-05:00,95.71,0,0,3
2026-09-08,119,2026-09-08T10:46:42.323165-05:00,2026-09-08T12:18:55.879268-05:00,92.23,0,0,6
2026-09-08,120,2026-09-08T10:49:45.962847-05:00,2026-09-08T12:20:12.932637-05:00,90.45,0,0,2
2026-09-08,121,2026-09-08T10:55:39.501154-05:00,2026-09-08T12:22:50.517554-05:00,87.18,0,0,4
2026-09-08,123,2026-09-08T10:56:43.326158-05:00,2026-09-08T12:27:58.227035-05:00,91.25,0,1,5
2026-09-08,122,2026-09-08T10:56:56.147329-05:00,2026-09-08T12:28:49.636842-05:00,91.89,0,0,2
2026-09-08,125,2026-09-08T11:02:29.747675-05:00,2026-09-08T12:30:09.405676-05:00,87.66,0,1,3
2026-09-08,126,2026-09-08T11:06:29.226411-05:00,2026-09-08T12:31:11.416827-05:00,84.7,0,0,6
2026-09-08,127,2026-09-08T11:08:22.211457-05:00,2026-09-08T12:34:56.565322-05:00,86.57,0,1,1
2026-09-08,128,2026-09-08T11:13:43.513715-05:00,2026-09-08T12:35:53.903279-05:00,82.17,0,1,3
2026-09-08,129,2026-09-08T11:15:42.847175-05:00,2026-09-08T12:37:32.617710-05:00,81.83,0,0,4
2026-09-08,130,2026-09-08T11:22:08.415723-05:00,2026-09-08T12:39:34.213119-05:00,77.43,0,0,5
2026-09-08,131,2026-09-08T11:23:29.050087-05:00,2026-09-08T12:42:32.971805-05:00,79.07,0,0,6
2026-09-08,132,2026-09-08T11:44:47.792302-05:00,2026-09-08T12:45:40.218783-05:00,60.87,0,0,1
2026-09-08,133,2026-09-08T12:08:59.809215-05:00,2026-09-08T12:45:53.642179-05:00,36.9,0,1,2
2026-09-08,134,2026-09-08T12:28:26.763466-05:00,2026-09-08T12:47:03.770504-05:00,18.62,0,1,3
2026-09-09,3,2026-09-09T05:44:22.251683-05:00,2026-09-09T07:36:00-05:00,111.63,1,0,1
2026-09-09,5,2026-09-09T05:48:37.836819-05:00,2026-09-09T07:36:00-05:00,107.37,1,0,2
2026-09-09,9,2026-09-09T05:52:13.957646-05:00,2026-09-09T07:36:00-05:00,103.77,1,0,3
2026-09-09,10,2026-09-09T05:53:40.711753-05:00,2026-09-09T07:36:00-05:00,102.32,1,1,4
2026-09-09,27,2026-09-09T06:10:45.530241-05:00,2026-09-09T07:36:00-05:00,85.24,1,0,5
2026-09-09,29,2026-09-09T06:11:01.512792-05:00,2026-09-09T07:36:00-05:00,84.97,1,1,6
2026-09-09,31,2026-09-09T06:12:52.370043-05:00,2026-09-09T07:43:08.391684-05:00,90.27,1,0,5
2026-09-09,39,2026-09-09T06:18:17.751722-05:00,2026-09-09T07:44:16.536538-05:00,85.98,1,0,6
2026-09-09,80,2026-09-09T07:29:16.989515-05:00,2026-09-09T07:44:36.127656-05:00,15.32,1,0,3
2026-09-09,0,2026-09-09T05:31:16.218581-05:00,2026-09-09T07:47:12.645714-05:00,135.94,0,0,2
2026-09-09,1,2026-09-09T05:39:51.854664-05:00,2026-09-09T07:48:44.936462-05:00,128.88,0,1,4
2026-09-09,2,2026-09-09T05:44:26.379712-05:00,2026-09-09T07:52:32.664058-05:00,128.1,0,0,6
2026-09-09,4,2026-09-09T05:46:29.815347-05:00,2026-09-09T07:52:41.158885-05:00,126.19,0,1,1
2026-09-09,6,2026-09-09T05:49:13.309567-05:00,2026-09-09T07:53:11.368601-05:00,123.97,0,0,3
2026-09-09,8,2026-09-09T05:50:30.638073-05:00,2026-09-09T07:58:37.602754-05:00,128.12,0,0,1
2026-09-09,7,2026-09-09T05:50:32.534317-05:00,2026-09-09T07:59:53.779579-05:00,129.35,0,1,2
2026-09-09,11,2026-09-09T05:56:08.016111-05:00,2026-09-09T08:01:49.518113-05:00,125.69,0,0,5
2026-09-09,12,2026-09-09T05:57:45.268697-05:00,2026-09-09T08:03:45.527249-05:00,126.0,0,0,3
2026-09-09,13,2026-09-09T05:58:44.837563-05:00,2026-09-09T08:04:41.836428-05:00,125.95,0,1,6
2026-09-09,14,2026-09-09T05:59:32.821868-05:00,2026-09-09T08:05:06.480474-05:00,125.56,0,1,4
2026-09-09,15,2026-09-09T06:00:23.574515-05:00,2026-09-09T08:07:01.492830-05:00,126.63,0,0,5
2026-09-09,16,2026-09-09T06:01:01.656505-05:00,2026-09-09T08:10:11.356015-05:00,129.16,0,0,2
2026-09-09,17,2026-09-09T06:01:32.345029-05:00,2026-09-09T08:12:35.312650-05:00,131.05,0,0,3
2026-09-09,18,2026-09-09T06:02:23.712420-05:00,2026-09-09T08:14:45.007926-05:00,132.35,0,1,1
2026-09-09,19,2026-09-09T06:02:50.674668-05:00,2026-09-09T08:15:57.105871-05:00,133.11,0,1,4
2026-09-09,20,2026-09-09T06:03:09.054758-05:00,2026-09-09T08:18:07.417606-05:00,134.97,0,0,2
2026-09-09,21,2026-09-09T06:05:00.169498-05:00,2026-09-09T08:18:07.725587-05:00,133.13,0,1,6
2026-09-09,23,2026-09-09T06:06:12.559541-05:00,2026-09-09T08:19:25.066016-05:00,133.21,0,0,5
2026-09-09,22,2026-09-09T06:06:26.091162-05:00,2026-09-09T08:21:04.076597-05:00,134.63,0,0,3
2026-09-09,24,2026-09-09T06:06:40.059604-05:00,2026-09-09T08:22:22.889351-05:00,135.71,0,1,1
2026-09-09,25,2026-09-09T06:07:19.434825-05:00,2026-09-09T08:26:41.027738-05:00,139.36,0,0,6
2026-09-09,26,2026-09-09T06:07:29.835868-05:00,2026-09-09T08:29:50.300099-05:00,142.34,0,0,5
2026-09-09,87,2026-09-09T08:32:46.883593-05:00,2026-09-09T08:36:00.912940-05:00,3.23,1,0,1
2026-09-09,28,2026-09-09T06:10:35.517012-05:00,2026-09-09T08:38:04.281855-05:00,147.48,0,1,6
2026-09-09,30,2026-09-09T06:11:56.523343-05:00,2026-09-09T08:38:26.275584-05:00,146.5,0,0,2
2026-09-09,32,2026-09-09T06:13:04.446215-05:00,2026-09-09T08:38:32.679321-05:00,145.47,0,0,3
2026-09-09,33,2026-09-09T06:13:44.691001-05:00,2026-09-09T08:40:09.323618-05:00,146.41,0,0,5
2026-09-09,34,2026-09-09T06:14:30.394152-05:00,2026-09-09T08:40:47.538897-05:00,146.29,0,0,4
2026-09-09,35,2026-09-09T06:16:22.752819-05:00,2026-09-09T08:44:31.922211-05:00,148.15,0,0,1
2026-09-09,36,2026-09-09T06:16:22.896379-05:00,2026-09-09T08:47:12.945818-05:00,150.83,0,0,5
2026-09-09,38,2026-09-09T06:16:45.970903-05:00,2026-09-09T08:51:24.526851-05:00,154.64,0,0,4
2026-09-09,37,2026-09-09T06:16:58.291037-05:00,2026-09-09T08:52:56.337349-05:00,155.97,0,1,1
2026-09-09,40,2026-09-09T06:18:56.946144-05:00,2026-09-09T08:53:03.761986-05:00,154.11,0,0,3
2026-09-09,41,2026-09-09T06:19:07.183721-05:00,2026-09-09T08:53:52.371143-05:00,154.75,0,0,6
2026-09-09,42,2026-09-09T06:22:58.500839-05:00,2026-09-09T08:55:32.629461-05:00,152.57,0,0,2
2026-09-09,43,2026-09-09T06:24:03.612538-05:00,2026-09-09T08:59:07.072896-05:00,155.06,0,1,5
2026-09-09,44,2026-09-09T06:25:52.183657-05:00,2026-09-09T09:01:58.206797-05:00,156.1,0,1,6
2026-09-09,45,2026-09-09T06:26:10.706379-05:00,2026-09-09T09:05:38.845017-05:00,159.47,0,0,2
2026-09-09,46,2026-09-09T06:28:26.190602-05:00,2026-09-09T09:07:48.547135-05:00,159.37,0,0,4
2026-09-09,47,2026-09-09T06:28:53.701830-05:00,2026-09-09T09:08:39.754213-05:00,159.77,0,1,1
2026-09-09,48,2026-09-09T06:29:27.596843-05:00,2026-09-09T09:09:10.166550-05:00,159.71,0,0,6
2026-09-09,49,2026-09-09T06:32:57.266982-05:00,2026-09-09T09:10:01.734596-05:00,157.07,0,0,5
2026-09-09,94,2026-09-09T09:10:56.036916-05:00,2026-09-09T09:15:59.556441-05:00,5.06,1,1,3
2026-09-09,50,2026-09-09T06:35:34.012761-05:00,2026-09-09T09:16:42.632915-05:00,161.14,0,0,2
2026-09-09,51,2026-09-09T06:37:51.643757-05:00,2026-09-09T09:25:07.784705-05:00,167.27,0,0,1
2026-09-09,52,2026-09-09T06:38:26.949185-05:00,2026-09-09T09:28:21.984786-05:00,169.92,0,0,2
2026-09-09,54,2026-09-09T06:39:33.462969-05:00,2026-09-09T09:28:25.954393-05:00,168.87,0,0,5
2026-09-09,55,2026-09-09T06:39:46.751901-05:00,2026-09-09T09:30:51.589439-05:00,171.08,0,0,3
2026-09-09,53,2026-09-09T06:39:55.540597-05:00,2026-09-09T09:35:23.928439-05:00,175.47,0,0,2
2026-09-09,56,2026-09-09T06:40:33.113875-05:00,2026-09-09T09:35:57.230970-05:00,175.4,0,0,1
2026-09-09,57,2026-09-09T06:41:57.567418-05:00,2026-09-09T09:40:39.834840-05:00,178.7,0,0,4
2026-09-09,58,2026-09-09T06:43:29.381332-05:00,2026-09-09T09:41:33.901087-05:00,178.08,0,0,6
2026-09-09,59,2026-09-09T06:44:00.709070-05:00,2026-09-09T09:41:52.874315-05:00,177.87,0,1,1
2026-09-09,105,2026-09-09T09:46:55.522709-05:00,2026-09-09T09:49:16.225560-05:00,2.35,1,0,5
2026-09-09,60,2026-09-09T06:44:05.412956-05:00,2026-09-09T09:51:12.130788-05:00,187.11,0,0,2
2026-09-09,61,2026-09-09T06:47:03.984456-05:00,2026-09-09T09:51:39.371789-05:00,184.59,0,0,4
2026-09-09,109,2026-09-09T09:51:57.946594-05:00,2026-09-09T09:55:38.155750-05:00,3.67,1,0,6
2026-09-09,62,2026-09-09T06:47:56.682676-05:00,2026-09-09T09:57:55.632545-05:00,189.98,0,0,3
2026-09-09,63,2026-09-09T06:50:28.892746-05:00,2026-09-09T09:59:54.481112-05:00,189.43,0,0,5
2026-09-09,64,2026-09-09T06:51:02.168521-05:00,2026-09-09T10:01:17.227924-05:00,190.25,0,1,1
2026-09-09,65,2026-09-09T06:51:16.831404-05:00,2026-09-09T10:01:51.082443-05:00,190.57,0,0,2
2026-09-09,66,2026-09-09T06:51:23.263742-05:00,2026-09-09T10:02:37.544717-05:00,191.24,0,0,4
2026-09-09,67,2026-09-09T06:52:16.995509-05:00,2026-09-09T10:05:26.626588-05:00,193.16,0,1,6
2026-09-09,68,2026-09-09T06:54:33.347802-05:00,2026-09-09T10:08:42.049304-05:00,194.15,0,0,2
2026-09-09,69,2026-09-09T06:55:02.108424-05:00,2026-09-09T10:09:05.330316-05:00,194.05,0,1,5
2026-09-09,70,2026-09-09T06:56:21.051284-05:00,2026-09-09T10:13:02.371975-05:00,196.69,0,1,4
2026-09-09,72,2026-09-09T07:02:19.186161-05:00,2026-09-09T10:13:08.513700-05:00,190.82,0,1,1
2026-09-09,71,2026-09-09T07:02:22.156123-05:00,2026-09-09T10:15:33.571557-05:00,193.19,0,0,5
2026-09-09,73,2026-09-09T07:04:49.972818-05:00,2026-09-09T10:17:30.978793-05:00,192.68,0,0,3
2026-09-09,74,2026-09-09T07:05:43.932113-05:00,2026-09-09T10:20:47.145147-05:00,195.05,0,0,4
2026-09-09,75,2026-09-09T07:10:23.104949-05:00,2026-09-09T10:23:13.424465-05:00,192.84,0,0,2
2026-09-09,76,2026-09-09T07:12:44.100131-05:00,2026-09-09T10:24:03.070875-05:00,191.32,0,0,6
2026-09-09,77,2026-09-09T07:18:08.960875-05:00,2026-09-09T10:27:10.857562-05:00,189.03,0,0,3
2026-09-09,78,2026-09-09T07:20:24.471539-05:00,2026-09-09T10:29:17.558112-05:00,188.88,0,0,5
2026-09-09,79,2026-09-09T07:25:52.208055-05:00,2026-09-09T10:29:49.113100-05:00,183.95,0,0,4
2026-09-09,115,2026-09-09T10:30:49.993962-05:00,2026-09-09T10:31:03.151913-05:00,0.22,1,1,1
2026-09-09,81,2026-09-09T07:32:01.371543-05:00,2026-09-09T10:31:29.794654-05:00,179.47,0,0,2
2026-09-09,82,2026-09-09T07:49:23.383285-05:00,2026-09-09T10:33:20.717970-05:00,163.96,0,0,3
2026-09-09,83,2026-09-09T07:57:58.084353-05:00,2026-09-09T10:39:11.770254-05:00,161.23,0,0,6
2026-09-09,84,2026-09-09T08:07:00.602943-05:00,2026-09-09T10:39:14.207919-05:00,152.23,0,1,5
2026-09-09,118,2026-09-09T10:40:02.183252-05:00,2026-09-09T10:43:37.279056-05:00,3.58,1,0,1
2026-09-09,85,2026-09-09T08:08:39.497363-05:00,2026-09-09T10:44:50.496297-05:00,156.18,0,0,2
2026-09-09,86,2026-09-09T08:31:28.324992-05:00,2026-09-09T10:45:47.612807-05:00,134.32,0,0,6
2026-09-09,88,2026-09-09T08:32:45.365597-05:00,2026-09-09T10:47:27.238802-05:00,134.7,0,0,3
2026-09-09,89,2026-09-09T08:46:58.465699-05:00,2026-09-09T10:51:19.295148-05:00,124.35,0,1,4
2026-09-09,90,2026-09-09T08:49:25.904138-05:00,2026-09-09T10:51:42.221285-05:00,122.27,0,0,5
2026-09-09,91,2026-09-09T08:56:31.858925-05:00,2026-09-09T10:57:32.128858-05:00,121.0,0,0,1
2026-09-09,92,2026-09-09T09:02:51.495081-05:00,2026-09-09T10:59:00.293177-05:00,116.15,0,1,5
2026-09-09,93,2026-09-09T09:09:06.028221-05:00,2026-09-09T10:59:08.660453-05:00,110.04,0,0,2
2026-09-09,95,2026-09-09T09:14:59.746818-05:00,2026-09-09T11:00:29.739960-05:00,105.5,0,0,3
2026-09-09,96,2026-09-09T09:22:38.126115-05:00,2026-09-09T11:00:51.732210-05:00,98.23,0,1,4
2026-09-09,97,2026-09-09T09:24:47.135230-05:00,2026-09-09T11:05:46.736122-05:00,100.99,0,1,6
2026-09-09,99,2026-09-09T09:26:03.306924-05:00,2026-09-09T11:11:45.847368-05:00,105.71,0,0,1
2026-09-09,98,2026-09-09T09:26:29.208969-05:00,2026-09-09T11:13:03.805646-05:00,106.58,0,1,3
2026-09-09,100,2026-09-09T09:30:26.817774-05:00,2026-09-09T11:17:15.101408-05:00,106.8,0,0,6
2026-09-09,101,2026-09-09T09:32:24.409486-05:00,2026-09-09T11:17:27.460277-05:00,105.05,0,1,5
2026-09-09,102,2026-09-09T09:37:01.271374-05:00,2026-09-09T11:18:14.874907-05:00,101.23,0,0,1
2026-09-09,103,2026-09-09T09:42:12.011787-05:00,2026-09-09T11:23:50.059033-05:00,101.63,0,1,3
2026-09-09,104,2026-09-09T09:43:26.376344-05:00,2026-09-09T11:28:11.400988-05:00,104.75,0,0,6
2026-09-09,106,2026-09-09T09:47:21.725199-05:00,2026-09-09T11:31:33.336902-05:00,104.19,0,0,5
2026-09-09,107,2026-09-09T09:49:29.245377-05:00,2026-09-09T11:32:07.918873-05:00,102.64,0,0,1
2026-09-09,108,2026-09-09T09:50:15.197201-05:00,2026-09-09T11:36:01.187864-05:00,105.77,0,1,4
2026-09-09,131,2026-09-09T11:36:51.453409-05:00,2026-09-09T11:42:41.623427-05:00,5.84,1,1,1
2026-09-09,110,2026-09-09T10:04:23.253210-05:00,2026-09-09T11:43:27.541953-05:00,99.07,0,0,2
2026-09-09,111,2026-09-09T10:05:32.452543-05:00,2026-09-09T11:45:26.663980-05:00,99.9,0,0,4
2026-09-09,112,2026-09-09T10:08:19.947687-05:00,2026-09-09T11:45:49.167117-05:00,97.49,0,1,3
2026-09-09,113,2026-09-09T10:12:44.469536-05:00,2026-09-09T11:46:55.359380-05:00,94.18,0,1,5
2026-09-09,114,2026-09-09T10:20:52.143756-05:00,2026-09-09T11:52:24.335448-05:00,91.54,0,1,1
2026-09-09,117,2026-09-09T10:37:13.848082-05:00,2026-09-09T11:56:07.835138-05:00,78.9,0,1,3
2026-09-09,116,2026-09-09T10:37:15.526756-05:00,2026-09-09T12:02:07.672556-05:00,84.87,0,1,2
2026-09-09,119,2026-09-09T10:42:17.101636-05:00,2026-09-09T12:02:27.041326-05:00,80.17,0,1,5
2026-09-09,120,2026-09-09T10:43:50.703223-05:00,2026-09-09T12:05:22.211282-05:00,81.53,0,0,1
2026-09-09,121,2026-09-09T10:46:15.647235-05:00,2026-09-09T12:07:18.139074-05:00,81.04,0,0,5
2026-09-09,122,2026-09-09T10:47:21.446237-05:00,2026-09-09T12:12:32.695657-05:00,85.19,0,1,3
2026-09-09,123,2026-09-09T11:06:28.966784-05:00,2026-09-09T12:14:12.722620-05:00,67.73,0,0,6
2026-09-09,124,2026-09-09T11:10:08.262207-05:00,2026-09-09T12:14:47.327866-05:00,64.65,0,0,2
2026-09-09,125,2026-09-09T11:10:26.059864-05:00,2026-09-09T12:18:14.123181-05:00,67.8,0,1,1
2026-09-09,126,2026-09-09T11:13:18.143624-05:00,2026-09-09T12:20:31.100871-05:00,67.22,0,0,3
2026-09-09,127,2026-09-09T11:19:46.642057-05:00,2026-09-09T12:21:43.390235-05:00,61.95,0,1,2
2026-09-09,128,2026-09-09T11:25:04.055585-05:00,2026-09-09T12:23:04.640119-05:00,58.01,0,0,4
2026-09-09,129,2026-09-09T11:31:38.766302-05:00,2026-09-09T12:26:51.929024-05:00,55.22,0,0,5
2026-09-09,130,2026-09-09T11:35:59.861788-05:00,2026-09-09T12:30:57.559688-05:00,54.96,0,0,4
2026-09-09,132,2026-09-09T11:51:11.500058-05:00,2026-09-09T12:31:30.175501-05:00,40.31,0,1,1
2026-09-09,133,2026-09-09T12:26:16.350238-05:00,2026-09-09T12:34:22.155169-05:00,8.1,0,0,6
2026-09-10,1,2026-09-10T05:35:23.188063-05:00,2026-09-10T07:36:00-05:00,120.61,1,0,1
2026-09-10,6,2026-09-10T05:41:23.963691-05:00,2026-09-10T07:36:00-05:00,114.6,1,0,2
2026-09-10,18,2026-09-10T05:57:53.889403-05:00,2026-09-10T07:36:00-05:00,98.1,1,1,3
2026-09-10,29,2026-09-10T06:07:46.343031-05:00,2026-09-10T07:36:00-05:00,88.23,1,1,4
2026-09-10,33,2026-09-10T06:11:09.130469-05:00,2026-09-10T07:36:00-05:00,84.85,1,0,5
2026-09-10,40,2026-09-10T06:20:54.358682-05:00,2026-09-10T07:36:00-05:00,75.09,1,1,6
2026-09-10,44,2026-09-10T06:26:11.954690-05:00,2026-09-10T07:43:52.155199-05:00,77.67,1,1,2
2026-09-10,49,2026-09-10T06:28:48.852292-05:00,2026-09-10T07:45:44.232983-05:00,76.92,1,1,6
2026-09-10,53,2026-09-10T06:31:38.284546-05:00,2026-09-10T07:48:37.879667-05:00,76.99,1,1,3
2026-09-10,60,2026-09-10T06:39:44.415224-05:00,2026-09-10T07:49:07.098328-05:00,69.38,1,0,1
2026-09-10,76,2026-09-10T07:05:27.451793-05:00,2026-09-10T07:52:35.195880-05:00,47.13,1,0,5
2026-09-10,81,2026-09-10T07:15:44.880569-05:00,2026-09-10T07:52:43.115494-05:00,36.97,1,0,4
2026-09-10,0,2026-09-10T05:32:11.703810-05:00,2026-09-10T07:53:26.434604-05:00,141.25,0,1,2
2026-09-10,2,2026-09-10T05:37:06.639035-05:00,2026-09-10T07:57:56.749554-05:00,140.84,0,0,3
2026-09-10,3,2026-09-10T05:38:24.372434-05:00,2026-09-10T08:02:17.147872-05:00,143.88,0,0,6
2026-09-10,5,2026-09-10T05:40:32.679538-05:00,2026-09-10T08:02:38.308142-05:00,142.09,0,0,4
2026-09-10,4,2026-09-10T05:40:52.714703-05:00,2026-09-10T08:04:32.243738-05:00,143.66,0,0,2
2026-09-10,7,2026-09-10T05:41:08.973123-05:00,2026-09-10T08:09:18.114753-05:00,148.15,0,1,1
2026-09-10,8,2026-09-10T05:41:31.751660-05:00,2026-09-10T08:10:45.955290-05:00,149.24,0,0,6
2026-09-10,9,2026-09-10T05:44:24.082924-05:00,2026-09-10T08:11:01.766658-05:00,146.63,0,0,3
2026-09-10,10,2026-09-10T05:45:12.097737-05:00,2026-09-10T08:13:06.829851-05:00,147.91,0,0,2
2026-09-10,11,2026-09-10T05:46:14.673491-05:00,2026-09-10T08:13:54.671167-05:00,147.67,0,0,4
2026-09-10,12,2026-09-10T05:47:41.757295-05:00,2026-09-10T08:17:51.368255-05:00,150.16,0,0,3
2026-09-10,13,2026-09-10T05:50:44.685074-05:00,2026-09-10T08:19:48.946236-05:00,149.07,0,0,6
2026-09-10,14,2026-09-10T05:54:01.608046-05:00,2026-09-10T08:23:59.295988-05:00,149.96,0,0,5
2026-09-10,96,2026-09-10T08:24:36.307446-05:00,2026-09-10T08:26:06.260757-05:00,1.5,1,1,6
2026-09-10,15,2026-09-10T05:55:23.882647-05:00,2026-09-10T08:27:01.278661-05:00,151.62,0,1,1
2026-09-10,17,2026-09-10T05:55:54.652896-05:00,2026-09-10T08:29:07.010481-05:00,153.21,0,0,2
2026-09-10,16,2026-09-10T05:55:59.765800-05:00,2026-09-10T08:29:55.571388-05:00,153.93,0,1,4
2026-09-10,19,2026-09-10T05:57:38.231645-05:00,2026-09-10T08:30:31.648606-05:00,152.89,0,1,5
2026-09-10,98,2026-09-10T08:34:09.720058-05:00,2026-09-10T08:35:04.546816-05:00,0.91,1,1,6
2026-09-10,20,2026-09-10T05:58:14.707605-05:00,2026-09-10T08:35:17.280025-05:00,157.04,0,0,3
2026-09-10,21,2026-09-10T05:58:22.069226-05:00,2026-09-10T08:35:47.251759-05:00,157.42,0,0,1
2026-09-10,22,2026-09-10T05:58:56.922738-05:00,2026-09-10T08:35:49.579486-05:00,156.88,0,0,2
2026-09-10,99,2026-09-10T08:37:28.230607-05:00,2026-09-10T08:39:40.827057-05:00,2.21,1,1,5
2026-09-10,23,2026-09-10T06:00:16.214270-05:00,2026-09-10T08:40:56.577377-05:00,160.67,0,1,6
2026-09-10,24,2026-09-10T06:02:53.916269-05:00,2026-09-10T08:43:36.495950-05:00,160.71,0,0,1
2026-09-10,25,2026-09-10T06:03:05.735376-05:00,2026-09-10T08:44:11.362245-05:00,161.09,0,1,3
2026-09-10,26,2026-09-10T06:05:58.674402-05:00,2026-09-10T08:44:13.506880-05:00,158.25,0,1,2
2026-09-10,100,2026-09-10T08:45:16.867668-05:00,2026-09-10T08:45:32.615421-05:00,0.26,1,0,4
2026-09-10,27,2026-09-10T06:06:04.387851-05:00,2026-09-10T08:48:24.549125-05:00,162.34,0,0,5
2026-09-10,28,2026-09-10T06:07:10.043386-05:00,2026-09-10T08:50:17.637390-05:00,163.13,0,0,6
2026-09-10,30,2026-09-10T06:08:56.977377-05:00,2026-09-10T08:57:12.778939-05:00,168.26,0,1,2
2026-09-10,31,2026-09-10T06:09:27.787756-05:00,2026-09-10T08:58:47.866874-05:00,169.33,0,0,3
2026-09-10,32,2026-09-10T06:09:47.849179-05:00,2026-09-10T09:00:21.526635-05:00,170.56,0,0,6
2026-09-10,34,2026-09-10T06:16:47.094315-05:00,2026-09-10T09:03:16.083862-05:00,166.48,0,1,1
2026-09-10,35,2026-09-10T06:18:12.982152-05:00,2026-09-10T09:07:08.264204-05:00,168.92,0,0,5
2026-09-10,36,2026-09-10T06:18:32.106917-05:00,2026-09-10T09:10:50.213836-05:00,172.3,0,1,4
2026-09-10,109,2026-09-10T09:13:18.729648-05:00,2026-09-10T09:13:50.362752-05:00,0.53,1,1,3
2026-09-10,37,2026-09-10T06:19:58.713352-05:00,2026-09-10T09:15:32.860918-05:00,175.57,0,0,6
2026-09-10,38,2026-09-10T06:20:29.074462-05:00,2026-09-10T09:16:17.331278-05:00,175.8,0,1,5
2026-09-10,110,2026-09-10T09:18:05.149889-05:00,2026-09-10T09:19:47.795049-05:00,1.71,1,0,4
2026-09-10,39,2026-09-10T06:20:54.434239-05:00,2026-09-10T09:24:39.634041-05:00,183.75,0,0,5
2026-09-10,41,2026-09-10T06:21:40.540142-05:00,2026-09-10T09:27:42.746376-05:00,186.04,0,0,1
2026-09-10,42,2026-09-10T06:22:15.615742-05:00,2026-09-10T09:32:24.295634-05:00,190.14,0,0,6
2026-09-10,43,2026-09-10T06:25:19.753486-05:00,2026-09-10T09:33:17.785211-05:00,187.97,0,1,4
2026-09-10,45,2026-09-10T06:26:59.634725-05:00,2026-09-10T09:37:42.647248-05:00,190.72,0,0,2
2026-09-10,46,2026-09-10T06:27:38.583044-05:00,2026-09-10T09:41:06.832550-05:00,193.47,0,0,5
2026-09-10,47,2026-09-10T06:28:13.156795-05:00,2026-09-10T09:42:54.658847-05:00,194.69,0,0,1
2026-09-10,48,2026-09-10T06:28:29.588456-05:00,2026-09-10T09:43:00.869514-05:00,194.52,0,0,4
2026-09-10,51,2026-09-10T06:29:38.099342-05:00,2026-09-10T09:44:44.405702-05:00,195.11,0,0,3
2026-09-10,50,2026-09-10T06:29:59.203572-05:00,2026-09-10T09:45:19.598393-05:00,195.34,0,1,6
2026-09-10,52,2026-09-10T06:30:50.243560-05:00,2026-09-10T09:50:39.114168-05:00,199.81,0,0,2
2026-09-10,54,2026-09-10T06:32:10.110898-05:00,2026-09-10T09:51:04.753520-05:00,198.91,0,1,1
2026-09-10,55,2026-09-10T06:32:50.321878-05:00,2026-09-10T09:54:27.208032-05:00,201.61,0,0,6
2026-09-10,56,2026-09-10T06:32:59.688028-05:00,2026-09-10T10:02:10.131553-05:00,209.17,0,1,2
2026-09-10,57,2026-09-10T06:36:46.714241-05:00,2026-09-10T10:03:39.685228-05:00,206.88,0,0,1
2026-09-10,58,2026-09-10T06:37:14.119558-05:00,2026-09-10T10:04:49.021597-05:00,207.58,0,0,6
2026-09-10,124,2026-09-10T10:08:04.682729-05:00,2026-09-10T10:08:24.590694-05:00,0.33,1,0,5
2026-09-10,59,2026-09-10T06:38:29.643880-05:00,2026-09-10T10:10:34.151100-05:00,212.08,0,1,4
2026-09-10,61,2026-09-10T06:42:18.196290-05:00,2026-09-10T10:16:44.264197-05:00,214.43,0,0,3
2026-09-10,62,2026-09-10T06:45:05.564918-05:00,2026-09-10T10:19:38.638424-05:00,214.55,0,0,2
2026-09-10,63,2026-09-10T06:45:31.544973-05:00,2026-09-10T10:22:59.936084-05:00,217.47,0,0,1
2026-09-10,64,2026-09-10T06:47:00.566678-05:00,2026-09-10T10:24:16.923306-05:00,217.27,0,0,4
2026-09-10,65,2026-09-10T06:48:32.307447-05:00,2026-09-10T10:25:03.360598-05:00,216.52,0,0,5
2026-09-10,66,2026-09-10T06:50:42.666884-05:00,2026-09-10T10:29:54.189212-05:00,219.19,0,1,2
2026-09-10,68,2026-09-10T06:52:09.063585-05:00,2026-09-10T10:31:22.222135-05:00,219.22,0,0,4
2026-09-10,67,2026-09-10T06:52:22.738371-05:00,2026-09-10T10:36:43.509330-05:00,224.35,0,0,6
2026-09-10,69,2026-09-10T06:53:41.191706-05:00,2026-09-10T10:40:33.220403-05:00,226.87,0,0,1
2026-09-10,70,2026-09-10T06:54:28.815630-05:00,2026-09-10T10:40:46.102043-05:00,226.29,0,0,5
2026-09-10,71,2026-09-10T06:58:28.438260-05:00,2026-09-10T10:43:13.267106-05:00,224.75,0,0,2
2026-09-10,72,2026-09-10T06:59:00.110828-05:00,2026-09-10T10:43:41.225273-05:00,224.69,0,0,4
2026-09-10,73,2026-09-10T07:00:58.961839-05:00,2026-09-10T10:45:29.291673-05:00,224.51,0,1,3
2026-09-10,74,2026-09-10T07:03:17.621137-05:00,2026-09-10T10:47:37.549504-05:00,224.33,0,0,6
2026-09-10,75,2026-09-10T07:03:33.102503-05:00,2026-09-10T10:47:42.015946-05:00,224.15,0,0,5
2026-09-10,77,2026-09-10T07:06:58.331121-05:00,2026-09-10T10:52:59.977532-05:00,226.03,0,1,4
2026-09-10,78,2026-09-10T07:09:37.350720-05:00,2026-09-10T10:53:44.942875-05:00,224.13,0,1,3
2026-09-10,79,2026-09-10T07:13:55.847382-05:00,2026-09-10T10:55:48.422052-05:00,221.88,0,0,1
2026-09-10,80,2026-09-10T07:15:46.483693-05:00,2026-09-10T10:56:15.685648-05:00,220.49,0,0,6
2026-09-10,82,2026-09-10T07:19:05.598604-05:00,2026-09-10T10:58:23.456162-05:00,219.3,0,0,2
2026-09-10,84,2026-09-10T07:24:45.975766-05:00,2026-09-10T11:03:01.623660-05:00,218.26,0,0,4
2026-09-10,83,2026-09-10T07:24:49.266493-05:00,2026-09-10T11:03:12.959426-05:00,218.39,0,0,1
2026-09-10,85,2026-09-10T07:29:41.175208-05:00,2026-09-10T11:05:26.911901-05:00,215.76,0,1,5
2026-09-10,86,2026-09-10T07:32:34.858138-05:00,2026-09-10T11:09:20.832778-05:00,216.77,0,0,6
2026-09-10,87,2026-09-10T07:39:05.439514-05:00,2026-09-10T11:11:41.423503-05:00,212.6,0,1,2
2026-09-10,88,2026-09-10T07:44:49.195563-05:00,2026-09-10T11:13:47.309532-05:00,208.97,0,0,4
2026-09-10,89,2026-09-10T07:54:50.866575-05:00,2026-09-10T11:18:53.145162-05:00,204.04,0,1,3
2026-09-10,90,2026-09-10T07:56:37.838209-05:00,2026-09-10T11:21:06.052764-05:00,204.47,0,1,1
2026-09-10,91,2026-09-10T08:00:21.648903-05:00,2026-09-10T11:21:41.623736-05:00,201.33,0,0,2
2026-09-10,92,2026-09-10T08:01:58.748773-05:00,2026-09-10T11:23:13.256371-05:00,201.24,0,1,6
2026-09-10,93,2026-09-10T08:05:40.217893-05:00,2026-09-10T11:24:11.417042-05:00,198.52,0,0,5
2026-09-10,94,2026-09-10T08:09:41.326736-05:00,2026-09-10T11:25:08.179948-05:00,195.45,0,0,4
2026-09-10,95,2026-09-10T08:15:56.229250-05:00,2026-09-10T11:27:28.807683-05:00,191.54,0,0,3
2026-09-10,97,2026-09-10T08:26:36.064006-05:00,2026-09-10T11:33:43.382011-05:00,187.12,0,0,4
2026-09-10,101,2026-09-10T08:49:05.676003-05:00,2026-09-10T11:34:26.252768-05:00,165.34,0,0,6
2026-09-10,102,2026-09-10T08:49:31.121478-05:00,2026-09-10T11:34:32.774478-05:00,165.03,0,1,2
2026-09-10,103,2026-09-10T08:52:35.876211-05:00,2026-09-10T11:35:16.001554-05:00,162.67,0,0,5
2026-09-10,104,2026-09-10T08:53:05.098210-05:00,2026-09-10T11:40:45.995168-05:00,167.68,0,1,6
2026-09-10,105,2026-09-10T08:56:26.549431-05:00,2026-09-10T11:45:00.033607-05:00,168.56,0,1,3
2026-09-10,106,2026-09-10T09:02:16.584475-05:00,2026-09-10T11:47:16.398739-05:00,165.0,0,0,5
2026-09-10,107,2026-09-10T09:09:04.519966-05:00,2026-09-10T11:49:57.518335-05:00,160.88,0,0,4
2026-09-10,108,2026-09-10T09:11:24.978914-05:00,2026-09-10T11:51:21.721803-05:00,159.95,0,0,1
2026-09-10,137,2026-09-10T11:54:27.575188-05:00,2026-09-10T11:56:03.330833-05:00,1.6,1,0,2
2026-09-10,111,2026-09-10T09:24:00.898180-05:00,2026-09-10T11:57:58.276620-05:00,153.96,0,0,3
2026-09-10,112,2026-09-10T09:25:25.072946-05:00,2026-09-10T11:58:55.650247-05:00,153.51,0,1,4
2026-09-10,113,2026-09-10T09:27:36.758608-05:00,2026-09-10T11:59:09.108429-05:00,151.54,0,0,5
2026-09-10,114,2026-09-10T09:35:47.882401-05:00,2026-09-10T12:06:15.945674-05:00,150.47,0,0,1
2026-09-10,115,2026-09-10T09:37:59.257360-05:00,2026-09-10T12:06:33.188819-05:00,148.57,0,0,4
2026-09-10,116,2026-09-10T09:45:51.567770-05:00,2026-09-10T12:07:49.104025-05:00,141.96,0,0,6
2026-09-10,117,2026-09-10T09:49:23.327649-05:00,2026-09-10T12:08:11.571218-05:00,138.8,0,0,5
2026-09-10,118,2026-09-10T09:50:07.845446-05:00,2026-09-10T12:22:19.949330-05:00,152.2,0,0,4
2026-09-10,119,2026-09-10T09:52:24.591807-05:00,2026-09-10T12:22:31.831252-05:00,150.12,0,0,3
2026-09-10,120,2026-09-10T09:52:27.166136-05:00,2026-09-10T12:24:35.239062-05:00,152.13,0,0,5
2026-09-10,121,2026-09-10T09:54:38.377695-05:00,2026-09-10T12:25:43.013654-05:00,151.08,0,0,6
2026-09-10,122,2026-09-10T09:56:41.022532-05:00,2026-09-10T12:26:32.159644-05:00,149.85,0,1,1
2026-09-10,123,2026-09-10T10:07:53.810361-05:00,2026-09-10T12:35:01.100328-05:00,147.12,0,0,4
2026-09-10,125,2026-09-10T10:09:25.037715-05:00,2026-09-10T12:37:07.616221-05:00,147.71,0,0,5
2026-09-10,126,2026-09-10T10:15:03.878548-05:00,2026-09-10T12:37:11.748395-05:00,142.13,0,0,2
2026-09-10,127,2026-09-10T10:25:42.578724-05:00,2026-09-10T12:37:23.260520-05:00,131.68,0,0,3
2026-09-10,128,2026-09-10T10:26:39.750144-05:00,2026-09-10T12:40:24.920253-05:00,133.75,0,0,1
2026-09-10,129,2026-09-10T10:32:16.382581-05:00,2026-09-10T12:41:42.693016-05:00,129.44,0,0,6
2026-09-10,130,2026-09-10T10:34:08.101914-05:00,2026-09-10T12:44:59.631189-05:00,130.86,0,1,3
2026-09-10,131,2026-09-10T10:48:20.946576-05:00,2026-09-10T12:45:49.355952-05:00,117.47,0,0,4
2026-09-10,132,2026-09-10T10:49:22.292863-05:00,2026-09-10T12:46:16.541235-05:00,116.9,0,0,2
2026-09-10,133,2026-09-10T10:50:19.119182-05:00,2026-09-10T12:46:20.826749-05:00,116.03,0,1,5
2026-09-10,134,2026-09-10T10:56:32.723682-05:00,2026-09-10T12:49:52.951144-05:00,113.34,0,1,1
2026-09-10,135,2026-09-10T11:03:44.328519-05:00,2026-09-10T12:52:49.913497-05:00,109.09,0,1,6
2026-09-10,136,2026-09-10T11:32:35.479239-05:00,2026-09-10T12:54:54.388688-05:00,82.32,0,0,4
2026-09-10,138,2026-09-10T11:56:33.407922-05:00,2026-09-10T12:56:24.684360-05:00,59.85,0,0,2
2026-09-10,139,2026-09-10T12:20:02.818121-05:00,2026-09-10T12:58:03.858931-05:00,38.02,0,0,3
2026-09-10,140,2026-09-10T12:25:54.060525-05:00,2026-09-10T13:01:16.315993-05:00,35.37,0,1,4
2026-09-11,10,2026-09-11T05:49:15.874705-05:00,2026-09-11T07:36:00-05:00,106.74,1,0,1
2026-09-11,13,2026-09-11T05:51:31.644482-05:00,2026-09-11T07:36:00-05:00,104.47,1,0,2
2026-09-11,30,2026-09-11T06:17:14.020771-05:00,2026-09-11T07:36:00-05:00,78.77,1,1,3
2026-09-11,33,2026-09-11T06:21:19.668673-05:00,2026-09-11T07:36:00-05:00,74.67,1,0,4
2026-09-11,42,2026-09-11T06:34:18.779068-05:00,2026-09-11T07:36:00-05:00,61.69,1,1,5
2026-09-11,51,2026-09-11T06:44:36.717610-05:00,2026-09-11T07:36:00-05:00,51.39,1,1,6
2026-09-11,56,2026-09-11T06:48:15.961745-05:00,2026-09-11T07:45:11.260767-05:00,56.92,1,0,5
2026-09-11,58,2026-09-11T06:49:23.746749-05:00,2026-09-11T07:46:53.713419-05:00,57.5,1,0,4
2026-09-11,74,2026-09-11T07:17:30.467871-05:00,2026-09-11T07:49:39.273504-05:00,32.15,1,0,3
2026-09-11,78,2026-09-11T07:28:31.833526-05:00,2026-09-11T07:50:19.902508-05:00,21.8,1,0,6
2026-09-11,79,2026-09-11T07:29:31.678186-05:00,2026-09-11T07:56:12.462453-05:00,26.68,1,0,2
2026-09-11,0,2026-09-11T05:30:52.849771-05:00,2026-09-11T07:57:19.733559-05:00,146.45,0,0,4
2026-09-11,1,2026-09-11T05:33:37.102183-05:00,2026-09-11T07:57:31.679524-05:00,143.91,0,0,6
2026-09-11,88,2026-09-11T07:59:56.249817-05:00,2026-09-11T08:03:10.079258-05:00,3.23,1,0,6
2026-09-11,2,2026-09-11T05:37:57.812284-05:00,2026-09-11T08:03:12.331421-05:00,145.24,0,0,5
2026-09-11,3,2026-09-11T05:43:18.346482-05:00,2026-09-11T08:06:19.104969-05:00,143.01,0,0,1
2026-09-11,4,2026-09-11T05:43:36.327855-05:00,2026-09-11T08:07:05.514027-05:00,143.49,0,0,3
2026-09-11,5,2026-09-11T05:44:05.291175-05:00,2026-09-11T08:08:26.395932-05:00,144.35,0,0,6
2026-09-11,6,2026-09-11T05:44:42.752183-05:00,2026-09-11T08:09:04.730660-05:00,144.37,0,0,4
2026-09-11,7,2026-09-11T05:47:34.400998-05:00,2026-09-11T08:14:22.061885-05:00,146.79,0,1,5
2026-09-11,8,2026-09-11T05:47:40.722853-05:00,2026-09-11T08:15:31.552269-05:00,147.85,0,0,2
2026-09-11,9,2026-09-11T05:48:41.961723-05:00,2026-09-11T08:19:37.771505-05:00,150.93,0,1,6
2026-09-11,11,2026-09-11T05:49:54.888899-05:00,2026-09-11T08:20:56.149159-05:00,151.02,0,1,3
2026-09-11,12,2026-09-11T05:50:56.920363-05:00,2026-09-11T08:24:41.274095-05:00,153.74,0,0,1
2026-09-11,14,2026-09-11T05:52:13.782568-05:00,2026-09-11T08:25:00.257394-05:00,152.77,0,1,6
2026-09-11,15,2026-09-11T05:53:19.336713-05:00,2026-09-11T08:26:37.945074-05:00,153.31,0,1,2
2026-09-11,16,2026-09-11T05:56:56.874422-05:00,2026-09-11T08:26:52.103338-05:00,149.92,0,0,4
2026-09-11,17,2026-09-11T05:58:29.228556-05:00,2026-09-11T08:30:23.960180-05:00,151.91,0,0,3
2026-09-11,18,2026-09-11T06:02:49.552086-05:00,2026-09-11T08:31:28.254676-05:00,148.65,0,0,5
2026-09-11,19,2026-09-11T06:02:52.191073-05:00,2026-09-11T08:32:37.955708-05:00,149.76,0,0,6
2026-09-11,20,2026-09-11T06:03:09.059658-05:00,2026-09-11T08:34:16.374610-05:00,151.12,0,1,2
2026-09-11,21,2026-09-11T06:04:17.025599-05:00,2026-09-11T08:38:07.054020-05:00,153.83,0,0,6
2026-09-11,22,2026-09-11T06:06:09.458991-05:00,2026-09-11T08:40:01.429549-05:00,153.87,0,0,1
2026-09-11,23,2026-09-11T06:06:45.449536-05:00,2026-09-11T08:44:37.760995-05:00,157.87,0,1,6
2026-09-11,24,2026-09-11T06:10:06.445115-05:00,2026-09-11T08:45:21.982781-05:00,155.26,0,0,2
2026-09-11,94,2026-09-11T08:46:00.704503-05:00,2026-09-11T08:46:31.568958-05:00,0.51,1,1,5
2026-09-11,25,2026-09-11T06:10:57.112287-05:00,2026-09-11T08:48:23.305152-05:00,157.44,0,0,1
2026-09-11,26,2026-09-11T06:11:49.916432-05:00,2026-09-11T08:50:42.732805-05:00,158.88,0,0,4
2026-09-11,27,2026-09-11T06:13:17.276143-05:00,2026-09-11T08:52:38.004749-05:00,159.35,0,0,6
2026-09-11,28,2026-09-11T06:15:19.238498-05:00,2026-09-11T08:54:11.702405-05:00,158.87,0,0,5
2026-09-11,29,2026-09-11T06:16:44.332490-05:00,2026-09-11T08:57:00.115399-05:00,160.26,0,0,2
2026-09-11,32,2026-09-11T06:20:10.419863-05:00,2026-09-11T09:00:21.581990-05:00,160.19,0,1,4
2026-09-11,31,2026-09-11T06:20:27.816955-05:00,2026-09-11T09:00:53.381021-05:00,160.43,0,0,1
2026-09-11,34,2026-09-11T06:21:24.916489-05:00,2026-09-11T09:01:38.964093-05:00,160.23,0,1,5
2026-09-11,35,2026-09-11T06:22:44.918696-05:00,2026-09-11T09:13:58.613122-05:00,171.23,0,1,1
2026-09-11,37,2026-09-11T06:27:22.416463-05:00,2026-09-11T09:16:30.076055-05:00,169.13,0,0,3
2026-09-11,36,2026-09-11T06:27:24.592093-05:00,2026-09-11T09:17:26.114674-05:00,170.03,0,0,5
2026-09-11,105,2026-09-11T09:19:51.022664-05:00,2026-09-11T09:19:54.218729-05:00,0.05,1,0,6
2026-09-11,38,2026-09-11T06:27:40.875008-05:00,2026-09-11T09:21:00.171971-05:00,173.32,0,0,4
2026-09-11,39,2026-09-11T06:28:23.007386-05:00,2026-09-11T09:22:07.986090-05:00,173.75,0,1,1
2026-09-11,40,2026-09-11T06:30:28.998335-05:00,2026-09-11T09:26:53.916119-05:00,176.42,0,1,2
2026-09-11,41,2026-09-11T06:33:30.727468-05:00,2026-09-11T09:27:09.091315-05:00,173.64,0,0,5
2026-09-11,43,2026-09-11T06:36:33.590500-05:00,2026-09-11T09:28:38.898846-05:00,172.09,0,0,6
2026-09-11,44,2026-09-11T06:37:03.590508-05:00,2026-09-11T09:34:07.621701-05:00,177.07,0,0,3
2026-09-11,45,2026-09-11T06:37:52.625092-05:00,2026-09-11T09:35:19.421222-05:00,177.45,0,0,5
2026-09-11,46,2026-09-11T06:40:50.410658-05:00,2026-09-11T09:38:32.734740-05:00,177.71,0,0,4
2026-09-11,47,2026-09-11T06:41:38.360105-05:00,2026-09-11T09:39:16.424238-05:00,177.63,0,1,6
2026-09-11,48,2026-09-11T06:41:47.533025-05:00,2026-09-11T09:40:06.931194-05:00,178.32,0,0,1
2026-09-11,49,2026-09-11T06:43:00.812795-05:00,2026-09-11T09:40:34.972761-05:00,177.57,0,0,3
2026-09-11,50,2026-09-11T06:43:32.640040-05:00,2026-09-11T09:42:23.664678-05:00,178.85,0,0,2
2026-09-11,52,2026-09-11T06:44:41.011479-05:00,2026-09-11T09:46:04.634060-05:00,181.39,0,1,3
2026-09-11,53,2026-09-11T06:45:13.151299-05:00,2026-09-11T09:52:18.149361-05:00,187.08,0,0,4
2026-09-11,54,2026-09-11T06:45:55.130291-05:00,2026-09-11T09:53:20.180287-05:00,187.42,0,0,2
2026-09-11,55,2026-09-11T06:47:14.083567-05:00,2026-09-11T09:53:51.253722-05:00,186.62,0,0,6
2026-09-11,57,2026-09-11T06:48:53.921575-05:00,2026-09-11T09:57:20.904532-05:00,188.45,0,0,5
2026-09-11,59,2026-09-11T06:51:00.909319-05:00,2026-09-11T10:00:55.455260-05:00,189.91,0,1,1
2026-09-11,60,2026-09-11T06:52:28.695421-05:00,2026-09-11T10:01:18.093599-05:00,188.82,0,1,3
2026-09-11,61,2026-09-11T06:52:36.845173-05:00,2026-09-11T10:02:37.659647-05:00,190.01,0,0,6
2026-09-11,62,2026-09-11T06:53:56.593102-05:00,2026-09-11T10:02:57.804997-05:00,189.02,0,0,2
2026-09-11,115,2026-09-11T10:07:24.228408-05:00,2026-09-11T10:08:28.862509-05:00,1.08,1,0,4
2026-09-11,63,2026-09-11T06:54:11.663569-05:00,2026-09-11T10:14:01.691822-05:00,199.83,0,0,2
2026-09-11,64,2026-09-11T06:54:24.892671-05:00,2026-09-11T10:15:16.666606-05:00,200.86,0,0,1
2026-09-11,65,2026-09-11T06:56:07.123416-05:00,2026-09-11T10:19:29.219844-05:00,203.37,0,0,3
2026-09-11,66,2026-09-11T06:57:23.510269-05:00,2026-09-11T10:20:59.321771-05:00,203.6,0,1,5
2026-09-11,67,2026-09-11T07:01:19.158761-05:00,2026-09-11T10:21:18.584452-05:00,199.99,0,0,6
2026-09-11,68,2026-09-11T07:02:02.803815-05:00,2026-09-11T10:21:55.537557-05:00,199.88,0,0,2
2026-09-11,120,2026-09-11T10:23:42.886075-05:00,2026-09-11T10:26:36.918217-05:00,2.9,1,1,1
2026-09-11,70,2026-09-11T07:02:34.116726-05:00,2026-09-11T10:28:40.781462-05:00,206.11,0,1,3
2026-09-11,69,2026-09-11T07:02:34.913229-05:00,2026-09-11T10:30:44.767828-05:00,208.16,0,0,6
2026-09-11,71,2026-09-11T07:03:40.415988-05:00,2026-09-11T10:32:21.958807-05:00,208.69,0,0,2
2026-09-11,72,2026-09-11T07:12:51.476127-05:00,2026-09-11T10:34:17.224733-05:00,201.43,0,1,4
2026-09-11,73,2026-09-11T07:14:24.720447-05:00,2026-09-11T10:36:47.494195-05:00,202.38,0,0,5
2026-09-11,76,2026-09-11T07:21:55.529166-05:00,2026-09-11T10:40:39.645204-05:00,198.74,0,0,6
2026-09-11,75,2026-09-11T07:21:56.073221-05:00,2026-09-11T10:41:27.380889-05:00,199.52,0,0,3
2026-09-11,77,2026-09-11T07:28:58.806905-05:00,2026-09-11T10:42:00.849372-05:00,193.03,0,1,2
2026-09-11,80,2026-09-11T07:32:27.756696-05:00,2026-09-11T10:45:41.927816-05:00,193.24,0,1,5
2026-09-11,81,2026-09-11T07:38:32.136624-05:00,2026-09-11T10:45:57.772865-05:00,187.43,0,0,1
2026-09-11,82,2026-09-11T07:40:12.056567-05:00,2026-09-11T10:46:07.537164-05:00,185.92,0,0,4
2026-09-11,83,2026-09-11T07:42:17.467983-05:00,2026-09-11T10:54:28.522336-05:00,192.18,0,0,1
2026-09-11,84,2026-09-11T07:46:25.459928-05:00,2026-09-11T10:54:30.849294-05:00,188.09,0,0,3
2026-09-11,85,2026-09-11T07:47:02.717294-05:00,2026-09-11T10:55:55.213795-05:00,188.87,0,1,6
2026-09-11,86,2026-09-11T07:54:26.666153-05:00,2026-09-11T10:58:22.742041-05:00,183.93,0,0,5
2026-09-11,87,2026-09-11T07:59:11.425729-05:00,2026-09-11T10:58:59.999515-05:00,179.81,0,0,4
2026-09-11,89,2026-09-11T08:03:16.199909-05:00,2026-09-11T11:00:46.154300-05:00,177.5,0,0,2
2026-09-11,90,2026-09-11T08:16:50.110817-05:00,2026-09-11T11:02:41.914516-05:00,165.86,0,0,6
2026-09-11,91,2026-09-11T08:30:25.512136-05:00,2026-09-11T11:08:51.984983-05:00,158.44,0,1,1
2026-09-11,129,2026-09-11T11:09:06.082166-05:00,2026-09-11T11:10:13.235735-05:00,1.12,1,0,6
2026-09-11,92,2026-09-11T08:32:31.313562-05:00,2026-09-11T11:12:44.569597-05:00,160.22,0,0,2
2026-09-11,93,2026-09-11T08:34:20.163764-05:00,2026-09-11T11:13:48.667195-05:00,159.48,0,0,4
2026-09-11,131,2026-09-11T11:15:25.061064-05:00,2026-09-11T11:17:05.405321-05:00,1.67,1,1,3
2026-09-11,95,2026-09-11T08:52:38.489295-05:00,2026-09-11T11:23:31.723568-05:00,150.89,0,0,4
2026-09-11,96,2026-09-11T08:54:25.890850-05:00,2026-09-11T11:23:59.067654-05:00,149.55,0,1,6
2026-09-11,133,2026-09-11T11:24:06.792143-05:00,2026-09-11T11:24:16.243306-05:00,0.16,1,0,1
2026-09-11,97,2026-09-11T09:02:52.789190-05:00,2026-09-11T11:25:04.769906-05:00,142.2,0,0,5
2026-09-11,98,2026-09-11T09:03:08.748789-05:00,2026-09-11T11:30:55.555820-05:00,147.78,0,0,2
2026-09-11,99,2026-09-11T09:03:09.493320-05:00,2026-09-11T11:32:32.310268-05:00,149.38,0,0,4
2026-09-11,100,2026-09-11T09:09:52.702292-05:00,2026-09-11T11:33:19.551500-05:00,143.45,0,0,6
2026-09-11,101,2026-09-11T09:10:09.792350-05:00,2026-09-11T11:34:02.493432-05:00,143.88,0,0,5
2026-09-11,103,2026-09-11T09:17:43.423368-05:00,2026-09-11T11:36:31.347650-05:00,138.8,0,0,1
2026-09-11,102,2026-09-11T09:17:59.932736-05:00,2026-09-11T11:42:02.373984-05:00,144.04,0,0,2
2026-09-11,104,2026-09-11T09:18:02.539731-05:00,2026-09-11T11:42:46.093812-05:00,144.73,0,0,3
2026-09-11,107,2026-09-11T09:33:30.519649-05:00,2026-09-11T11:46:02.306095-05:00,132.53,0,1,1
2026-09-11,106,2026-09-11T09:33:39.570372-05:00,2026-09-11T11:48:45.576724-05:00,135.1,0,0,6
2026-09-11,108,2026-09-11T09:43:20.027433-05:00,2026-09-11T11:50:33.039972-05:00,127.22,0,1,2
2026-09-11,109,2026-09-11T09:43:32.498831-05:00,2026-09-11T11:51:32.620306-05:00,128.0,0,0,4
2026-09-11,110,2026-09-11T09:52:54.819140-05:00,2026-09-11T11:51:52.531921-05:00,118.96,0,1,5
2026-09-11,111,2026-09-11T09:53:46.150163-05:00,2026-09-11T11:56:07.682987-05:00,122.36,0,0,3
2026-09-11,112,2026-09-11T09:58:04.253659-05:00,2026-09-11T11:57:23.749278-05:00,119.32,0,1,4
2026-09-11,113,2026-09-11T10:00:59.830772-05:00,2026-09-11T12:01:09.124296-05:00,120.15,0,1,2
2026-09-11,114,2026-09-11T10:01:06.333758-05:00,2026-09-11T12:02:02.227761-05:00,120.93,0,0,5
2026-09-11,116,2026-09-11T10:10:11.386442-05:00,2026-09-11T12:06:08.221923-05:00,115.95,0,0,4
2026-09-11,117,2026-09-11T10:13:58.062735-05:00,2026-09-11T12:09:27.610820-05:00,115.49,0,0,6
2026-09-11,118,2026-09-11T10:19:56.755296-05:00,2026-09-11T12:11:46.324890-05:00,111.83,0,0,5
2026-09-11,119,2026-09-11T10:21:01.191458-05:00,2026-09-11T12:15:45.930537-05:00,114.75,0,1,3
2026-09-11,121,2026-09-11T10:26:58.369102-05:00,2026-09-11T12:16:24.962857-05:00,109.44,0,0,6
2026-09-11,122,2026-09-11T10:27:08.859594-05:00,2026-09-11T12:16:30.309860-05:00,109.36,0,1,1
2026-09-11,124,2026-09-11T10:31:14.298348-05:00,2026-09-11T12:21:16.485167-05:00,110.04,0,0,2
2026-09-11,123,2026-09-11T10:31:16.464291-05:00,2026-09-11T12:22:00.703558-05:00,110.74,0,0,5
2026-09-11,125,2026-09-11T10:45:06.459297-05:00,2026-09-11T12:23:12.254016-05:00,98.1,0,0,3
2026-09-11,126,2026-09-11T10:48:30.182441-05:00,2026-09-11T12:23:54.935064-05:00,95.41,0,0,4
2026-09-11,127,2026-09-11T10:49:25.074352-05:00,2026-09-11T12:26:53.769812-05:00,97.48,0,1,1
2026-09-11,128,2026-09-11T11:02:08.438837-05:00,2026-09-11T12:32:08.623533-05:00,90.0,0,0,2
2026-09-11,130,2026-09-11T11:13:07.971878-05:00,2026-09-11T12:36:19.253426-05:00,83.19,0,0,4
2026-09-11,132,2026-09-11T11:22:06.769958-05:00,2026-09-11T12:37:42.005467-05:00,75.59,0,0,6
2026-09-11,134,2026-09-11T11:39:30.587619-05:00,2026-09-11T12:46:03.226190-05:00,66.54,0,0,5
2026-09-11,135,2026-09-11T11:45:31.605216-05:00,2026-09-11T12:46:24.581809-05:00,60.88,0,0,3
2026-09-11,136,2026-09-11T11:51:43.861406-05:00,2026-09-11T12:47:08.767266-05:00,55.42,0,0,1
2026-09-11,137,2026-09-11T12:01:30.322221-05:00,2026-09-11T12:54:34.516903-05:00,53.07,0,1,2
2026-09-12,2,2026-09-12T05:41:51.137767-05:00,2026-09-12T07:36:00-05:00,114.15,1,0,1
2026-09-12,18,2026-09-12T06:04:33.862207-05:00,2026-09-12T07:36:00-05:00,91.44,1,0,2
2026-09-12,28,2026-09-12T06:14:39.629739-05:00,2026-09-12T07:36:00-05:00,81.34,1,1,3
2026-09-12,39,2026-09-12T06:24:34.420685-05:00,2026-09-12T07:36:00-05:00,71.43,1,0,4
2026-09-12,46,2026-09-12T06:30:05.583677-05:00,2026-09-12T07:36:00-05:00,65.91,1,0,5
2026-09-12,56,2026-09-12T06:37:03.613636-05:00,2026-09-12T07:36:00-05:00,58.94,1,0,6
2026-09-12,64,2026-09-12T06:49:29.942443-05:00,2026-09-12T07:41:16.528774-05:00,51.78,1,0,3
2026-09-12,66,2026-09-12T06:53:37.787879-05:00,2026-09-12T07:42:29.078008-05:00,48.85,1,0,4
2026-09-12,0,2026-09-12T05:32:19.705427-05:00,2026-09-12T07:42:44.670087-05:00,130.42,0,1,1
2026-09-12,86,2026-09-12T07:43:02.241397-05:00,2026-09-12T07:44:44.036366-05:00,1.7,1,0,5
2026-09-12,1,2026-09-12T05:34:22.367923-05:00,2026-09-12T07:48:10.617746-05:00,133.8,0,0,2
2026-09-12,3,2026-09-12T05:42:35.118657-05:00,2026-09-12T07:49:29.071483-05:00,126.9,0,1,1
2026-09-12,6,2026-09-12T05:43:44.087051-05:00,2026-09-12T07:50:43.957790-05:00,127.0,0,0,3
2026-09-12,4,2026-09-12T05:43:48.527881-05:00,2026-09-12T07:52:41.968590-05:00,128.89,0,1,6
2026-09-12,5,2026-09-12T05:43:56.447488-05:00,2026-09-12T07:58:03.234709-05:00,134.11,0,1,1
2026-09-12,7,2026-09-12T05:44:09.045232-05:00,2026-09-12T08:00:48.450139-05:00,136.66,0,1,5
2026-09-12,8,2026-09-12T05:46:50.473395-05:00,2026-09-12T08:01:02.959472-05:00,134.21,0,0,6
2026-09-12,9,2026-09-12T05:49:12.585155-05:00,2026-09-12T08:03:22.574307-05:00,134.17,0,0,2
2026-09-12,10,2026-09-12T05:49:42.661649-05:00,2026-09-12T08:04:46.240157-05:00,135.06,0,1,3
2026-09-12,11,2026-09-12T05:57:02.065342-05:00,2026-09-12T08:05:54.646408-05:00,128.88,0,0,4
2026-09-12,12,2026-09-12T05:59:06.330539-05:00,2026-09-12T08:11:56.976569-05:00,132.84,0,0,5
2026-09-12,13,2026-09-12T05:59:31.395612-05:00,2026-09-12T08:14:11.177768-05:00,134.66,0,1,3
2026-09-12,14,2026-09-12T06:00:29.926569-05:00,2026-09-12T08:17:22.684790-05:00,136.88,0,0,6
2026-09-12,15,2026-09-12T06:00:59.261371-05:00,2026-09-12T08:17:56.367913-05:00,136.95,0,1,4
2026-09-12,93,2026-09-12T08:19:03.201539-05:00,2026-09-12T08:20:04.059849-05:00,1.01,1,0,5
2026-09-12,16,2026-09-12T06:01:55.480426-05:00,2026-09-12T08:23:54.642694-05:00,141.99,0,0,6
2026-09-12,17,2026-09-12T06:02:34.602269-05:00,2026-09-12T08:29:37.039479-05:00,147.04,0,1,3
2026-09-12,19,2026-09-12T06:04:34.296654-05:00,2026-09-12T08:29:56.386945-05:00,145.37,0,1,5
2026-09-12,20,2026-09-12T06:08:19.108395-05:00,2026-09-12T08:31:24.988263-05:00,143.1,0,0,4
2026-09-12,21,2026-09-12T06:09:26.477281-05:00,2026-09-12T08:37:29.437145-05:00,148.05,0,0,3
2026-09-12,22,2026-09-12T06:10:57.765274-05:00,2026-09-12T08:37:44.920926-05:00,146.79,0,0,1
2026-09-12,23,2026-09-12T06:12:33.573458-05:00,2026-09-12T08:45:32.954133-05:00,152.99,0,0,6
2026-09-12,24,2026-09-12T06:12:50.649922-05:00,2026-09-12T08:45:54.718959-05:00,153.07,0,0,5
2026-09-12,26,2026-09-12T06:13:32.433259-05:00,2026-09-12T08:47:51.941055-05:00,154.33,0,1,1
2026-09-12,27,2026-09-12T06:13:49.183800-05:00,2026-09-12T08:49:47.821667-05:00,155.98,0,0,2
2026-09-12,25,2026-09-12T06:13:51.243052-05:00,2026-09-12T08:50:34.961009-05:00,156.73,0,0,3
2026-09-12,29,2026-09-12T06:14:32.693486-05:00,2026-09-12T08:52:36.219839-05:00,158.06,0,0,6
2026-09-12,30,2026-09-12T06:16:25.885802-05:00,2026-09-12T08:54:04.593701-05:00,157.65,0,0,4
2026-09-12,31,2026-09-12T06:16:31.188053-05:00,2026-09-12T08:56:54.737472-05:00,160.39,0,1,1
2026-09-12,32,2026-09-12T06:17:29.259695-05:00,2026-09-12T08:57:34.012399-05:00,160.08,0,0,5
2026-09-12,98,2026-09-12T08:57:36.198406-05:00,2026-09-12T08:57:51.580745-05:00,0.26,1,0,6
2026-09-12,33,2026-09-12T06:18:13.856607-05:00,2026-09-12T08:58:26.003462-05:00,160.2,0,0,2
2026-09-12,34,2026-09-12T06:20:38.838223-05:00,2026-09-12T08:58:45.989440-05:00,158.12,0,0,3
2026-09-12,100,2026-09-12T09:01:20.891098-05:00,2026-09-12T09:05:19.295993-05:00,3.97,1,0,4
2026-09-12,35,2026-09-12T06:21:18.181264-05:00,2026-09-12T09:06:27.401146-05:00,165.15,0,0,3
2026-09-12,36,2026-09-12T06:22:41.294751-05:00,2026-09-12T09:12:10.969648-05:00,169.49,0,1,4
2026-09-12,37,2026-09-12T06:23:04.407904-05:00,2026-09-12T09:13:11.011508-05:00,170.11,0,1,5
2026-09-12,38,2026-09-12T06:23:48.461878-05:00,2026-09-12T09:14:45.571623-05:00,170.95,0,1,1
2026-09-12,40,2026-09-12T06:24:40.140984-05:00,2026-09-12T09:17:47.404830-05:00,173.12,0,0,3
2026-09-12,41,2026-09-12T06:26:14.153496-05:00,2026-09-12T09:18:40.971156-05:00,172.45,0,0,6
2026-09-12,42,2026-09-12T06:26:58.479145-05:00,2026-09-12T09:20:02.623105-05:00,173.07,0,0,2
2026-09-12,43,2026-09-12T06:26:59.306719-05:00,2026-09-12T09:25:05.618651-05:00,178.11,0,0,4
2026-09-12,44,2026-09-12T06:27:59.298423-05:00,2026-09-12T09:30:00.016704-05:00,182.01,0,0,5
2026-09-12,45,2026-09-12T06:28:06.575809-05:00,2026-09-12T09:30:08.665985-05:00,182.03,0,0,1
2026-09-12,47,2026-09-12T06:33:07.646582-05:00,2026-09-12T09:31:06.255401-05:00,177.98,0,0,2
2026-09-12,48,2026-09-12T06:33:56.036231-05:00,2026-09-12T09:37:14.621962-05:00,183.31,0,0,3
2026-09-12,50,2026-09-12T06:34:09.833276-05:00,2026-09-12T09:41:24.740223-05:00,187.25,0,0,5
2026-09-12,49,2026-09-12T06:34:16.611344-05:00,2026-09-12T09:42:23.853303-05:00,188.12,0,0,4
2026-09-12,52,2026-09-12T06:34:35.411449-05:00,2026-09-12T09:45:42.746385-05:00,191.12,0,1,6
2026-09-12,111,2026-09-12T09:46:35.183612-05:00,2026-09-12T09:46:51.541933-05:00,0.27,1,1,2
2026-09-12,51,2026-09-12T06:34:57.622215-05:00,2026-09-12T09:52:29.401146-05:00,197.53,0,1,5
2026-09-12,53,2026-09-12T06:35:15.805969-05:00,2026-09-12T09:53:19.735978-05:00,198.07,0,1,2
2026-09-12,54,2026-09-12T06:36:26.447913-05:00,2026-09-12T09:54:27.936718-05:00,198.02,0,1,1
2026-09-12,115,2026-09-12T09:54:42.689114-05:00,2026-09-12T09:58:13.203004-05:00,3.51,1,0,4
2026-09-12,55,2026-09-12T06:37:00.563146-05:00,2026-09-12T09:58:44.624661-05:00,201.73,0,0,1
2026-09-12,57,2026-09-12T06:37:40.432543-05:00,2026-09-12T10:00:48.582729-05:00,203.14,0,1,3
2026-09-12,58,2026-09-12T06:38:12.552498-05:00,2026-09-12T10:04:54.783381-05:00,206.7,0,0,4
2026-09-12,59,2026-09-12T06:40:15.484165-05:00,2026-09-12T10:04:59.018963-05:00,204.73,0,0,2
2026-09-12,60,2026-09-12T06:42:34.119893-05:00,2026-09-12T10:07:26.727380-05:00,204.88,0,0,5
2026-09-12,61,2026-09-12T06:47:01.854084-05:00,2026-09-12T10:13:48.217093-05:00,206.77,0,1,5
2026-09-12,62,2026-09-12T06:47:05.873332-05:00,2026-09-12T10:17:21.052491-05:00,210.25,0,0,3
2026-09-12,63,2026-09-12T06:48:24.329938-05:00,2026-09-12T10:20:00.333235-05:00,211.6,0,0,6
2026-09-12,65,2026-09-12T06:49:29.680845-05:00,2026-09-12T10:23:24.174170-05:00,213.91,0,0,2
2026-09-12,67,2026-09-12T06:55:26.811948-05:00,2026-09-12T10:26:21.930289-05:00,210.92,0,0,6
2026-09-12,68,2026-09-12T06:57:03.190238-05:00,2026-09-12T10:28:31.664114-05:00,211.47,0,0,1
2026-09-12,69,2026-09-12T06:57:37.389323-05:00,2026-09-12T10:30:22.482215-05:00,212.75,0,0,3
2026-09-12,70,2026-09-12T06:58:28.736885-05:00,2026-09-12T10:30:29.661191-05:00,212.02,0,1,5
2026-09-12,71,2026-09-12T06:59:24.164768-05:00,2026-09-12T10:32:51.544202-05:00,213.46,0,0,6
2026-09-12,72,2026-09-12T07:01:19.203620-05:00,2026-09-12T10:34:13.966726-05:00,212.91,0,0,2
2026-09-12,73,2026-09-12T07:01:51.719023-05:00,2026-09-12T10:35:19.027546-05:00,213.46,0,0,4
2026-09-12,74,2026-09-12T07:02:57.208092-05:00,2026-09-12T10:36:04.012458-05:00,213.11,0,0,3
2026-09-12,75,2026-09-12T07:03:38.064989-05:00,2026-09-12T10:42:39.890424-05:00,219.03,0,0,4
2026-09-12,76,2026-09-12T07:03:58.075654-05:00,2026-09-12T10:45:14.495764-05:00,221.27,0,0,6
2026-09-12,77,2026-09-12T07:04:47.905209-05:00,2026-09-12T10:46:10.950748-05:00,221.38,0,1,1
2026-09-12,78,2026-09-12T07:19:31.709629-05:00,2026-09-12T10:51:36.769914-05:00,212.08,0,1,5
2026-09-12,79,2026-09-12T07:19:43.997881-05:00,2026-09-12T10:52:28.498070-05:00,212.74,0,0,4
2026-09-12,80,2026-09-12T07:21:25.037240-05:00,2026-09-12T10:53:36.452996-05:00,212.19,0,1,3
2026-09-12,81,2026-09-12T07:23:53.307618-05:00,2026-09-12T10:56:29.261009-05:00,212.6,0,1,2
2026-09-12,83,2026-09-12T07:24:11.188745-05:00,2026-09-12T10:56:38.585695-05:00,212.46,0,1,1
2026-09-12,82,2026-09-12T07:24:17.082105-05:00,2026-09-12T10:59:21.473877-05:00,215.07,0,1,3
2026-09-12,84,2026-09-12T07:27:28.493018-05:00,2026-09-12T11:03:53.709741-05:00,216.42,0,0,6
2026-09-12,85,2026-09-12T07:40:12.408980-05:00,2026-09-12T11:04:19.704721-05:00,204.12,0,0,5
2026-09-12,87,2026-09-12T07:45:32.831936-05:00,2026-09-12T11:07:05.971782-05:00,201.55,0,0,4
2026-09-12,88,2026-09-12T08:03:14.931318-05:00,2026-09-12T11:07:19.300849-05:00,184.07,0,0,2
2026-09-12,89,2026-09-12T08:08:14.959463-05:00,2026-09-12T11:10:45.929184-05:00,182.52,0,1,1
2026-09-12,90,2026-09-12T08:09:14.006209-05:00,2026-09-12T11:10:57.681073-05:00,181.73,0,1,6
2026-09-12,91,2026-09-12T08:16:05.392366-05:00,2026-09-12T11:11:56.024168-05:00,175.84,0,0,3
2026-09-12,92,2026-09-12T08:16:51.106901-05:00,2026-09-12T11:16:28.179292-05:00,179.62,0,0,5
2026-09-12,94,2026-09-12T08:23:00.991808-05:00,2026-09-12T11:19:46.454286-05:00,176.76,0,1,2
2026-09-12,95,2026-09-12T08:24:51.569547-05:00,2026-09-12T11:20:50.880555-05:00,175.99,0,1,4
2026-09-12,141,2026-09-12T11:27:24.807932-05:00,2026-09-12T11:28:24.319334-05:00,0.99,1,0,2
2026-09-12,96,2026-09-12T08:45:28.001379-05:00,2026-09-12T11:30:10.899024-05:00,164.71,0,0,4
2026-09-12,97,2026-09-12T08:48:28.253376-05:00,2026-09-12T11:30:20.610182-05:00,161.87,0,0,6
2026-09-12,99,2026-09-12T08:57:58.177708-05:00,2026-09-12T11:33:30.399588-05:00,155.54,0,0,1
2026-09-12,101,2026-09-12T09:08:11.311768-05:00,2026-09-12T11:36:02.944952-05:00,147.86,0,1,3
2026-09-12,102,2026-09-12T09:10:49.611271-05:00,2026-09-12T11:36:03.003564-05:00,145.22,0,0,6
2026-09-12,103,2026-09-12T09:18:01.846965-05:00,2026-09-12T11:38:06.428669-05:00,140.08,0,1,5
2026-09-12,104,2026-09-12T09:24:27.341333-05:00,2026-09-12T11:41:14.560309-05:00,136.79,0,0,2
2026-09-12,105,2026-09-12T09:31:32.227044-05:00,2026-09-12T11:44:21.787929-05:00,132.83,0,0,3
2026-09-12,143,2026-09-12T11:47:52.175618-05:00,2026-09-12T11:47:58.033255-05:00,0.1,1,1,1
2026-09-12,106,2026-09-12T09:34:05.963381-05:00,2026-09-12T11:48:36.308895-05:00,134.51,0,1,4
2026-09-12,107,2026-09-12T09:34:58.533460-05:00,2026-09-12T11:50:03.395077-05:00,135.08,0,0,5
2026-09-12,108,2026-09-12T09:39:43.184784-05:00,2026-09-12T11:52:50.725564-05:00,133.13,0,1,2
2026-09-12,109,2026-09-12T09:40:55.242448-05:00,2026-09-12T11:54:50.801300-05:00,133.93,0,0,6
2026-09-12,110,2026-09-12T09:44:44.012282-05:00,2026-09-12T11:57:08.498387-05:00,132.41,0,1,5
2026-09-12,112,2026-09-12T09:50:09.301878-05:00,2026-09-12T11:59:59.331961-05:00,129.83,0,0,4
2026-09-12,113,2026-09-12T09:50:57.701759-05:00,2026-09-12T12:03:50.189241-05:00,132.87,0,0,2
2026-09-12,114,2026-09-12T09:51:12.075553-05:00,2026-09-12T12:12:34.807411-05:00,141.38,0,0,5
2026-09-12,116,2026-09-12T10:11:55.505254-05:00,2026-09-12T12:13:14.461737-05:00,121.32,0,1,3
2026-09-12,117,2026-09-12T10:12:52.639530-05:00,2026-09-12T12:14:16.427897-05:00,121.4,0,1,1
2026-09-12,118,2026-09-12T10:15:59.301835-05:00,2026-09-12T12:17:00.303125-05:00,121.02,0,1,4
2026-09-12,119,2026-09-12T10:18:17.295516-05:00,2026-09-12T12:17:28.894098-05:00,119.19,0,0,6
2026-09-12,121,2026-09-12T10:24:35.667778-05:00,2026-09-12T12:19:42.491905-05:00,115.11,0,0,3
2026-09-12,122,2026-09-12T10:24:37.349281-05:00,2026-09-12T12:20:24.286968-05:00,115.78,0,1,2
2026-09-12,120,2026-09-12T10:24:49.510785-05:00,2026-09-12T12:28:40.685810-05:00,123.85,0,0,6
2026-09-12,123,2026-09-12T10:34:59.782175-05:00,2026-09-12T12:29:49.790168-05:00,114.83,0,0,1
2026-09-12,124,2026-09-12T10:36:44.231910-05:00,2026-09-12T12:32:58.145526-05:00,116.23,0,0,4
2026-09-12,125,2026-09-12T10:37:13.253795-05:00,2026-09-12T12:33:33.122543-05:00,116.33,0,0,5
2026-09-12,126,2026-09-12T10:37:22.305648-05:00,2026-09-12T12:37:12.963729-05:00,119.84,0,0,4
2026-09-12,127,2026-09-12T10:37:50.068261-05:00,2026-09-12T12:39:50.255369-05:00,122.0,0,0,3
2026-09-12,128,2026-09-12T10:39:39.898932-05:00,2026-09-12T12:39:59.378723-05:00,120.32,0,1,2
2026-09-12,129,2026-09-12T10:41:50.943870-05:00,2026-09-12T12:43:19.632334-05:00,121.48,0,0,6
2026-09-12,130,2026-09-12T10:49:12.536399-05:00,2026-09-12T12:44:48.178137-05:00,115.59,0,0,1
2026-09-12,131,2026-09-12T10:50:45.180983-05:00,2026-09-12T12:52:13.760737-05:00,121.48,0,0,4
2026-09-12,132,2026-09-12T10:57:05.861377-05:00,2026-09-12T12:55:20.685241-05:00,118.25,0,1,1
2026-09-12,133,2026-09-12T10:59:18.525439-05:00,2026-09-12T12:55:25.428082-05:00,116.12,0,1,3
2026-09-12,134,2026-09-12T11:05:59.325255-05:00,2026-09-12T12:59:30.919684-05:00,113.53,0,0,2
2026-09-12,135,2026-09-12T11:06:15.208981-05:00,2026-09-12T13:01:20.827064-05:00,115.09,0,1,6
2026-09-12,136,2026-09-12T11:09:55.804196-05:00,2026-09-12T13:04:12.185285-05:00,114.27,0,1,4
2026-09-12,137,2026-09-12T11:13:57.405404-05:00,2026-09-12T13:04:27.925648-05:00,110.51,0,0,1
2026-09-12,138,2026-09-12T11:16:33.445863-05:00,2026-09-12T13:05:45.800400-05:00,109.21,0,0,5
2026-09-12,139,2026-09-12T11:18:15.232226-05:00,2026-09-12T13:12:47.825883-05:00,114.54,0,1,4
2026-09-12,140,2026-09-12T11:23:56.368787-05:00,2026-09-12T13:17:52.253535-05:00,113.93,0,0,4
2026-09-12,142,2026-09-12T11:41:38.180734-05:00,2026-09-12T13:17:55.548996-05:00,96.29,0,0,2
2026-09-12,144,2026-09-12T11:54:30.714723-05:00,2026-09-12T13:18:13.464486-05:00,83.71,0,0,3
2026-09-12,145,2026-09-12T12:04:21.285544-05:00,2026-09-12T13:20:13.799098-05:00,75.88,0,0,1
2026-09-12,146,2026-09-12T12:04:36.800161-05:00,2026-09-12T13:23:46.027667-05:00,79.15,0,1,6
2026-09-12,147,2026-09-12T12:28:42.062475-05:00,2026-09-12T13:23:54.229646-05:00,55.2,0,0,5
2026-09-14,22,2026-09-14T06:03:22.596495-05:00,2026-09-14T07:36:00-05:00,92.62,1,0,1
2026-09-14,24,2026-09-14T06:05:59.652849-05:00,2026-09-14T07:36:00-05:00,90.01,1,0,2
2026-09-14,37,2026-09-14T06:22:04.607187-05:00,2026-09-14T07:36:00-05:00,73.92,1,1,3
2026-09-14,44,2026-09-14T06:27:22.196194-05:00,2026-09-14T07:36:00-05:00,68.63,1,1,4
2026-09-14,47,2026-09-14T06:29:39.680628-05:00,2026-09-14T07:36:00-05:00,66.34,1,0,5
2026-09-14,50,2026-09-14T06:31:19.779252-05:00,2026-09-14T07:36:00-05:00,64.67,1,0,6
2026-09-14,62,2026-09-14T06:42:57.461076-05:00,2026-09-14T07:45:07.488195-05:00,62.17,1,1,4
2026-09-14,64,2026-09-14T06:49:25.578136-05:00,2026-09-14T07:46:52.482812-05:00,57.45,1,0,1
2026-09-14,0,2026-09-14T05:31:28.680656-05:00,2026-09-14T07:48:18.108979-05:00,136.82,0,0,6
2026-09-14,1,2026-09-14T05:31:36.519954-05:00,2026-09-14T07:49:47.363937-05:00,138.18,0,0,3
2026-09-14,2,2026-09-14T05:35:12.656734-05:00,2026-09-14T07:51:31.990956-05:00,136.32,0,1,5
2026-09-14,3,2026-09-14T05:39:17.714088-05:00,2026-09-14T07:57:31.710987-05:00,138.23,0,0,5
2026-09-14,4,2026-09-14T05:41:22.374435-05:00,2026-09-14T07:59:59.052947-05:00,138.61,0,0,2
2026-09-14,6,2026-09-14T05:42:34.143499-05:00,2026-09-14T08:00:09.104862-05:00,137.58,0,1,4
2026-09-14,5,2026-09-14T05:42:35.444802-05:00,2026-09-14T08:00:17.180225-05:00,137.7,0,0,6
2026-09-14,7,2026-09-14T05:43:01.069953-05:00,2026-09-14T08:00:50.448030-05:00,137.82,0,0,3
2026-09-14,8,2026-09-14T05:44:44.439042-05:00,2026-09-14T08:03:43.097946-05:00,138.98,0,1,1
2026-09-14,90,2026-09-14T08:04:15.417906-05:00,2026-09-14T08:06:29.480809-05:00,2.23,1,0,2
2026-09-14,9,2026-09-14T05:47:12.433025-05:00,2026-09-14T08:06:46.406112-05:00,139.57,0,0,3
2026-09-14,10,2026-09-14T05:48:03.705974-05:00,2026-09-14T08:06:54.800941-05:00,138.85,0,0,5
2026-09-14,11,2026-09-14T05:50:34.389234-05:00,2026-09-14T08:13:21.173067-05:00,142.78,0,1,3
2026-09-14,12,2026-09-14T05:51:32.666038-05:00,2026-09-14T08:13:43.293710-05:00,142.18,0,0,5
2026-09-14,13,2026-09-14T05:52:58.445192-05:00,2026-09-14T08:13:51.836232-05:00,140.89,0,0,1
2026-09-14,14,2026-09-14T05:55:36.082788-05:00,2026-09-14T08:17:05.395779-05:00,141.49,0,0,2
2026-09-14,16,2026-09-14T05:58:08.780702-05:00,2026-09-14T08:22:39.764311-05:00,144.52,0,0,6
2026-09-14,15,2026-09-14T05:58:19.650865-05:00,2026-09-14T08:23:00.850030-05:00,144.69,0,0,5
2026-09-14,17,2026-09-14T05:59:14.800031-05:00,2026-09-14T08:25:10.099016-05:00,145.92,0,0,3
2026-09-14,18,2026-09-14T06:00:23.523313-05:00,2026-09-14T08:27:02.587998-05:00,146.65,0,0,1
2026-09-14,20,2026-09-14T06:02:34.208848-05:00,2026-09-14T08:30:01.571835-05:00,147.46,0,0,6
2026-09-14,19,2026-09-14T06:02:47.029379-05:00,2026-09-14T08:30:55.049470-05:00,148.13,0,0,2
2026-09-14,21,2026-09-14T06:02:53.108121-05:00,2026-09-14T08:31:36.924838-05:00,148.73,0,1,4
2026-09-14,23,2026-09-14T06:04:29.509542-05:00,2026-09-14T08:36:43.344492-05:00,152.23,0,1,5
2026-09-14,98,2026-09-14T08:41:03.572563-05:00,2026-09-14T08:41:51.357047-05:00,0.8,1,0,3
2026-09-14,25,2026-09-14T06:07:43.806310-05:00,2026-09-14T08:42:15.085099-05:00,154.52,0,0,4
2026-09-14,26,2026-09-14T06:09:49.301009-05:00,2026-09-14T08:44:38.476221-05:00,154.82,0,1,6
2026-09-14,27,2026-09-14T06:10:30.607697-05:00,2026-09-14T08:44:55.964690-05:00,154.42,0,0,5
2026-09-14,28,2026-09-14T06:11:55.363433-05:00,2026-09-14T08:46:26.406850-05:00,154.52,0,0,2
2026-09-14,29,2026-09-14T06:13:15.530472-05:00,2026-09-14T08:49:16.087350-05:00,156.01,0,1,4
2026-09-14,30,2026-09-14T06:15:07.975511-05:00,2026-09-14T08:53:49.250068-05:00,158.69,0,0,1
2026-09-14,31,2026-09-14T06:15:55.381242-05:00,2026-09-14T08:54:59.423789-05:00,159.07,0,0,6
2026-09-14,32,2026-09-14T06:17:30.002495-05:00,2026-09-14T08:55:50.242789-05:00,158.34,0,0,3
2026-09-14,33,2026-09-14T06:18:33.768733-05:00,2026-09-14T09:02:49.533310-05:00,164.26,0,0,2
2026-09-14,34,2026-09-14T06:19:49.098318-05:00,2026-09-14T09:05:50.839078-05:00,166.03,0,0,6
2026-09-14,35,2026-09-14T06:20:09.291590-05:00,2026-09-14T09:06:27.585596-05:00,166.3,0,0,3
2026-09-14,36,2026-09-14T06:22:03.405134-05:00,2026-09-14T09:08:09.758768-05:00,166.11,0,0,1
2026-09-14,38,2026-09-14T06:22:12.496952-05:00,2026-09-14T09:12:37.021146-05:00,170.41,0,0,5
2026-09-14,39,2026-09-14T06:22:36.552598-05:00,2026-09-14T09:16:59.133711-05:00,174.38,0,1,4
2026-09-14,40,2026-09-14T06:23:38.773296-05:00,2026-09-14T09:18:38.219477-05:00,174.99,0,1,2
2026-09-14,41,2026-09-14T06:24:04.750998-05:00,2026-09-14T09:18:43.549742-05:00,174.65,0,0,1
2026-09-14,42,2026-09-14T06:26:19.225202-05:00,2026-09-14T09:21:24.777441-05:00,175.09,0,0,6
2026-09-14,43,2026-09-14T06:27:13.546755-05:00,2026-09-14T09:21:47.194008-05:00,174.56,0,1,3
2026-09-14,45,2026-09-14T06:28:04.624753-05:00,2026-09-14T09:22:29.788542-05:00,174.42,0,0,5
2026-09-14,46,2026-09-14T06:28:49.874738-05:00,2026-09-14T09:26:26.591099-05:00,177.61,0,1,1
2026-09-14,48,2026-09-14T06:30:18.926764-05:00,2026-09-14T09:29:26.009414-05:00,179.12,0,0,2
2026-09-14,49,2026-09-14T06:30:52.295404-05:00,2026-09-14T09:29:58.107110-05:00,179.1,0,1,4
2026-09-14,51,2026-09-14T06:32:20.867546-05:00,2026-09-14T09:30:28.611412-05:00,178.13,0,0,1
2026-09-14,52,2026-09-14T06:34:04.757100-05:00,2026-09-14T09:33:38.267578-05:00,179.56,0,0,3
2026-09-14,53,2026-09-14T06:34:28.597717-05:00,2026-09-14T09:33:55.983930-05:00,179.46,0,0,2
2026-09-14,55,2026-09-14T06:34:44.315568-05:00,2026-09-14T09:40:23.443786-05:00,185.65,0,0,5
2026-09-14,114,2026-09-14T09:45:27.363457-05:00,2026-09-14T09:47:16.865271-05:00,1.83,1,1,4
2026-09-14,54,2026-09-14T06:34:52.803577-05:00,2026-09-14T09:48:42.743213-05:00,193.83,0,0,6
2026-09-14,56,2026-09-14T06:37:07.448088-05:00,2026-09-14T09:51:34.196138-05:00,194.45,0,0,3
2026-09-14,57,2026-09-14T06:38:00.540867-05:00,2026-09-14T09:53:49.309648-05:00,195.81,0,1,5
2026-09-14,59,2026-09-14T06:38:48.580219-05:00,2026-09-14T09:55:14.230926-05:00,196.43,0,0,1
2026-09-14,58,2026-09-14T06:38:57.926907-05:00,2026-09-14T09:59:43.437580-05:00,200.76,0,0,3
2026-09-14,60,2026-09-14T06:40:06.183853-05:00,2026-09-14T10:01:40.923527-05:00,201.58,0,0,6
2026-09-14,61,2026-09-14T06:40:43.671342-05:00,2026-09-14T10:03:57.468020-05:00,203.23,0,1,1
2026-09-14,63,2026-09-14T06:47:26.359639-05:00,2026-09-14T10:05:42.610461-05:00,198.27,0,1,4
2026-09-14,65,2026-09-14T06:50:09.846172-05:00,2026-09-14T10:08:59.414819-05:00,198.83,0,1,2
2026-09-14,66,2026-09-14T06:51:42.707418-05:00,2026-09-14T10:08:59.592768-05:00,197.28,0,1,5
2026-09-14,67,2026-09-14T06:51:46.645992-05:00,2026-09-14T10:17:15.398068-05:00,205.48,0,1,6
2026-09-14,68,2026-09-14T06:56:56.223765-05:00,2026-09-14T10:18:36.410031-05:00,201.67,0,0,4
2026-09-14,69,2026-09-14T06:58:03.535001-05:00,2026-09-14T10:19:46.847418-05:00,201.72,0,1,3
2026-09-14,70,2026-09-14T07:00:08.920557-05:00,2026-09-14T10:19:56.024669-05:00,199.79,0,1,1
2026-09-14,71,2026-09-14T07:01:29.467750-05:00,2026-09-14T10:21:27.040703-05:00,199.96,0,0,2
2026-09-14,72,2026-09-14T07:02:05.879551-05:00,2026-09-14T10:24:36.337192-05:00,202.51,0,0,6
2026-09-14,73,2026-09-14T07:03:37.162485-05:00,2026-09-14T10:26:33.196033-05:00,202.93,0,0,5
2026-09-14,74,2026-09-14T07:04:00.342789-05:00,2026-09-14T10:31:30.905062-05:00,207.51,0,1,6
2026-09-14,75,2026-09-14T07:05:01.225184-05:00,2026-09-14T10:32:01.029412-05:00,207.0,0,1,2
2026-09-14,76,2026-09-14T07:06:52.208176-05:00,2026-09-14T10:32:02.355966-05:00,205.17,0,0,1
2026-09-14,77,2026-09-14T07:16:26.645758-05:00,2026-09-14T10:32:19.744480-05:00,195.88,0,1,4
2026-09-14,78,2026-09-14T07:17:24.961848-05:00,2026-09-14T10:36:39.959192-05:00,199.25,0,1,4
2026-09-14,79,2026-09-14T07:19:20.139098-05:00,2026-09-14T10:38:11.534235-05:00,198.86,0,1,6
2026-09-14,80,2026-09-14T07:23:13.419375-05:00,2026-09-14T10:38:53.487837-05:00,195.67,0,0,3
2026-09-14,81,2026-09-14T07:24:03.305669-05:00,2026-09-14T10:39:04.405504-05:00,195.02,0,0,5
2026-09-14,82,2026-09-14T07:24:44.389707-05:00,2026-09-14T10:42:16.118888-05:00,197.53,0,1,2
2026-09-14,83,2026-09-14T07:32:01.679854-05:00,2026-09-14T10:43:49.680741-05:00,191.8,0,1,6
2026-09-14,84,2026-09-14T07:39:29.568398-05:00,2026-09-14T10:48:24.647805-05:00,188.92,0,0,1
2026-09-14,86,2026-09-14T07:45:12.164530-05:00,2026-09-14T10:48:38.150197-05:00,183.43,0,0,5
2026-09-14,85,2026-09-14T07:45:23.782325-05:00,2026-09-14T10:52:29.048077-05:00,187.09,0,0,3
2026-09-14,87,2026-09-14T07:54:56.144189-05:00,2026-09-14T10:53:56.143598-05:00,179.0,0,0,4
2026-09-14,88,2026-09-14T07:56:43.828214-05:00,2026-09-14T10:54:05.564161-05:00,177.36,0,0,2
2026-09-14,89,2026-09-14T08:03:45.888238-05:00,2026-09-14T10:54:06.326994-05:00,170.34,0,0,6
2026-09-14,126,2026-09-14T10:59:36.730400-05:00,2026-09-14T11:00:29.050866-05:00,0.87,1,0,5
2026-09-14,91,2026-09-14T08:10:16.018355-05:00,2026-09-14T11:02:22.484199-05:00,172.11,0,0,1
2026-09-14,92,2026-09-14T08:14:39.065898-05:00,2026-09-14T11:04:38.948982-05:00,170.0,0,1,4
2026-09-14,93,2026-09-14T08:15:35.347536-05:00,2026-09-14T11:06:11.185825-05:00,170.6,0,0,2
2026-09-14,94,2026-09-14T08:23:34.315153-05:00,2026-09-14T11:08:29.055742-05:00,164.91,0,1,1
2026-09-14,129,2026-09-14T11:10:15.730964-05:00,2026-09-14T11:11:06.297873-05:00,0.84,1,1,5
2026-09-14,95,2026-09-14T08:24:48.251299-05:00,2026-09-14T11:11:23.799556-05:00,166.59,0,1,6
2026-09-14,96,2026-09-14T08:27:44.907054-05:00,2026-09-14T11:12:22.073387-05:00,164.62,0,0,3
2026-09-14,97,2026-09-14T08:36:42.939844-05:00,2026-09-14T11:14:35.988619-05:00,157.88,0,0,1
2026-09-14,99,2026-09-14T08:42:41.913014-05:00,2026-09-14T11:19:39.656368-05:00,156.96,0,0,4
2026-09-14,100,2026-09-14T08:43:26.497480-05:00,2026-09-14T11:26:17.520868-05:00,162.85,0,0,5
2026-09-14,101,2026-09-14T08:46:50.908382-05:00,2026-09-14T11:26:26.404482-05:00,159.59,0,0,6
2026-09-14,102,2026-09-14T08:48:40.151983-05:00,2026-09-14T11:26:44.784838-05:00,158.08,0,1,1
2026-09-14,103,2026-09-14T08:49:32.839400-05:00,2026-09-14T11:27:24.400150-05:00,157.86,0,1,2
2026-09-14,104,2026-09-14T08:59:29.334299-05:00,2026-09-14T11:28:07.846828-05:00,148.64,0,0,4
2026-09-14,105,2026-09-14T09:00:04.109545-05:00,2026-09-14T11:34:28.978328-05:00,154.41,0,0,5
2026-09-14,106,2026-09-14T09:03:45.267971-05:00,2026-09-14T11:35:58.549764-05:00,152.22,0,1,3
2026-09-14,107,2026-09-14T09:10:30.795074-05:00,2026-09-14T11:36:52.575827-05:00,146.36,0,0,2
2026-09-14,108,2026-09-14T09:22:52.130253-05:00,2026-09-14T11:37:18.636000-05:00,134.44,0,1,1
2026-09-14,134,2026-09-14T11:39:16.054733-05:00,2026-09-14T11:39:23.658635-05:00,0.13,1,0,6
2026-09-14,109,2026-09-14T09:24:06.652259-05:00,2026-09-14T11:43:24.473222-05:00,139.3,0,0,5
2026-09-14,110,2026-09-14T09:24:30.614035-05:00,2026-09-14T11:46:38.237176-05:00,142.13,0,0,1
2026-09-14,111,2026-09-14T09:31:35.728170-05:00,2026-09-14T11:48:02.706929-05:00,136.45,0,0,4
2026-09-14,112,2026-09-14T09:40:08.661846-05:00,2026-09-14T11:48:16.697736-05:00,128.13,0,0,2
2026-09-14,113,2026-09-14T09:40:34.634898-05:00,2026-09-14T11:48:31.430012-05:00,127.95,0,0,3
2026-09-14,115,2026-09-14T09:46:22.035271-05:00,2026-09-14T11:49:30.452493-05:00,123.14,0,0,6
2026-09-14,116,2026-09-14T09:50:40.474882-05:00,2026-09-14T11:56:41.582281-05:00,126.02,0,1,6
2026-09-14,117,2026-09-14T09:53:22.815187-05:00,2026-09-14T11:59:45.365895-05:00,126.38,0,1,2
2026-09-14,136,2026-09-14T12:01:15.013489-05:00,2026-09-14T12:03:16.851649-05:00,2.03,1,1,1
2026-09-14,118,2026-09-14T09:59:06.124283-05:00,2026-09-14T12:04:52.302111-05:00,125.77,0,0,5
2026-09-14,119,2026-09-14T10:02:11.738825-05:00,2026-09-14T12:07:01.270158-05:00,124.83,0,0,6
2026-09-14,120,2026-09-14T10:13:05.629044-05:00,2026-09-14T12:10:08.467852-05:00,117.05,0,0,3
2026-09-14,121,2026-09-14T10:16:28.679939-05:00,2026-09-14T12:14:36.159945-05:00,118.12,0,0,2
2026-09-14,122,2026-09-14T10:16:29.850748-05:00,2026-09-14T12:17:51.313595-05:00,121.36,0,0,4
2026-09-14,123,2026-09-14T10:26:20.201205-05:00,2026-09-14T12:19:10.301198-05:00,112.83,0,0,3
2026-09-14,124,2026-09-14T10:36:26.246538-05:00,2026-09-14T12:20:56.853976-05:00,104.51,0,0,5
2026-09-14,125,2026-09-14T10:37:03.324029-05:00,2026-09-14T12:21:12.543011-05:00,104.15,0,0,1
2026-09-14,127,2026-09-14T11:03:41.460597-05:00,2026-09-14T12:24:39.752743-05:00,80.97,0,1,3
2026-09-14,128,2026-09-14T11:09:30.006253-05:00,2026-09-14T12:24:41.583064-05:00,75.19,0,0,2
2026-09-14,130,2026-09-14T11:15:38.843818-05:00,2026-09-14T12:25:37.962569-05:00,69.99,0,0,6
2026-09-14,131,2026-09-14T11:18:04.618725-05:00,2026-09-14T12:27:08.924451-05:00,69.07,0,0,4
2026-09-14,132,2026-09-14T11:20:16.627248-05:00,2026-09-14T12:30:44.422473-05:00,70.46,0,0,5
2026-09-14,133,2026-09-14T11:25:19.601290-05:00,2026-09-14T12:33:58.518711-05:00,68.65,0,0,2
2026-09-14,135,2026-09-14T11:41:51.895233-05:00,2026-09-14T12:35:13.402196-05:00,53.36,0,0,4
2026-09-14,137,2026-09-14T12:07:16.304217-05:00,2026-09-14T12:36:53.843066-05:00,29.63,0,1,6
2026-09-14,138,2026-09-14T12:10:27.913120-05:00,2026-09-14T12:39:07.848467-05:00,28.67,0,0,3
2026-09-15,2,2026-09-15T05:36:49.012023-05:00,2026-09-15T07:36:00-05:00,119.18,1,1,1
2026-09-15,3,2026-09-15T05:37:15.457347-05:00,2026-09-15T07:36:00-05:00,118.74,1,0,2
2026-09-15,13,2026-09-15T05:56:46.460346-05:00,2026-09-15T07:36:00-05:00,99.23,1,1,3
2026-09-15,17,2026-09-15T06:02:22.005041-05:00,2026-09-15T07:36:00-05:00,93.63,1,0,4
2026-09-15,25,2026-09-15T06:08:49.500940-05:00,2026-09-15T07:36:00-05:00,87.17,1,0,5
2026-09-15,34,2026-09-15T06:18:53.825284-05:00,2026-09-15T07:36:00-05:00,77.1,1,1,6
2026-09-15,38,2026-09-15T06:25:49.792774-05:00,2026-09-15T07:49:05.309685-05:00,83.26,1,1,4
2026-09-15,48,2026-09-15T06:34:25.865401-05:00,2026-09-15T07:50:21.884869-05:00,75.93,1,0,3
2026-09-15,51,2026-09-15T06:37:35.692873-05:00,2026-09-15T07:51:40.415710-05:00,74.08,1,0,1
2026-09-15,57,2026-09-15T06:44:59.716696-05:00,2026-09-15T07:55:00.659140-05:00,70.02,1,0,6
2026-09-15,59,2026-09-15T06:47:01.807088-05:00,2026-09-15T07:55:03.106386-05:00,68.02,1,1,5
2026-09-15,75,2026-09-15T07:13:50.193132-05:00,2026-09-15T08:03:28.456584-05:00,49.64,1,0,5
2026-09-15,76,2026-09-15T07:19:07.374837-05:00,2026-09-15T08:05:00.245375-05:00,45.88,1,0,2
2026-09-15,0,2026-09-15T05:34:29.371122-05:00,2026-09-15T08:05:33.610768-05:00,151.07,0,0,1
2026-09-15,1,2026-09-15T05:35:06.120400-05:00,2026-09-15T08:05:51.412424-05:00,150.75,0,0,3
2026-09-15,4,2026-09-15T05:37:51.916568-05:00,2026-09-15T08:08:14.380886-05:00,150.37,0,1,5
2026-09-15,5,2026-09-15T05:41:09.025264-05:00,2026-09-15T08:11:29.744854-05:00,150.35,0,0,6
2026-09-15,6,2026-09-15T05:42:19.017678-05:00,2026-09-15T08:15:07.896299-05:00,152.81,0,1,4
2026-09-15,7,2026-09-15T05:42:28.283664-05:00,2026-09-15T08:17:46.098816-05:00,155.3,0,0,6
2026-09-15,8,2026-09-15T05:48:13.842631-05:00,2026-09-15T08:18:51.203678-05:00,150.62,0,1,3
2026-09-15,9,2026-09-15T05:51:33.476400-05:00,2026-09-15T08:20:01.858832-05:00,148.47,0,0,5
2026-09-15,10,2026-09-15T05:52:44.930267-05:00,2026-09-15T08:20:06.995619-05:00,147.37,0,0,1
2026-09-15,11,2026-09-15T05:54:01.961237-05:00,2026-09-15T08:24:22.203182-05:00,150.34,0,1,2
2026-09-15,12,2026-09-15T05:55:36.658713-05:00,2026-09-15T08:24:32.632261-05:00,148.93,0,1,3
2026-09-15,14,2026-09-15T05:57:44.765608-05:00,2026-09-15T08:26:59.011879-05:00,149.24,0,1,6
2026-09-15,15,2026-09-15T05:59:09.449304-05:00,2026-09-15T08:27:56.861963-05:00,148.79,0,1,1
2026-09-15,16,2026-09-15T06:00:58.802121-05:00,2026-09-15T08:31:32.352627-05:00,150.56,0,0,4
2026-09-15,18,2026-09-15T06:02:30.388889-05:00,2026-09-15T08:31:46.337118-05:00,149.27,0,1,5
2026-09-15,19,2026-09-15T06:04:01.366406-05:00,2026-09-15T08:38:33.886988-05:00,154.54,0,0,1
2026-09-15,20,2026-09-15T06:04:51.522370-05:00,2026-09-15T08:39:35.277412-05:00,154.73,0,1,6
2026-09-15,22,2026-09-15T06:05:43.069595-05:00,2026-09-15T08:41:44.299528-05:00,156.02,0,0,2
2026-09-15,21,2026-09-15T06:05:43.211350-05:00,2026-09-15T08:43:59.482099-05:00,158.27,0,0,5
2026-09-15,23,2026-09-15T06:07:15.344695-05:00,2026-09-15T08:47:53.760907-05:00,160.64,0,0,6
2026-09-15,24,2026-09-15T06:08:23.423232-05:00,2026-09-15T08:47:59.972725-05:00,159.61,0,0,2
2026-09-15,26,2026-09-15T06:09:43.548594-05:00,2026-09-15T08:48:07.643810-05:00,158.4,0,0,3
2026-09-15,27,2026-09-15T06:10:15.080540-05:00,2026-09-15T08:48:42.146269-05:00,158.45,0,0,1
2026-09-15,28,2026-09-15T06:15:01.952553-05:00,2026-09-15T08:53:58.770380-05:00,158.95,0,1,4
2026-09-15,29,2026-09-15T06:15:16.926801-05:00,2026-09-15T08:54:25.980116-05:00,159.15,0,1,6
2026-09-15,30,2026-09-15T06:15:43.021340-05:00,2026-09-15T09:00:45.623906-05:00,165.04,0,0,5
2026-09-15,31,2026-09-15T06:17:08.675791-05:00,2026-09-15T09:02:22.156316-05:00,165.22,0,1,1
2026-09-15,32,2026-09-15T06:18:12.683888-05:00,2026-09-15T09:03:31.906610-05:00,165.32,0,1,6
2026-09-15,33,2026-09-15T06:18:31.464770-05:00,2026-09-15T09:04:23.789986-05:00,165.87,0,0,3
2026-09-15,35,2026-09-15T06:23:01.039787-05:00,2026-09-15T09:05:22.759727-05:00,162.36,0,0,2
2026-09-15,36,2026-09-15T06:23:05.497155-05:00,2026-09-15T09:09:50.133731-05:00,166.74,0,0,3
2026-09-15,37,2026-09-15T06:23:48.170029-05:00,2026-09-15T09:13:11.170526-05:00,169.38,0,0,5
2026-09-15,39,2026-09-15T06:26:10.278078-05:00,2026-09-15T09:13:51.963470-05:00,167.69,0,0,6
2026-09-15,40,2026-09-15T06:26:52.766659-05:00,2026-09-15T09:14:35.400017-05:00,167.71,0,0,4
2026-09-15,97,2026-09-15T09:16:41.890300-05:00,2026-09-15T09:17:46.319264-05:00,1.07,1,1,3
2026-09-15,42,2026-09-15T06:28:54.181916-05:00,2026-09-15T09:17:49.965564-05:00,168.93,0,0,1
2026-09-15,41,2026-09-15T06:28:57.146063-05:00,2026-09-15T09:26:32.542943-05:00,177.59,0,0,5
2026-09-15,43,2026-09-15T06:30:07.278279-05:00,2026-09-15T09:26:51.581515-05:00,176.74,0,0,6
2026-09-15,44,2026-09-15T06:30:30.625505-05:00,2026-09-15T09:27:09.971931-05:00,176.66,0,0,2
2026-09-15,45,2026-09-15T06:31:39.417668-05:00,2026-09-15T09:30:23.638929-05:00,178.74,0,0,4
2026-09-15,46,2026-09-15T06:33:57.250808-05:00,2026-09-15T09:32:16.070038-05:00,178.31,0,1,3
2026-09-15,47,2026-09-15T06:34:04.718227-05:00,2026-09-15T09:34:17.796203-05:00,180.22,0,0,1
2026-09-15,49,2026-09-15T06:35:13.081619-05:00,2026-09-15T09:37:31.543724-05:00,182.31,0,0,5
2026-09-15,50,2026-09-15T06:37:11.087793-05:00,2026-09-15T09:39:04.835038-05:00,181.9,0,0,2
2026-09-15,52,2026-09-15T06:38:13.451730-05:00,2026-09-15T09:41:14.375824-05:00,183.02,0,1,4
2026-09-15,53,2026-09-15T06:41:02.540791-05:00,2026-09-15T09:43:21.396947-05:00,182.31,0,1,5
2026-09-15,105,2026-09-15T09:47:54.927349-05:00,2026-09-15T09:49:40.690941-05:00,1.76,1,0,6
2026-09-15,55,2026-09-15T06:42:56.451476-05:00,2026-09-15T09:52:21.839570-05:00,189.42,0,1,1
2026-09-15,54,2026-09-15T06:42:58.810541-05:00,2026-09-15T09:55:10.249393-05:00,192.19,0,0,6
2026-09-15,56,2026-09-15T06:43:20.565955-05:00,2026-09-15T09:56:57.404458-05:00,193.61,0,0,4
2026-09-15,58,2026-09-15T06:45:14.927134-05:00,2026-09-15T09:57:44.724846-05:00,192.5,0,0,2
2026-09-15,60,2026-09-15T06:49:52.989446-05:00,2026-09-15T09:57:59.960110-05:00,188.12,0,1,1
2026-09-15,61,2026-09-15T06:50:23.556221-05:00,2026-09-15T10:00:21.088330-05:00,189.96,0,0,3
2026-09-15,108,2026-09-15T10:00:31.423074-05:00,2026-09-15T10:03:09.881973-05:00,2.64,1,0,6
2026-09-15,110,2026-09-15T10:05:30.249791-05:00,2026-09-15T10:11:24.727487-05:00,5.91,1,1,3
2026-09-15,112,2026-09-15T10:14:55.536225-05:00,2026-09-15T10:15:07.013300-05:00,0.19,1,0,5
2026-09-15,62,2026-09-15T06:53:49.625660-05:00,2026-09-15T10:16:13.354351-05:00,202.4,0,0,1
2026-09-15,63,2026-09-15T06:55:29.192956-05:00,2026-09-15T10:27:18.903902-05:00,211.83,0,0,2
2026-09-15,64,2026-09-15T06:56:29.763929-05:00,2026-09-15T10:27:19.529956-05:00,210.83,0,1,3
2026-09-15,118,2026-09-15T10:28:43.159993-05:00,2026-09-15T10:29:18.614843-05:00,0.59,1,1,6
2026-09-15,65,2026-09-15T06:59:11.022955-05:00,2026-09-15T10:30:08.441700-05:00,210.96,0,1,4
2026-09-15,66,2026-09-15T07:02:11.305690-05:00,2026-09-15T10:30:44.952177-05:00,208.56,0,1,1
2026-09-15,67,2026-09-15T07:03:01.503421-05:00,2026-09-15T10:35:39.054508-05:00,212.63,0,0,3
2026-09-15,68,2026-09-15T07:03:14.832888-05:00,2026-09-15T10:37:21.069293-05:00,214.1,0,0,5
2026-09-15,70,2026-09-15T07:04:41.200164-05:00,2026-09-15T10:37:51.140317-05:00,213.17,0,0,2
2026-09-15,69,2026-09-15T07:04:54.724075-05:00,2026-09-15T10:39:13.834418-05:00,214.32,0,0,6
2026-09-15,71,2026-09-15T07:07:35.235418-05:00,2026-09-15T10:41:03.812969-05:00,213.48,0,0,4
2026-09-15,72,2026-09-15T07:09:31.076786-05:00,2026-09-15T10:45:52.199150-05:00,216.35,0,0,6
2026-09-15,73,2026-09-15T07:12:16.987222-05:00,2026-09-15T10:46:28.848214-05:00,214.2,0,0,3
2026-09-15,74,2026-09-15T07:13:14.286798-05:00,2026-09-15T10:50:08.792503-05:00,216.91,0,0,1
2026-09-15,77,2026-09-15T07:21:20.149556-05:00,2026-09-15T10:50:14.900130-05:00,208.91,0,0,2
2026-09-15,78,2026-09-15T07:24:42.401759-05:00,2026-09-15T10:51:03.421799-05:00,206.35,0,1,6
2026-09-15,79,2026-09-15T07:25:00.713356-05:00,2026-09-15T10:51:20.491665-05:00,206.33,0,0,5
2026-09-15,80,2026-09-15T07:44:15.032950-05:00,2026-09-15T10:54:03.622878-05:00,189.81,0,0,3
2026-09-15,81,2026-09-15T08:10:06.034979-05:00,2026-09-15T10:55:42.302152-05:00,165.6,0,0,2
2026-09-15,82,2026-09-15T08:18:20.979191-05:00,2026-09-15T10:57:37.319896-05:00,159.27,0,0,4
2026-09-15,83,2026-09-15T08:20:52.095203-05:00,2026-09-15T11:00:03.444053-05:00,159.19,0,0,1
2026-09-15,84,2026-09-15T08:25:35.986113-05:00,2026-09-15T11:00:22.172707-05:00,154.77,0,0,6
2026-09-15,85,2026-09-15T08:31:10.180182-05:00,2026-09-15T11:02:38.221158-05:00,151.47,0,0,5
2026-09-15,87,2026-09-15T08:33:38.315976-05:00,2026-09-15T11:07:30.144208-05:00,153.86,0,0,2
2026-09-15,86,2026-09-15T08:33:46.642920-05:00,2026-09-15T11:11:37.071841-05:00,157.84,0,1,5
2026-09-15,88,2026-09-15T08:38:10.595472-05:00,2026-09-15T11:12:34.660749-05:00,154.4,0,0,3
2026-09-15,89,2026-09-15T08:47:23.432813-05:00,2026-09-15T11:12:50.728131-05:00,145.45,0,0,4
2026-09-15,90,2026-09-15T08:48:08.307830-05:00,2026-09-15T11:13:47.118315-05:00,145.65,0,0,1
2026-09-15,91,2026-09-15T08:49:15.179727-05:00,2026-09-15T11:13:50.698037-05:00,144.59,0,0,6
2026-09-15,92,2026-09-15T08:51:39.496963-05:00,2026-09-15T11:16:56.987421-05:00,145.29,0,0,2
2026-09-15,93,2026-09-15T08:51:47.243623-05:00,2026-09-15T11:19:02.359990-05:00,147.25,0,0,5
2026-09-15,94,2026-09-15T09:02:56.755467-05:00,2026-09-15T11:20:08.436304-05:00,137.19,0,0,3
2026-09-15,95,2026-09-15T09:08:30.198193-05:00,2026-09-15T11:20:42.684166-05:00,132.21,0,0,6
2026-09-15,96,2026-09-15T09:16:04.339999-05:00,2026-09-15T11:27:08.393954-05:00,131.07,0,1,4
2026-09-15,98,2026-09-15T09:23:12.282459-05:00,2026-09-15T11:29:03.182976-05:00,125.85,0,0,5
2026-09-15,99,2026-09-15T09:24:00.912293-05:00,2026-09-15T11:29:27.199676-05:00,125.44,0,1,6
2026-09-15,100,2026-09-15T09:28:04.164472-05:00,2026-09-15T11:29:43.723143-05:00,121.66,0,0,2
2026-09-15,101,2026-09-15T09:28:15.298535-05:00,2026-09-15T11:35:52.021857-05:00,127.61,0,1,4
2026-09-15,102,2026-09-15T09:29:12.203050-05:00,2026-09-15T11:36:45.377490-05:00,127.55,0,0,5
2026-09-15,103,2026-09-15T09:29:17.412226-05:00,2026-09-15T11:37:16.503858-05:00,127.98,0,0,1
2026-09-15,104,2026-09-15T09:45:53.785200-05:00,2026-09-15T11:38:49.746438-05:00,112.93,0,0,2
2026-09-15,106,2026-09-15T09:52:53.263315-05:00,2026-09-15T11:38:49.861280-05:00,105.94,0,0,6
2026-09-15,107,2026-09-15T09:55:33.142685-05:00,2026-09-15T11:43:45.240613-05:00,108.2,0,1,3
2026-09-15,109,2026-09-15T10:03:48.673760-05:00,2026-09-15T11:48:28.156340-05:00,104.66,0,0,4
2026-09-15,111,2026-09-15T10:13:10.901395-05:00,2026-09-15T11:48:52.956777-05:00,95.7,0,0,2
2026-09-15,113,2026-09-15T10:18:35.326569-05:00,2026-09-15T11:51:57.787966-05:00,93.37,0,0,6
2026-09-15,114,2026-09-15T10:23:10.444464-05:00,2026-09-15T11:55:12.242465-05:00,92.03,0,0,5
2026-09-15,115,2026-09-15T10:27:44.928296-05:00,2026-09-15T11:57:59.196371-05:00,90.24,0,1,3
2026-09-15,116,2026-09-15T10:28:25.367699-05:00,2026-09-15T11:58:39.382353-05:00,90.23,0,0,1
2026-09-15,119,2026-09-15T10:28:31.012349-05:00,2026-09-15T12:04:10.715976-05:00,95.66,0,0,4
2026-09-15,117,2026-09-15T10:28:49.561148-05:00,2026-09-15T12:08:04.906459-05:00,99.26,0,1,6
2026-09-15,120,2026-09-15T10:31:51.225058-05:00,2026-09-15T12:09:19.260990-05:00,97.47,0,0,5
2026-09-15,121,2026-09-15T10:34:06.362225-05:00,2026-09-15T12:09:25.895100-05:00,95.33,0,0,2
2026-09-15,123,2026-09-15T11:33:03.230559-05:00,2026-09-15T12:12:41.320872-05:00,39.63,0,0,4
2026-09-15,122,2026-09-15T11:33:28.404848-05:00,2026-09-15T12:14:16.692953-05:00,40.8,0,1,1
2026-09-15,124,2026-09-15T11:34:46.972405-05:00,2026-09-15T12:17:13.199542-05:00,42.44,0,0,5
2026-09-15,125,2026-09-15T11:36:16.708330-05:00,2026-09-15T12:19:03.123455-05:00,42.77,0,0,3
2026-09-15,126,2026-09-15T11:38:14.351436-05:00,2026-09-15T12:19:22.743708-05:00,41.14,0,0,6
2026-09-15,127,2026-09-15T12:17:06.645136-05:00,2026-09-15T12:20:55.938346-05:00,3.82,0,0,2
2026-09-16,5,2026-09-16T05:43:14.764083-05:00,2026-09-16T07:36:00-05:00,112.75,1,0,1
2026-09-16,27,2026-09-16T06:07:08.830988-05:00,2026-09-16T07:36:00-05:00,88.85,1,1,2
2026-09-16,34,2026-09-16T06:11:49.275363-05:00,2026-09-16T07:36:00-05:00,84.18,1,0,3
2026-09-16,36,2026-09-16T06:13:37.214011-05:00,2026-09-16T07:36:00-05:00,82.38,1,1,4
2026-09-16,44,2026-09-16T06:22:24.732604-05:00,2026-09-16T07:36:00-05:00,73.59,1,0,5
2026-09-16,46,2026-09-16T06:24:42.508539-05:00,2026-09-16T07:36:00-05:00,71.29,1,1,6
2026-09-16,47,2026-09-16T06:25:26.446324-05:00,2026-09-16T07:42:40.324301-05:00,77.23,1,1,5
2026-09-16,59,2026-09-16T06:37:52.225143-05:00,2026-09-16T07:43:13.802816-05:00,65.36,1,0,3
2026-09-16,64,2026-09-16T06:41:54.185993-05:00,2026-09-16T07:47:56.280830-05:00,66.03,1,0,2
2026-09-16,68,2026-09-16T06:45:10.186659-05:00,2026-09-16T07:48:54.884872-05:00,63.74,1,1,6
2026-09-16,73,2026-09-16T06:49:11.575966-05:00,2026-09-16T07:56:59.154226-05:00,67.79,1,1,1
2026-09-16,74,2026-09-16T06:50:46.108955-05:00,2026-09-16T07:57:14.973893-05:00,66.48,1,1,2
2026-09-16,0,2026-09-16T05:32:45.746986-05:00,2026-09-16T07:57:51.662593-05:00,145.1,0,0,4
2026-09-16,1,2026-09-16T05:39:56.322546-05:00,2026-09-16T08:00:53.069804-05:00,140.95,0,0,3
2026-09-16,2,2026-09-16T05:42:22.448403-05:00,2026-09-16T08:01:21.265785-05:00,138.98,0,0,6
2026-09-16,3,2026-09-16T05:42:37.094858-05:00,2026-09-16T08:02:02.268509-05:00,139.42,0,0,5
2026-09-16,4,2026-09-16T05:43:03.809883-05:00,2026-09-16T08:04:35.428129-05:00,141.53,0,0,2
2026-09-16,6,2026-09-16T05:44:11.654800-05:00,2026-09-16T08:07:51.227486-05:00,143.66,0,1,4
2026-09-16,7,2026-09-16T05:44:47.794904-05:00,2026-09-16T08:08:16.983591-05:00,143.49,0,0,5
2026-09-16,8,2026-09-16T05:45:01.159008-05:00,2026-09-16T08:12:07.783480-05:00,147.11,0,0,6
2026-09-16,9,2026-09-16T05:45:12.896677-05:00,2026-09-16T08:12:35.914182-05:00,147.38,0,0,1
2026-09-16,10,2026-09-16T05:46:50.500479-05:00,2026-09-16T08:12:45.487831-05:00,145.92,0,0,3
2026-09-16,11,2026-09-16T05:51:35.543533-05:00,2026-09-16T08:13:11.247842-05:00,141.6,0,1,5
2026-09-16,12,2026-09-16T05:51:46.383174-05:00,2026-09-16T08:19:09.981041-05:00,147.39,0,0,1
2026-09-16,13,2026-09-16T05:55:41.166725-05:00,2026-09-16T08:21:08.791578-05:00,145.46,0,0,3
2026-09-16,93,2026-09-16T08:23:08.837093-05:00,2026-09-16T08:24:32.288278-05:00,1.39,1,0,4
2026-09-16,94,2026-09-16T08:23:10.597227-05:00,2026-09-16T08:25:16.812699-05:00,2.1,1,0,2
2026-09-16,15,2026-09-16T05:56:01.688752-05:00,2026-09-16T08:30:12.794355-05:00,154.19,0,0,6
2026-09-16,14,2026-09-16T05:56:08.236723-05:00,2026-09-16T08:33:15.354915-05:00,157.12,0,1,1
2026-09-16,17,2026-09-16T05:57:04.553366-05:00,2026-09-16T08:35:40.943198-05:00,158.61,0,0,3
2026-09-16,16,2026-09-16T05:57:26.909946-05:00,2026-09-16T08:38:21.838016-05:00,160.92,0,0,2
2026-09-16,18,2026-09-16T05:58:20.873002-05:00,2026-09-16T08:41:36.016575-05:00,163.25,0,1,5
2026-09-16,19,2026-09-16T05:59:25.439490-05:00,2026-09-16T08:46:06.518607-05:00,166.68,0,0,6
2026-09-16,21,2026-09-16T06:00:03.513022-05:00,2026-09-16T08:49:34.453290-05:00,169.52,0,0,5
2026-09-16,20,2026-09-16T06:00:17.691374-05:00,2026-09-16T08:50:06.925629-05:00,169.82,0,0,2
2026-09-16,22,2026-09-16T06:01:06.912925-05:00,2026-09-16T08:50:12.539159-05:00,169.09,0,0,3
2026-09-16,23,2026-09-16T06:01:48.123346-05:00,2026-09-16T08:55:02.834750-05:00,173.25,0,0,4
2026-09-16,24,2026-09-16T06:03:15.658922-05:00,2026-09-16T08:55:22.450827-05:00,172.11,0,1,3
2026-09-16,25,2026-09-16T06:04:38.161505-05:00,2026-09-16T08:59:57.755185-05:00,175.33,0,1,6
2026-09-16,26,2026-09-16T06:05:50.259688-05:00,2026-09-16T09:00:07.025291-05:00,174.28,0,0,1
2026-09-16,29,2026-09-16T06:09:07.250841-05:00,2026-09-16T09:00:44.028298-05:00,171.61,0,0,5
2026-09-16,30,2026-09-16T06:09:10.548777-05:00,2026-09-16T09:02:29.831596-05:00,173.32,0,0,4
2026-09-16,28,2026-09-16T06:09:23.470280-05:00,2026-09-16T09:03:43.264972-05:00,174.33,0,1,2
2026-09-16,31,2026-09-16T06:10:00.445776-05:00,2026-09-16T09:07:56.528792-05:00,177.93,0,0,3
2026-09-16,32,2026-09-16T06:10:01.839433-05:00,2026-09-16T09:08:59.429826-05:00,178.96,0,0,4
2026-09-16,33,2026-09-16T06:11:18.420250-05:00,2026-09-16T09:10:21.412913-05:00,179.05,0,0,2
2026-09-16,35,2026-09-16T06:12:07.021471-05:00,2026-09-16T09:13:58.906921-05:00,181.86,0,0,4
2026-09-16,37,2026-09-16T06:15:19.344857-05:00,2026-09-16T09:14:35.262534-05:00,179.27,0,0,2
2026-09-16,38,2026-09-16T06:16:55.494271-05:00,2026-09-16T09:15:54.143131-05:00,178.98,0,0,5
2026-09-16,39,2026-09-16T06:17:40.312770-05:00,2026-09-16T09:19:44.442616-05:00,182.07,0,1,6
2026-09-16,40,2026-09-16T06:18:07.283149-05:00,2026-09-16T09:20:40.474161-05:00,182.55,0,0,3
2026-09-16,41,2026-09-16T06:19:02.052491-05:00,2026-09-16T09:23:05.016610-05:00,184.05,0,0,4
2026-09-16,42,2026-09-16T06:19:51.750405-05:00,2026-09-16T09:26:03.204397-05:00,186.19,0,0,1
2026-09-16,43,2026-09-16T06:21:16.425716-05:00,2026-09-16T09:26:33.916244-05:00,185.29,0,0,5
2026-09-16,45,2026-09-16T06:22:34.894456-05:00,2026-09-16T09:31:11.958389-05:00,188.62,0,0,6
2026-09-16,48,2026-09-16T06:26:33.964552-05:00,2026-09-16T09:35:25.519377-05:00,188.86,0,1,6
2026-09-16,49,2026-09-16T06:27:08.421781-05:00,2026-09-16T09:36:21.878368-05:00,189.22,0,1,4
2026-09-16,106,2026-09-16T09:36:41.684169-05:00,2026-09-16T09:37:13.779468-05:00,0.53,1,1,5
2026-09-16,50,2026-09-16T06:28:16.961030-05:00,2026-09-16T09:37:29.131978-05:00,189.2,0,0,2
2026-09-16,51,2026-09-16T06:29:19.677709-05:00,2026-09-16T09:40:05.957630-05:00,190.77,0,0,3
2026-09-16,52,2026-09-16T06:29:26.834972-05:00,2026-09-16T09:40:44.687884-05:00,191.3,0,0,1
2026-09-16,53,2026-09-16T06:29:42.512410-05:00,2026-09-16T09:41:00.917109-05:00,191.31,0,0,2
2026-09-16,54,2026-09-16T06:30:26.604218-05:00,2026-09-16T09:41:22.923701-05:00,190.94,0,1,4
2026-09-16,107,2026-09-16T09:41:40.958657-05:00,2026-09-16T09:45:44.549362-05:00,4.06,1,0,5
2026-09-16,108,2026-09-16T09:43:14.012251-05:00,2026-09-16T09:46:58.973353-05:00,3.75,1,1,1
2026-09-16,109,2026-09-16T09:44:16.622952-05:00,2026-09-16T09:51:30.406790-05:00,7.23,1,1,6
2026-09-16,112,2026-09-16T09:48:51.011833-05:00,2026-09-16T09:53:14.923116-05:00,4.4,1,1,1
2026-09-16,55,2026-09-16T06:32:10.470398-05:00,2026-09-16T09:54:33.996895-05:00,202.39,0,0,2
2026-09-16,117,2026-09-16T09:57:24.530338-05:00,2026-09-16T09:57:26.731461-05:00,0.04,1,0,4
2026-09-16,119,2026-09-16T10:01:09.516286-05:00,2026-09-16T10:03:49.300372-05:00,2.66,1,1,3
2026-09-16,56,2026-09-16T06:33:27.095519-05:00,2026-09-16T10:04:12.855817-05:00,210.76,0,1,1
2026-09-16,57,2026-09-16T06:35:21.559055-05:00,2026-09-16T10:05:31.895220-05:00,210.17,0,0,2
2026-09-16,58,2026-09-16T06:37:29.936969-05:00,2026-09-16T10:06:29.682486-05:00,209.0,0,0,5
2026-09-16,60,2026-09-16T06:37:30.534610-05:00,2026-09-16T10:06:39.083248-05:00,209.14,0,0,6
2026-09-16,61,2026-09-16T06:38:06.901047-05:00,2026-09-16T10:08:45.915658-05:00,210.65,0,1,4
2026-09-16,62,2026-09-16T06:41:13.037627-05:00,2026-09-16T10:12:20.418432-05:00,211.12,0,1,2
2026-09-16,123,2026-09-16T10:14:08.264729-05:00,2026-09-16T10:14:58.323942-05:00,0.83,1,0,3
2026-09-16,63,2026-09-16T06:41:37.351786-05:00,2026-09-16T10:17:27.763728-05:00,215.84,0,0,4
2026-09-16,65,2026-09-16T06:42:16.389120-05:00,2026-09-16T10:21:44.040284-05:00,219.46,0,0,5
2026-09-16,66,2026-09-16T06:44:08.177573-05:00,2026-09-16T10:21:57.718061-05:00,217.83,0,0,2
2026-09-16,67,2026-09-16T06:44:58.526018-05:00,2026-09-16T10:23:49.011609-05:00,218.84,0,1,3
2026-09-16,69,2026-09-16T06:45:50.619755-05:00,2026-09-16T10:24:09.481515-05:00,218.31,0,1,1
2026-09-16,70,2026-09-16T06:46:33.563614-05:00,2026-09-16T10:24:35.522908-05:00,218.03,0,0,4
2026-09-16,71,2026-09-16T06:46:55.692249-05:00,2026-09-16T10:24:43.531191-05:00,217.8,0,0,6
2026-09-16,72,2026-09-16T06:48:16.002570-05:00,2026-09-16T10:26:56.976086-05:00,218.68,0,0,5
2026-09-16,75,2026-09-16T06:50:56.582389-05:00,2026-09-16T10:30:42.873805-05:00,219.77,0,1,4
2026-09-16,76,2026-09-16T06:52:41.902563-05:00,2026-09-16T10:32:17.321487-05:00,219.59,0,1,2
2026-09-16,132,2026-09-16T10:32:29.466304-05:00,2026-09-16T10:34:07.795872-05:00,1.64,1,1,3
2026-09-16,78,2026-09-16T06:53:50.027209-05:00,2026-09-16T10:35:04.521640-05:00,221.24,0,0,1
2026-09-16,77,2026-09-16T06:53:58.997417-05:00,2026-09-16T10:38:32.879799-05:00,224.56,0,0,2
2026-09-16,79,2026-09-16T06:54:46.642404-05:00,2026-09-16T10:42:23.876399-05:00,227.62,0,0,6
2026-09-16,80,2026-09-16T06:56:28.140756-05:00,2026-09-16T10:47:32.168083-05:00,231.07,0,1,2
2026-09-16,81,2026-09-16T07:09:56.347393-05:00,2026-09-16T10:49:04.966083-05:00,219.14,0,1,5
2026-09-16,82,2026-09-16T07:10:53.084280-05:00,2026-09-16T10:52:29.340739-05:00,221.6,0,0,4
2026-09-16,83,2026-09-16T07:18:20.906875-05:00,2026-09-16T10:53:15.030435-05:00,214.9,0,0,3
2026-09-16,140,2026-09-16T10:54:56.877309-05:00,2026-09-16T10:56:04.996593-05:00,1.14,1,1,5
2026-09-16,84,2026-09-16T07:20:02.541407-05:00,2026-09-16T10:58:29.805710-05:00,218.45,0,1,3
2026-09-16,85,2026-09-16T07:39:36.268044-05:00,2026-09-16T10:58:39.201345-05:00,199.05,0,1,1
2026-09-16,86,2026-09-16T07:48:30.154118-05:00,2026-09-16T10:58:59.377893-05:00,190.49,0,0,6
2026-09-16,87,2026-09-16T07:49:30.168439-05:00,2026-09-16T10:59:59.099475-05:00,190.48,0,0,2
2026-09-16,88,2026-09-16T07:54:40.682647-05:00,2026-09-16T11:04:02.328210-05:00,189.36,0,1,5
2026-09-16,89,2026-09-16T07:57:23.608796-05:00,2026-09-16T11:07:32.577908-05:00,190.15,0,1,4
2026-09-16,90,2026-09-16T08:00:29.036198-05:00,2026-09-16T11:11:57.840273-05:00,191.48,0,0,5
2026-09-16,91,2026-09-16T08:07:04.704055-05:00,2026-09-16T11:12:45.847124-05:00,185.69,0,1,1
2026-09-16,92,2026-09-16T08:18:30.819029-05:00,2026-09-16T11:13:59.887494-05:00,175.48,0,0,3
2026-09-16,95,2026-09-16T08:32:59.572069-05:00,2026-09-16T11:14:46.133244-05:00,161.78,0,1,6
2026-09-16,96,2026-09-16T08:35:13.013021-05:00,2026-09-16T11:23:50.451898-05:00,168.62,0,0,4
2026-09-16,97,2026-09-16T08:42:34.275487-05:00,2026-09-16T11:26:54.461999-05:00,164.34,0,0,5
2026-09-16,98,2026-09-16T08:51:51.887975-05:00,2026-09-16T11:28:30.156946-05:00,156.64,0,0,3
2026-09-16,99,2026-09-16T09:00:48.634194-05:00,2026-09-16T11:33:26.630243-05:00,152.63,0,0,6
2026-09-16,100,2026-09-16T09:04:27.995802-05:00,2026-09-16T11:35:21.593153-05:00,150.89,0,0,4
2026-09-16,101,2026-09-16T09:06:42.077896-05:00,2026-09-16T11:38:37.011669-05:00,151.92,0,0,3
2026-09-16,102,2026-09-16T09:10:39.470292-05:00,2026-09-16T11:40:03.704326-05:00,149.4,0,0,5
2026-09-16,103,2026-09-16T09:22:55.582385-05:00,2026-09-16T11:45:35.575944-05:00,142.67,0,1,6
2026-09-16,104,2026-09-16T09:25:49.640992-05:00,2026-09-16T11:45:37.346186-05:00,139.8,0,0,1
2026-09-16,105,2026-09-16T09:27:58.066703-05:00,2026-09-16T11:51:43.864691-05:00,143.76,0,0,3
2026-09-16,110,2026-09-16T09:45:03.300392-05:00,2026-09-16T11:59:28.826088-05:00,134.43,0,1,5
2026-09-16,111,2026-09-16T09:47:10.695154-05:00,2026-09-16T12:00:44.719661-05:00,133.57,0,0,1
2026-09-16,113,2026-09-16T09:49:24.740993-05:00,2026-09-16T12:01:20.459444-05:00,131.93,0,1,4
2026-09-16,114,2026-09-16T09:51:26.484867-05:00,2026-09-16T12:03:05.669473-05:00,131.65,0,0,3
2026-09-16,115,2026-09-16T09:51:33.868967-05:00,2026-09-16T12:04:03.761782-05:00,132.5,0,1,2
2026-09-16,116,2026-09-16T09:53:52.504010-05:00,2026-09-16T12:10:07.846995-05:00,136.26,0,0,3
2026-09-16,118,2026-09-16T10:00:03.853694-05:00,2026-09-16T12:12:01.114962-05:00,131.95,0,0,4
2026-09-16,120,2026-09-16T10:04:36.510075-05:00,2026-09-16T12:12:02.510733-05:00,127.43,0,0,6
2026-09-16,121,2026-09-16T10:08:43.154308-05:00,2026-09-16T12:16:45.801095-05:00,128.04,0,0,5
2026-09-16,122,2026-09-16T10:10:34.713711-05:00,2026-09-16T12:19:05.150338-05:00,128.51,0,0,4
2026-09-16,124,2026-09-16T10:15:44.529511-05:00,2026-09-16T12:23:00.460004-05:00,127.27,0,0,3
2026-09-16,125,2026-09-16T10:18:17.674557-05:00,2026-09-16T12:23:03.867264-05:00,124.77,0,1,5
2026-09-16,127,2026-09-16T10:19:33.828363-05:00,2026-09-16T12:23:24.740868-05:00,123.85,0,0,2
2026-09-16,126,2026-09-16T10:19:35.551750-05:00,2026-09-16T12:26:32.814464-05:00,126.95,0,1,1
2026-09-16,128,2026-09-16T10:20:08.494933-05:00,2026-09-16T12:33:36.553925-05:00,133.47,0,0,1
2026-09-16,129,2026-09-16T10:26:57.620746-05:00,2026-09-16T12:34:11.492833-05:00,127.23,0,1,5
2026-09-16,131,2026-09-16T10:29:12.079471-05:00,2026-09-16T12:35:09.614852-05:00,125.96,0,0,2
2026-09-16,130,2026-09-16T10:29:15.965788-05:00,2026-09-16T12:35:22.438343-05:00,126.11,0,0,4
2026-09-16,133,2026-09-16T10:34:51.493277-05:00,2026-09-16T12:37:40.580043-05:00,122.82,0,0,3
2026-09-16,134,2026-09-16T10:36:16.792436-05:00,2026-09-16T12:37:54.268397-05:00,121.62,0,0,6
2026-09-16,135,2026-09-16T10:38:27.398710-05:00,2026-09-16T12:52:06.838778-05:00,133.66,0,0,1
2026-09-16,136,2026-09-16T10:40:13.849327-05:00,2026-09-16T12:52:14.899626-05:00,132.02,0,0,4
2026-09-16,137,2026-09-16T10:41:33.285973-05:00,2026-09-16T12:52:15.565307-05:00,130.7,0,0,3
2026-09-16,138,2026-09-16T10:50:58.227914-05:00,2026-09-16T12:56:43.622447-05:00,125.76,0,1,6
2026-09-16,139,2026-09-16T10:53:27.714035-05:00,2026-09-16T12:58:13.591181-05:00,124.76,0,1,2
2026-09-16,141,2026-09-16T11:29:57.373762-05:00,2026-09-16T13:01:02.812983-05:00,91.09,0,0,3
2026-09-16,142,2026-09-16T11:30:41.884066-05:00,2026-09-16T13:01:25.195546-05:00,90.72,0,0,6
2026-09-16,143,2026-09-16T11:32:01.845886-05:00,2026-09-16T13:04:57.864523-05:00,92.93,0,0,5
2026-09-16,144,2026-09-16T11:37:54.651459-05:00,2026-09-16T13:06:24.859620-05:00,88.5,0,1,4
2026-09-16,145,2026-09-16T11:38:34.284872-05:00,2026-09-16T13:06:49.995038-05:00,88.26,0,0,1
2026-09-16,147,2026-09-16T11:42:06.298640-05:00,2026-09-16T13:10:22.244347-05:00,88.27,0,1,3
2026-09-16,146,2026-09-16T11:42:23.663251-05:00,2026-09-16T13:13:50.901958-05:00,91.45,0,0,4
2026-09-16,148,2026-09-16T12:05:21.978903-05:00,2026-09-16T13:17:54.875805-05:00,72.55,0,1,1
2026-09-16,149,2026-09-16T12:12:14.880659-05:00,2026-09-16T13:20:46.999999-05:00,68.54,0,0,6
2026-09-16,150,2026-09-16T12:23:07.819219-05:00,2026-09-16T13:28:34.228380-05:00,65.44,0,0,3
2026-09-16,151,2026-09-16T12:25:37.792278-05:00,2026-09-16T13:28:57.715208-05:00,63.33,0,0,2
2026-09-17,1,2026-09-17T05:37:44.415165-05:00,2026-09-17T07:36:00-05:00,118.26,1,0,1
2026-09-17,4,2026-09-17T05:48:33.595449-05:00,2026-09-17T07:36:00-05:00,107.44,1,0,2
2026-09-17,6,2026-09-17T05:53:10.180512-05:00,2026-09-17T07:36:00-05:00,102.83,1,1,3
2026-09-17,8,2026-09-17T05:54:00.000163-05:00,2026-09-17T07:36:00-05:00,102.0,1,1,4
2026-09-17,9,2026-09-17T05:57:12.318158-05:00,2026-09-17T07:36:00-05:00,98.79,1,1,5
2026-09-17,10,2026-09-17T05:57:48.223875-05:00,2026-09-17T07:36:00-05:00,98.2,1,0,6
2026-09-17,22,2026-09-17T06:01:04.912302-05:00,2026-09-17T07:44:39.880210-05:00,103.58,1,0,6
2026-09-17,23,2026-09-17T06:02:15.406865-05:00,2026-09-17T07:48:02.531185-05:00,105.79,1,1,1
2026-09-17,43,2026-09-17T06:21:24.512124-05:00,2026-09-17T07:51:02.793142-05:00,89.64,1,1,6
2026-09-17,48,2026-09-17T06:27:27.606046-05:00,2026-09-17T07:51:12.453875-05:00,83.75,1,0,5
2026-09-17,55,2026-09-17T06:34:37.319068-05:00,2026-09-17T07:51:13.753182-05:00,76.61,1,0,2
2026-09-17,67,2026-09-17T06:44:07.896975-05:00,2026-09-17T07:58:21.135321-05:00,74.22,1,0,1
2026-09-17,76,2026-09-17T07:01:04.830998-05:00,2026-09-17T07:59:02.312270-05:00,57.96,1,0,3
2026-09-17,81,2026-09-17T07:08:29.858042-05:00,2026-09-17T07:59:30.214188-05:00,51.01,1,0,4
2026-09-17,84,2026-09-17T07:20:06.915468-05:00,2026-09-17T08:03:17.112060-05:00,43.17,1,0,2
2026-09-17,89,2026-09-17T07:37:00.020733-05:00,2026-09-17T08:08:40.928025-05:00,31.68,1,1,5
2026-09-17,91,2026-09-17T07:50:21.297080-05:00,2026-09-17T08:10:05.669243-05:00,19.74,1,1,6
2026-09-17,0,2026-09-17T05:37:07.583771-05:00,2026-09-17T08:12:02.130677-05:00,154.91,0,0,4
2026-09-17,2,2026-09-17T05:41:11.823766-05:00,2026-09-17T08:13:26.514510-05:00,152.24,0,1,3
2026-09-17,3,2026-09-17T05:41:30.967499-05:00,2026-09-17T08:14:09.321132-05:00,152.64,0,1,2
2026-09-17,5,2026-09-17T05:52:39.634579-05:00,2026-09-17T08:15:33.751717-05:00,142.9,0,0,1
2026-09-17,7,2026-09-17T05:54:05.571631-05:00,2026-09-17T08:16:10.208465-05:00,142.08,0,0,6
2026-09-17,11,2026-09-17T05:57:34.343302-05:00,2026-09-17T08:24:00.531117-05:00,146.44,0,0,3
2026-09-17,102,2026-09-17T08:25:33.229308-05:00,2026-09-17T08:25:41.783027-05:00,0.14,1,0,1
2026-09-17,12,2026-09-17T05:58:14.695362-05:00,2026-09-17T08:28:42.854904-05:00,150.47,0,0,4
2026-09-17,13,2026-09-17T05:58:28.439822-05:00,2026-09-17T08:29:12.831626-05:00,150.74,0,0,2
2026-09-17,16,2026-09-17T05:59:02.200113-05:00,2026-09-17T08:31:16.025601-05:00,152.23,0,0,3
2026-09-17,17,2026-09-17T05:59:05.419542-05:00,2026-09-17T08:37:39.732885-05:00,158.57,0,1,6
2026-09-17,15,2026-09-17T05:59:09.897600-05:00,2026-09-17T08:37:51.737492-05:00,158.7,0,0,4
2026-09-17,105,2026-09-17T08:40:34.710831-05:00,2026-09-17T08:42:37.323078-05:00,2.04,1,0,3
2026-09-17,14,2026-09-17T05:59:21.686127-05:00,2026-09-17T08:43:56.266805-05:00,164.58,0,1,5
2026-09-17,18,2026-09-17T05:59:33.470306-05:00,2026-09-17T08:44:44.274459-05:00,165.18,0,0,2
2026-09-17,19,2026-09-17T05:59:48.996031-05:00,2026-09-17T08:44:50.809375-05:00,165.03,0,0,1
2026-09-17,20,2026-09-17T06:00:04.773733-05:00,2026-09-17T08:52:01.924705-05:00,171.95,0,1,5
2026-09-17,108,2026-09-17T08:53:07.225923-05:00,2026-09-17T08:54:19.809208-05:00,1.21,1,0,4
2026-09-17,21,2026-09-17T06:00:27.842639-05:00,2026-09-17T08:58:26.206559-05:00,177.97,0,0,5
2026-09-17,24,2026-09-17T06:02:47.499641-05:00,2026-09-17T08:58:27.618449-05:00,175.67,0,1,1
2026-09-17,25,2026-09-17T06:03:00.544841-05:00,2026-09-17T08:59:18.939229-05:00,176.31,0,0,6
2026-09-17,26,2026-09-17T06:03:46.510747-05:00,2026-09-17T09:04:10.058071-05:00,180.39,0,0,4
2026-09-17,27,2026-09-17T06:04:49.369920-05:00,2026-09-17T09:06:49.226813-05:00,182.0,0,0,2
2026-09-17,28,2026-09-17T06:06:09.561144-05:00,2026-09-17T09:07:46.679521-05:00,181.62,0,1,6
2026-09-17,29,2026-09-17T06:06:46.423138-05:00,2026-09-17T09:10:22.847827-05:00,183.61,0,0,3
2026-09-17,112,2026-09-17T09:11:03.613743-05:00,2026-09-17T09:11:13.129353-05:00,0.16,1,0,5
2026-09-17,30,2026-09-17T06:08:13.887247-05:00,2026-09-17T09:17:26.216086-05:00,189.21,0,1,6
2026-09-17,31,2026-09-17T06:09:14.504658-05:00,2026-09-17T09:19:03.660558-05:00,189.82,0,1,2
2026-09-17,32,2026-09-17T06:10:18.374637-05:00,2026-09-17T09:21:25.932719-05:00,191.13,0,0,3
2026-09-17,114,2026-09-17T09:22:34.687660-05:00,2026-09-17T09:24:31.024744-05:00,1.94,1,0,1
2026-09-17,33,2026-09-17T06:10:41.374832-05:00,2026-09-17T09:25:02.790296-05:00,194.36,0,0,4
2026-09-17,34,2026-09-17T06:13:07.488541-05:00,2026-09-17T09:28:58.334791-05:00,195.85,0,0,6
2026-09-17,35,2026-09-17T06:15:16.617021-05:00,2026-09-17T09:32:28.064236-05:00,197.19,0,1,2
2026-09-17,36,2026-09-17T06:16:00.329132-05:00,2026-09-17T09:34:08.756593-05:00,198.14,0,0,1
2026-09-17,37,2026-09-17T06:17:12.009291-05:00,2026-09-17T09:34:49.303672-05:00,197.62,0,0,5
2026-09-17,38,2026-09-17T06:18:19.383201-05:00,2026-09-17T09:38:46.065314-05:00,200.44,0,1,2
2026-09-17,39,2026-09-17T06:18:32.906526-05:00,2026-09-17T09:39:17.237915-05:00,200.74,0,0,6
2026-09-17,40,2026-09-17T06:18:54.256222-05:00,2026-09-17T09:41:44.586206-05:00,202.84,0,1,3
2026-09-17,117,2026-09-17T09:44:46.390305-05:00,2026-09-17T09:45:01.477209-05:00,0.25,1,0,4
2026-09-17,41,2026-09-17T06:19:18.872382-05:00,2026-09-17T09:45:44.135868-05:00,206.42,0,0,1
2026-09-17,42,2026-09-17T06:19:36.527206-05:00,2026-09-17T09:46:59.960995-05:00,207.39,0,0,6
2026-09-17,44,2026-09-17T06:22:45.296922-05:00,2026-09-17T09:50:09.230377-05:00,207.4,0,0,3
2026-09-17,45,2026-09-17T06:25:00.692016-05:00,2026-09-17T09:50:59.132318-05:00,205.97,0,0,1
2026-09-17,46,2026-09-17T06:25:20.950522-05:00,2026-09-17T09:53:40.857448-05:00,208.33,0,1,2
2026-09-17,47,2026-09-17T06:26:07.385550-05:00,2026-09-17T09:53:51.967203-05:00,207.74,0,0,6
2026-09-17,49,2026-09-17T06:30:12.896595-05:00,2026-09-17T09:55:10.506355-05:00,204.96,0,0,3
2026-09-17,120,2026-09-17T09:55:38.725824-05:00,2026-09-17T09:58:35.932210-05:00,2.95,1,1,5
2026-09-17,50,2026-09-17T06:30:38.272487-05:00,2026-09-17T09:58:40.792973-05:00,208.04,0,0,4
2026-09-17,51,2026-09-17T06:31:14.649289-05:00,2026-09-17T10:00:12.143666-05:00,208.96,0,1,6
2026-09-17,52,2026-09-17T06:31:48.581398-05:00,2026-09-17T10:02:13.559992-05:00,210.42,0,0,1
2026-09-17,53,2026-09-17T06:33:26.460738-05:00,2026-09-17T10:13:10.554277-05:00,219.73,0,0,5
2026-09-17,54,2026-09-17T06:34:31.905640-05:00,2026-09-17T10:16:35.054573-05:00,222.05,0,1,1
2026-09-17,56,2026-09-17T06:35:02.378254-05:00,2026-09-17T10:20:07.037270-05:00,225.08,0,1,4
2026-09-17,57,2026-09-17T06:35:46.591156-05:00,2026-09-17T10:20:18.931648-05:00,224.54,0,1,6
2026-09-17,58,2026-09-17T06:36:01.657928-05:00,2026-09-17T10:21:15.612336-05:00,225.23,0,0,2
2026-09-17,60,2026-09-17T06:36:33.138669-05:00,2026-09-17T10:22:35.233475-05:00,226.03,0,1,3
2026-09-17,59,2026-09-17T06:36:44.244682-05:00,2026-09-17T10:23:40.234698-05:00,226.93,0,1,5
2026-09-17,61,2026-09-17T06:36:55.983513-05:00,2026-09-17T10:28:47.535178-05:00,231.86,0,0,2
2026-09-17,62,2026-09-17T06:37:56.220809-05:00,2026-09-17T10:35:17.567704-05:00,237.36,0,1,3
2026-09-17,63,2026-09-17T06:39:17.452890-05:00,2026-09-17T10:38:25.839902-05:00,239.14,0,1,4
2026-09-17,64,2026-09-17T06:40:56.684790-05:00,2026-09-17T10:40:55.406026-05:00,239.98,0,0,2
2026-09-17,65,2026-09-17T06:41:09.200983-05:00,2026-09-17T10:41:10.491026-05:00,240.02,0,1,6
2026-09-17,66,2026-09-17T06:41:47.455124-05:00,2026-09-17T10:44:12.473784-05:00,242.42,0,0,1
2026-09-17,68,2026-09-17T06:44:01.756025-05:00,2026-09-17T10:45:18.299138-05:00,241.28,0,0,5
2026-09-17,69,2026-09-17T06:45:45.326781-05:00,2026-09-17T10:47:38.260352-05:00,241.88,0,0,6
2026-09-17,70,2026-09-17T06:48:28.986381-05:00,2026-09-17T10:50:09.911535-05:00,241.68,0,1,1
2026-09-17,71,2026-09-17T06:50:21.253903-05:00,2026-09-17T10:53:14.998483-05:00,242.9,0,1,4
2026-09-17,72,2026-09-17T06:51:40.891474-05:00,2026-09-17T10:55:04.821328-05:00,243.4,0,0,2
2026-09-17,73,2026-09-17T06:58:10.535702-05:00,2026-09-17T10:56:12.109973-05:00,238.03,0,0,5
2026-09-17,74,2026-09-17T07:00:11.310321-05:00,2026-09-17T10:57:44.610976-05:00,237.56,0,0,1
2026-09-17,75,2026-09-17T07:00:19.409413-05:00,2026-09-17T11:00:25.155023-05:00,240.1,0,0,3
2026-09-17,77,2026-09-17T07:02:45.220125-05:00,2026-09-17T11:03:47.069812-05:00,241.03,0,1,1
2026-09-17,79,2026-09-17T07:05:07.720226-05:00,2026-09-17T11:04:11.224240-05:00,239.06,0,0,6
2026-09-17,78,2026-09-17T07:05:28.067095-05:00,2026-09-17T11:04:27.829928-05:00,239.0,0,1,5
2026-09-17,80,2026-09-17T07:07:34.101628-05:00,2026-09-17T11:08:22.148542-05:00,240.8,0,1,2
2026-09-17,82,2026-09-17T07:10:32.246927-05:00,2026-09-17T11:09:17.054136-05:00,238.75,0,1,3
2026-09-17,83,2026-09-17T07:11:51.603823-05:00,2026-09-17T11:11:27.043176-05:00,239.59,0,0,1
2026-09-17,85,2026-09-17T07:30:29.831791-05:00,2026-09-17T11:15:39.369863-05:00,225.16,0,0,2
2026-09-17,86,2026-09-17T07:33:24.533982-05:00,2026-09-17T11:16:05.938040-05:00,222.69,0,0,4
2026-09-17,87,2026-09-17T07:35:21.412913-05:00,2026-09-17T11:18:52.758219-05:00,223.52,0,0,3
2026-09-17,88,2026-09-17T07:37:08.402038-05:00,2026-09-17T11:20:19.822846-05:00,223.19,0,1,6
2026-09-17,90,2026-09-17T07:47:37.408924-05:00,2026-09-17T11:23:03.752099-05:00,215.44,0,0,4
2026-09-17,92,2026-09-17T07:51:04.855151-05:00,2026-09-17T11:24:07.779441-05:00,213.05,0,0,2
2026-09-17,93,2026-09-17T08:00:49.297215-05:00,2026-09-17T11:24:47.012076-05:00,203.96,0,1,5
2026-09-17,94,2026-09-17T08:01:15.956248-05:00,2026-09-17T11:28:21.937266-05:00,207.1,0,0,1
2026-09-17,95,2026-09-17T08:01:33.567074-05:00,2026-09-17T11:35:15.552988-05:00,213.7,0,0,5
2026-09-17,96,2026-09-17T08:08:09.940917-05:00,2026-09-17T11:36:47.381693-05:00,208.62,0,0,1
2026-09-17,97,2026-09-17T08:09:40.021782-05:00,2026-09-17T11:38:17.440169-05:00,208.62,0,0,3
2026-09-17,98,2026-09-17T08:12:57.437268-05:00,2026-09-17T11:39:52.595044-05:00,206.92,0,1,4
2026-09-17,99,2026-09-17T08:13:39.270045-05:00,2026-09-17T11:42:55.239066-05:00,209.27,0,0,5
2026-09-17,100,2026-09-17T08:14:27.185786-05:00,2026-09-17T11:44:00.591619-05:00,209.56,0,0,2
2026-09-17,101,2026-09-17T08:19:22.521232-05:00,2026-09-17T11:45:18.881913-05:00,205.94,0,1,6
2026-09-17,103,2026-09-17T08:36:24.856825-05:00,2026-09-17T11:48:27.460556-05:00,192.04,0,0,5
2026-09-17,104,2026-09-17T08:38:39.240443-05:00,2026-09-17T11:48:47.479088-05:00,190.14,0,0,4
2026-09-17,106,2026-09-17T08:42:38.690914-05:00,2026-09-17T11:53:14.379423-05:00,190.59,0,0,3
2026-09-17,107,2026-09-17T08:52:28.824962-05:00,2026-09-17T11:57:00.085564-05:00,184.52,0,0,6
2026-09-17,109,2026-09-17T08:56:53.150754-05:00,2026-09-17T11:59:17.093546-05:00,182.4,0,0,5
2026-09-17,110,2026-09-17T09:02:56.177914-05:00,2026-09-17T12:01:05.893538-05:00,178.16,0,1,4
2026-09-17,111,2026-09-17T09:07:22.757154-05:00,2026-09-17T12:01:24.707134-05:00,174.03,0,0,1
2026-09-17,113,2026-09-17T09:17:27.041120-05:00,2026-09-17T12:04:17.830520-05:00,166.85,0,1,6
2026-09-17,115,2026-09-17T09:27:14.767976-05:00,2026-09-17T12:05:12.331882-05:00,157.96,0,0,2
2026-09-17,116,2026-09-17T09:36:34.196217-05:00,2026-09-17T12:06:28.766780-05:00,149.91,0,0,3
2026-09-17,118,2026-09-17T09:50:53.861281-05:00,2026-09-17T12:10:50.549090-05:00,139.94,0,0,4
2026-09-17,119,2026-09-17T09:53:11.168845-05:00,2026-09-17T12:14:15.773185-05:00,141.08,0,0,1
2026-09-17,121,2026-09-17T10:06:16.822302-05:00,2026-09-17T12:17:28.504975-05:00,131.19,0,1,2
2026-09-17,122,2026-09-17T10:10:35.924524-05:00,2026-09-17T12:18:37.606149-05:00,128.03,0,1,6
2026-09-17,123,2026-09-17T10:22:16.428523-05:00,2026-09-17T12:20:00.468586-05:00,117.73,0,1,5
2026-09-17,124,2026-09-17T10:24:08.532286-05:00,2026-09-17T12:22:24.168196-05:00,118.26,0,0,3
2026-09-17,125,2026-09-17T10:42:55.756294-05:00,2026-09-17T12:23:02.428339-05:00,100.11,0,0,1
2026-09-17,126,2026-09-17T10:44:50.219625-05:00,2026-09-17T12:24:51.032246-05:00,100.01,0,1,2
2026-09-17,127,2026-09-17T11:12:57.327746-05:00,2026-09-17T12:27:50.354114-05:00,74.88,0,1,4
2026-09-17,128,2026-09-17T11:16:06.690761-05:00,2026-09-17T12:31:52.061858-05:00,75.76,0,0,1
2026-09-17,129,2026-09-17T11:19:43.928013-05:00,2026-09-17T12:35:10.334571-05:00,75.44,0,0,2
2026-09-17,130,2026-09-17T11:23:28.616845-05:00,2026-09-17T12:39:10.358501-05:00,75.7,0,0,5
2026-09-17,131,2026-09-17T11:24:38.546122-05:00,2026-09-17T12:39:12.242907-05:00,74.56,0,1,6
2026-09-17,132,2026-09-17T11:31:14.817227-05:00,2026-09-17T12:40:30.134237-05:00,69.26,0,0,4
2026-09-17,133,2026-09-17T11:37:24.304633-05:00,2026-09-17T12:45:08.795476-05:00,67.74,0,0,3
2026-09-17,134,2026-09-17T12:21:24.813631-05:00,2026-09-17T12:49:14.775978-05:00,27.83,0,0,1
2026-09-17,135,2026-09-17T12:24:28.308989-05:00,2026-09-17T12:49:41.162380-05:00,25.21,0,0,4
2026-09-17,136,2026-09-17T12:25:31.889855-05:00,2026-09-17T12:50:27.625760-05:00,24.93,0,1,2
2026-09-18,2,2026-09-18T05:34:39.959947-05:00,2026-09-18T07:36:00-05:00,121.33,1,0,1
2026-09-18,9,2026-09-18T05:44:38.554046-05:00,2026-09-18T07:36:00-05:00,111.36,1,0,2
2026-09-18,25,2026-09-18T06:04:42.913927-05:00,2026-09-18T07:36:00-05:00,91.28,1,0,3
2026-09-18,48,2026-09-18T06:32:57.786812-05:00,2026-09-18T07:36:00-05:00,63.04,1,1,4
2026-09-18,51,2026-09-18T06:34:01.524235-05:00,2026-09-18T07:36:00-05:00,61.97,1,0,5
2026-09-18,59,2026-09-18T06:44:03.640206-05:00,2026-09-18T07:36:00-05:00,51.94,1,0,6
2026-09-18,69,2026-09-18T06:58:32.399554-05:00,2026-09-18T07:39:00.484574-05:00,40.47,1,1,6
2026-09-18,73,2026-09-18T07:03:15.209874-05:00,2026-09-18T07:40:49.466694-05:00,37.57,1,0,3
2026-09-18,77,2026-09-18T07:13:21.477484-05:00,2026-09-18T07:41:43.670712-05:00,28.37,1,0,2
2026-09-18,82,2026-09-18T07:20:17.332001-05:00,2026-09-18T07:47:36.942677-05:00,27.33,1,0,5
2026-09-18,84,2026-09-18T07:30:17.633156-05:00,2026-09-18T07:52:19.856578-05:00,22.04,1,1,1
2026-09-18,0,2026-09-18T05:31:41.421177-05:00,2026-09-18T07:54:01.505449-05:00,142.33,0,0,6
2026-09-18,1,2026-09-18T05:33:12.232522-05:00,2026-09-18T07:56:35.224061-05:00,143.38,0,1,4
2026-09-18,3,2026-09-18T05:35:33.587610-05:00,2026-09-18T07:57:35.008345-05:00,142.02,0,1,5
2026-09-18,4,2026-09-18T05:37:40.517973-05:00,2026-09-18T08:00:12.587597-05:00,142.53,0,1,3
2026-09-18,5,2026-09-18T05:39:00.507363-05:00,2026-09-18T08:02:58.021115-05:00,143.96,0,0,2
2026-09-18,6,2026-09-18T05:39:38.285944-05:00,2026-09-18T08:04:30.020608-05:00,144.86,0,0,6
2026-09-18,7,2026-09-18T05:40:57.959597-05:00,2026-09-18T08:04:30.288651-05:00,143.54,0,0,4
2026-09-18,8,2026-09-18T05:44:42.377373-05:00,2026-09-18T08:07:50.726746-05:00,143.14,0,1,5
2026-09-18,10,2026-09-18T05:47:40.109513-05:00,2026-09-18T08:10:16.612478-05:00,142.61,0,1,6
2026-09-18,11,2026-09-18T05:50:26.192014-05:00,2026-09-18T08:12:54.912866-05:00,142.48,0,1,3
2026-09-18,12,2026-09-18T05:51:06.694655-05:00,2026-09-18T08:13:07.896934-05:00,142.02,0,0,2
2026-09-18,13,2026-09-18T05:52:00.653911-05:00,2026-09-18T08:14:02.026367-05:00,142.02,0,1,1
2026-09-18,14,2026-09-18T05:53:56.918682-05:00,2026-09-18T08:18:20.384743-05:00,144.39,0,0,4
2026-09-18,15,2026-09-18T05:54:17.829774-05:00,2026-09-18T08:21:32.839552-05:00,147.25,0,0,1
2026-09-18,16,2026-09-18T05:54:27.364343-05:00,2026-09-18T08:22:44.066974-05:00,148.28,0,1,2
2026-09-18,17,2026-09-18T05:56:50.586202-05:00,2026-09-18T08:23:54.247977-05:00,147.06,0,0,5
2026-09-18,18,2026-09-18T05:57:32.330506-05:00,2026-09-18T08:24:49.894700-05:00,147.29,0,0,3
2026-09-18,19,2026-09-18T05:57:43.034277-05:00,2026-09-18T08:28:24.387963-05:00,150.69,0,0,6
2026-09-18,20,2026-09-18T05:58:17.244395-05:00,2026-09-18T08:30:05.124587-05:00,151.8,0,0,2
2026-09-18,21,2026-09-18T05:59:44.815742-05:00,2026-09-18T08:35:10.271170-05:00,155.42,0,0,4
2026-09-18,22,2026-09-18T06:00:01.685752-05:00,2026-09-18T08:35:49.371866-05:00,155.79,0,0,3
2026-09-18,23,2026-09-18T06:00:56.563032-05:00,2026-09-18T08:38:09.449898-05:00,157.21,0,1,2
2026-09-18,24,2026-09-18T06:02:40.512856-05:00,2026-09-18T08:38:39.908290-05:00,155.99,0,0,5
2026-09-18,26,2026-09-18T06:04:30.445983-05:00,2026-09-18T08:45:31.746096-05:00,161.02,0,0,1
2026-09-18,27,2026-09-18T06:05:23.135369-05:00,2026-09-18T08:47:24.451795-05:00,162.02,0,0,3
2026-09-18,28,2026-09-18T06:06:02.964451-05:00,2026-09-18T08:48:00.431293-05:00,161.96,0,1,2
2026-09-18,29,2026-09-18T06:06:04.700967-05:00,2026-09-18T08:50:17.473437-05:00,164.21,0,0,4
2026-09-18,30,2026-09-18T06:09:30.489233-05:00,2026-09-18T08:52:43.354640-05:00,163.21,0,0,6
2026-09-18,94,2026-09-18T08:55:11.708654-05:00,2026-09-18T09:01:24.562522-05:00,6.21,1,0,5
2026-09-18,95,2026-09-18T08:59:15.259705-05:00,2026-09-18T09:05:46.200389-05:00,6.52,1,0,3
2026-09-18,96,2026-09-18T09:00:16.384687-05:00,2026-09-18T09:07:53.525130-05:00,7.62,1,0,4
2026-09-18,31,2026-09-18T06:11:23.833305-05:00,2026-09-18T09:08:56.851117-05:00,177.55,0,0,5
2026-09-18,32,2026-09-18T06:13:04.520733-05:00,2026-09-18T09:10:57.851420-05:00,177.89,0,0,2
2026-09-18,34,2026-09-18T06:16:04.114268-05:00,2026-09-18T09:13:22.461615-05:00,177.31,0,0,1
2026-09-18,33,2026-09-18T06:16:25.479600-05:00,2026-09-18T09:17:43.516039-05:00,181.3,0,0,3
2026-09-18,35,2026-09-18T06:17:11.303873-05:00,2026-09-18T09:18:53.944200-05:00,181.71,0,1,5
2026-09-18,36,2026-09-18T06:17:26.587636-05:00,2026-09-18T09:19:02.413589-05:00,181.6,0,1,2
2026-09-18,37,2026-09-18T06:17:32.187997-05:00,2026-09-18T09:19:08.231431-05:00,181.6,0,0,1
2026-09-18,38,2026-09-18T06:19:37.176251-05:00,2026-09-18T09:25:51.908728-05:00,186.25,0,0,3
2026-09-18,39,2026-09-18T06:21:42.374041-05:00,2026-09-18T09:26:02.838109-05:00,184.34,0,1,4
2026-09-18,40,2026-09-18T06:23:56.893160-05:00,2026-09-18T09:31:19.871222-05:00,187.38,0,1,2
2026-09-18,41,2026-09-18T06:24:16.465464-05:00,2026-09-18T09:33:03.892877-05:00,188.79,0,1,4
2026-09-18,105,2026-09-18T09:35:37.709041-05:00,2026-09-18T09:36:36.462352-05:00,0.98,1,0,5
2026-09-18,42,2026-09-18T06:26:26.269830-05:00,2026-09-18T09:37:35.699353-05:00,191.16,0,0,3
2026-09-18,43,2026-09-18T06:26:29.920854-05:00,2026-09-18T09:38:19.279997-05:00,191.82,0,1,2
2026-09-18,44,2026-09-18T06:28:14.101620-05:00,2026-09-18T09:38:30.775327-05:00,190.28,0,0,4
2026-09-18,45,2026-09-18T06:30:03.633602-05:00,2026-09-18T09:40:25.542690-05:00,190.37,0,0,1
2026-09-18,46,2026-09-18T06:31:17.627046-05:00,2026-09-18T09:44:42.824542-05:00,193.42,0,0,4
2026-09-18,47,2026-09-18T06:31:51.827665-05:00,2026-09-18T09:44:44.830394-05:00,192.88,0,0,6
2026-09-18,49,2026-09-18T06:32:30.642309-05:00,2026-09-18T09:44:45.793159-05:00,192.25,0,1,3
2026-09-18,50,2026-09-18T06:33:19.974757-05:00,2026-09-18T09:49:33.635502-05:00,196.23,0,1,5
2026-09-18,52,2026-09-18T06:35:41.365274-05:00,2026-09-18T09:52:39.364578-05:00,196.97,0,0,2
2026-09-18,53,2026-09-18T06:36:30.862526-05:00,2026-09-18T09:56:32.862939-05:00,200.03,0,0,4
2026-09-18,54,2026-09-18T06:36:48.016027-05:00,2026-09-18T09:57:29.152431-05:00,200.69,0,0,1
2026-09-18,55,2026-09-18T06:36:50.862937-05:00,2026-09-18T09:58:19.412167-05:00,201.48,0,1,5
2026-09-18,56,2026-09-18T06:37:02.908949-05:00,2026-09-18T10:00:29.135800-05:00,203.44,0,1,6
2026-09-18,57,2026-09-18T06:38:27.548860-05:00,2026-09-18T10:03:51.845987-05:00,205.4,0,0,4
2026-09-18,58,2026-09-18T06:43:04.699241-05:00,2026-09-18T10:05:39.468578-05:00,202.58,0,0,5
2026-09-18,60,2026-09-18T06:44:04.121496-05:00,2026-09-18T10:07:17.191586-05:00,203.22,0,0,2
2026-09-18,61,2026-09-18T06:45:21.582683-05:00,2026-09-18T10:08:43.658285-05:00,203.37,0,0,3
2026-09-18,62,2026-09-18T06:47:26.684089-05:00,2026-09-18T10:13:49.527505-05:00,206.38,0,1,3
2026-09-18,63,2026-09-18T06:48:22.625678-05:00,2026-09-18T10:16:04.103510-05:00,207.69,0,0,5
2026-09-18,120,2026-09-18T10:17:02.301648-05:00,2026-09-18T10:20:58.784008-05:00,3.94,1,0,2
2026-09-18,64,2026-09-18T06:49:09.925873-05:00,2026-09-18T10:22:31.755408-05:00,213.36,0,0,1
2026-09-18,122,2026-09-18T10:23:13.108343-05:00,2026-09-18T10:25:47.104372-05:00,2.57,1,1,3
2026-09-18,65,2026-09-18T06:51:58.806375-05:00,2026-09-18T10:31:09.594512-05:00,219.18,0,0,3
2026-09-18,66,2026-09-18T06:52:13.610685-05:00,2026-09-18T10:31:28.505991-05:00,219.25,0,1,1
2026-09-18,67,2026-09-18T06:53:13.849287-05:00,2026-09-18T10:33:12.946751-05:00,219.98,0,0,5
2026-09-18,68,2026-09-18T06:55:19.910000-05:00,2026-09-18T10:33:34.665257-05:00,218.25,0,0,6
2026-09-18,125,2026-09-18T10:34:09.890980-05:00,2026-09-18T10:35:25.248917-05:00,1.26,1,1,2
2026-09-18,126,2026-09-18T10:35:00.267098-05:00,2026-09-18T10:37:42.905370-05:00,2.71,1,0,3
2026-09-18,70,2026-09-18T07:00:42.556347-05:00,2026-09-18T10:37:53.202457-05:00,217.18,0,0,4
2026-09-18,71,2026-09-18T07:02:28.760231-05:00,2026-09-18T10:44:50.117200-05:00,222.36,0,1,4
2026-09-18,72,2026-09-18T07:02:32.977038-05:00,2026-09-18T10:46:29.813074-05:00,223.95,0,1,2
2026-09-18,74,2026-09-18T07:10:58.848295-05:00,2026-09-18T10:46:31.852190-05:00,215.55,0,0,6
2026-09-18,132,2026-09-18T10:49:43.846820-05:00,2026-09-18T10:50:41.976750-05:00,0.97,1,0,5
2026-09-18,75,2026-09-18T07:11:31.379738-05:00,2026-09-18T10:52:17.490666-05:00,220.77,0,1,1
2026-09-18,76,2026-09-18T07:12:49.973324-05:00,2026-09-18T10:57:03.096495-05:00,224.22,0,0,4
2026-09-18,78,2026-09-18T07:14:36.237117-05:00,2026-09-18T10:57:55.777055-05:00,223.33,0,1,6
2026-09-18,80,2026-09-18T07:15:10.146270-05:00,2026-09-18T10:58:13.018433-05:00,223.05,0,1,3
2026-09-18,79,2026-09-18T07:15:16.247151-05:00,2026-09-18T10:58:42.942351-05:00,223.44,0,0,1
2026-09-18,81,2026-09-18T07:16:33.964963-05:00,2026-09-18T11:01:12.039247-05:00,224.63,0,1,5
2026-09-18,133,2026-09-18T11:02:17.819397-05:00,2026-09-18T11:07:54.126226-05:00,5.61,1,0,2
2026-09-18,83,2026-09-18T07:29:29.004672-05:00,2026-09-18T11:09:20.299704-05:00,219.85,0,0,5
2026-09-18,85,2026-09-18T07:51:35.941995-05:00,2026-09-18T11:09:26.032197-05:00,197.83,0,0,6
2026-09-18,86,2026-09-18T07:53:21.938376-05:00,2026-09-18T11:10:52.096374-05:00,197.5,0,0,4
2026-09-18,87,2026-09-18T08:05:26.003543-05:00,2026-09-18T11:16:04.503365-05:00,190.64,0,1,2
2026-09-18,88,2026-09-18T08:06:23.337420-05:00,2026-09-18T11:18:08.959880-05:00,191.76,0,1,3
2026-09-18,142,2026-09-18T11:19:55.311838-05:00,2026-09-18T11:20:31.805190-05:00,0.61,1,1,6
2026-09-18,89,2026-09-18T08:13:16.711127-05:00,2026-09-18T11:22:52.802731-05:00,189.6,0,1,1
2026-09-18,90,2026-09-18T08:21:30.543683-05:00,2026-09-18T11:25:19.391312-05:00,183.81,0,0,5
2026-09-18,91,2026-09-18T08:22:25.694556-05:00,2026-09-18T11:30:31.520669-05:00,188.1,0,0,2
2026-09-18,92,2026-09-18T08:23:04.771349-05:00,2026-09-18T11:30:51.658974-05:00,187.78,0,1,3
2026-09-18,93,2026-09-18T08:24:38.714057-05:00,2026-09-18T11:31:53.170523-05:00,187.24,0,0,6
2026-09-18,97,2026-09-18T09:02:15.121628-05:00,2026-09-18T11:32:36.415601-05:00,150.35,0,0,4
2026-09-18,98,2026-09-18T09:06:41.422291-05:00,2026-09-18T11:39:20.516430-05:00,152.65,0,0,2
2026-09-18,99,2026-09-18T09:07:02.393845-05:00,2026-09-18T11:40:36.780441-05:00,153.57,0,0,1
2026-09-18,100,2026-09-18T09:09:27.720970-05:00,2026-09-18T11:40:56.492257-05:00,151.48,0,0,4
2026-09-18,101,2026-09-18T09:21:09.482657-05:00,2026-09-18T11:48:59.512760-05:00,147.83,0,1,6
2026-09-18,102,2026-09-18T09:25:25.587166-05:00,2026-09-18T11:50:34.038495-05:00,145.14,0,0,5
2026-09-18,103,2026-09-18T09:25:51.422465-05:00,2026-09-18T11:52:13.969926-05:00,146.38,0,0,4
2026-09-18,104,2026-09-18T09:35:23.146123-05:00,2026-09-18T11:53:01.340842-05:00,137.64,0,1,2
2026-09-18,106,2026-09-18T09:36:00.706615-05:00,2026-09-18T11:58:10.505623-05:00,142.16,0,1,3
2026-09-18,107,2026-09-18T09:41:16.636687-05:00,2026-09-18T12:00:41.201759-05:00,139.41,0,0,1
2026-09-18,108,2026-09-18T09:41:34.650572-05:00,2026-09-18T12:01:03.948062-05:00,139.49,0,0,4
2026-09-18,109,2026-09-18T09:41:58.042008-05:00,2026-09-18T12:02:55.129729-05:00,140.95,0,0,6
2026-09-18,110,2026-09-18T09:42:17.090296-05:00,2026-09-18T12:05:18.537073-05:00,143.02,0,0,2
2026-09-18,111,2026-09-18T09:46:46.502286-05:00,2026-09-18T12:07:18.040329-05:00,140.53,0,0,5
2026-09-18,112,2026-09-18T09:48:19.006460-05:00,2026-09-18T12:08:03.096616-05:00,139.73,0,0,6
2026-09-18,113,2026-09-18T09:58:43.323002-05:00,2026-09-18T12:08:36.377793-05:00,129.88,0,0,1
2026-09-18,114,2026-09-18T09:59:42.052183-05:00,2026-09-18T12:10:06.319421-05:00,130.4,0,0,3
2026-09-18,115,2026-09-18T10:03:27.749429-05:00,2026-09-18T12:16:07.661013-05:00,132.67,0,0,4
2026-09-18,116,2026-09-18T10:07:39.337979-05:00,2026-09-18T12:18:34.286189-05:00,130.92,0,1,6
2026-09-18,117,2026-09-18T10:10:05.689891-05:00,2026-09-18T12:18:34.970499-05:00,128.49,0,0,1
2026-09-18,118,2026-09-18T10:12:26.811798-05:00,2026-09-18T12:19:18.363821-05:00,126.86,0,1,3
2026-09-18,119,2026-09-18T10:13:55.286763-05:00,2026-09-18T12:22:55.659310-05:00,129.01,0,1,4
2026-09-18,121,2026-09-18T10:22:10.313679-05:00,2026-09-18T12:23:30.657022-05:00,121.34,0,0,2
2026-09-18,123,2026-09-18T10:28:33.768216-05:00,2026-09-18T12:26:16.455179-05:00,117.71,0,1,5
2026-09-18,124,2026-09-18T10:29:40.032785-05:00,2026-09-18T12:29:10.190584-05:00,119.5,0,0,3
2026-09-18,127,2026-09-18T10:39:07.041370-05:00,2026-09-18T12:31:58.231753-05:00,112.85,0,0,4
2026-09-18,128,2026-09-18T10:40:02.040738-05:00,2026-09-18T12:33:41.595296-05:00,113.66,0,0,6
2026-09-18,129,2026-09-18T10:41:11.541986-05:00,2026-09-18T12:43:20.062101-05:00,122.14,0,1,1
2026-09-18,130,2026-09-18T10:42:59.517839-05:00,2026-09-18T12:43:41.501907-05:00,120.7,0,0,2
2026-09-18,131,2026-09-18T10:47:01.740831-05:00,2026-09-18T12:45:19.810528-05:00,118.3,0,0,4
2026-09-18,134,2026-09-18T11:02:58.909291-05:00,2026-09-18T12:48:39.472841-05:00,105.68,0,0,5
2026-09-18,135,2026-09-18T11:05:48.572025-05:00,2026-09-18T12:49:25.324702-05:00,103.61,0,0,3
2026-09-18,136,2026-09-18T11:07:02.539172-05:00,2026-09-18T12:50:41.790686-05:00,103.65,0,0,1
2026-09-18,137,2026-09-18T11:07:50.608371-05:00,2026-09-18T12:51:38.544532-05:00,103.8,0,0,6
2026-09-18,138,2026-09-18T11:10:20.178663-05:00,2026-09-18T12:52:44.768071-05:00,102.41,0,0,2
2026-09-18,139,2026-09-18T11:12:00.652834-05:00,2026-09-18T12:57:10.189799-05:00,105.16,0,1,4
2026-09-18,140,2026-09-18T11:17:00.394886-05:00,2026-09-18T12:57:43.129467-05:00,100.71,0,0,1
2026-09-18,141,2026-09-18T11:18:19.954349-05:00,2026-09-18T13:04:58.710283-05:00,106.65,0,0,3
2026-09-18,143,2026-09-18T11:20:37.045423-05:00,2026-09-18T13:07:43.402066-05:00,107.11,0,0,5
2026-09-18,144,2026-09-18T11:22:01.441835-05:00,2026-09-18T13:10:52.153505-05:00,108.85,0,1,4
2026-09-18,145,2026-09-18T11:22:11.489824-05:00,2026-09-18T13:13:41.123960-05:00,111.49,0,0,1
2026-09-18,146,2026-09-18T11:30:31.072739-05:00,2026-09-18T13:15:47.515058-05:00,105.27,0,1,2
2026-09-18,147,2026-09-18T11:35:30.518286-05:00,2026-09-18T13:20:41.248357-05:00,105.18,0,1,6
2026-09-18,148,2026-09-18T11:44:10.058200-05:00,2026-09-18T13:24:45.679700-05:00,100.59,0,0,5
2026-09-18,149,2026-09-18T11:45:16.717223-05:00,2026-09-18T13:24:55.581254-05:00,99.65,0,0,3
2026-09-18,150,2026-09-18T11:59:29.131950-05:00,2026-09-18T13:28:28.002508-05:00,88.98,0,0,1
2026-09-18,151,2026-09-18T12:26:20.892332-05:00,,,0,0,
2026-09-19,4,2026-09-19T05:43:44.964911-05:00,2026-09-19T07:36:00-05:00,112.25,1,0,1
2026-09-19,5,2026-09-19T05:46:44.933930-05:00,2026-09-19T07:36:00-05:00,109.25,1,0,2
2026-09-19,20,2026-09-19T05:55:57.351767-05:00,2026-09-19T07:36:00-05:00,100.04,1,0,3
2026-09-19,23,2026-09-19T05:58:37.422804-05:00,2026-09-19T07:36:00-05:00,97.38,1,0,4
2026-09-19,34,2026-09-19T06:10:47.830771-05:00,2026-09-19T07:36:00-05:00,85.2,1,0,5
2026-09-19,39,2026-09-19T06:13:24.468962-05:00,2026-09-19T07:36:00-05:00,82.59,1,1,6
2026-09-19,40,2026-09-19T06:15:13.059945-05:00,2026-09-19T07:43:11.447938-05:00,87.97,1,1,6
2026-09-19,48,2026-09-19T06:21:06.276290-05:00,2026-09-19T07:44:59.041484-05:00,83.88,1,0,2
2026-09-19,49,2026-09-19T06:21:34.182066-05:00,2026-09-19T07:45:54.726977-05:00,84.34,1,0,3
2026-09-19,50,2026-09-19T06:22:03.712580-05:00,2026-09-19T07:47:17.831850-05:00,85.24,1,1,1
2026-09-19,90,2026-09-19T07:21:21.017558-05:00,2026-09-19T07:47:28.361829-05:00,26.12,1,0,4
2026-09-19,0,2026-09-19T05:35:25.529741-05:00,2026-09-19T07:48:53.904147-05:00,133.47,0,0,5
2026-09-19,1,2026-09-19T05:37:05.100655-05:00,2026-09-19T07:54:56.385727-05:00,137.85,0,0,2
2026-09-19,2,2026-09-19T05:41:41.225227-05:00,2026-09-19T07:55:08.390150-05:00,133.45,0,1,3
2026-09-19,3,2026-09-19T05:42:18.491619-05:00,2026-09-19T07:57:47.775460-05:00,135.49,0,1,6
2026-09-19,6,2026-09-19T05:46:33.675806-05:00,2026-09-19T07:57:53.426035-05:00,131.33,0,0,4
2026-09-19,7,2026-09-19T05:47:24.394564-05:00,2026-09-19T07:58:21.281228-05:00,130.95,0,0,5
2026-09-19,96,2026-09-19T08:07:45.176315-05:00,2026-09-19T08:10:51.086218-05:00,3.1,1,0,5
2026-09-19,8,2026-09-19T05:48:23.338839-05:00,2026-09-19T08:11:18.696193-05:00,142.92,0,1,1
2026-09-19,9,2026-09-19T05:48:26.389776-05:00,2026-09-19T08:11:42.528581-05:00,143.27,0,0,3
2026-09-19,10,2026-09-19T05:48:29.010215-05:00,2026-09-19T08:12:44.978447-05:00,144.27,0,1,4
2026-09-19,11,2026-09-19T05:50:14.730732-05:00,2026-09-19T08:13:05.139695-05:00,142.84,0,0,6
2026-09-19,12,2026-09-19T05:50:46.577229-05:00,2026-09-19T08:14:44.198613-05:00,143.96,0,0,2
2026-09-19,100,2026-09-19T08:19:51.154952-05:00,2026-09-19T08:27:16.413705-05:00,7.42,1,0,1
2026-09-19,14,2026-09-19T05:51:12.546971-05:00,2026-09-19T08:28:15.368905-05:00,157.05,0,0,2
2026-09-19,13,2026-09-19T05:51:27.624232-05:00,2026-09-19T08:31:10.168736-05:00,159.71,0,0,3
2026-09-19,15,2026-09-19T05:52:51.806901-05:00,2026-09-19T08:32:01.192506-05:00,159.16,0,0,5
2026-09-19,106,2026-09-19T08:33:30.987161-05:00,2026-09-19T08:35:32.251786-05:00,2.02,1,0,1
2026-09-19,16,2026-09-19T05:54:16.492056-05:00,2026-09-19T08:36:10.226625-05:00,161.9,0,0,4
2026-09-19,18,2026-09-19T05:54:31.664570-05:00,2026-09-19T08:38:28.502140-05:00,163.95,0,1,2
2026-09-19,17,2026-09-19T05:54:57.481293-05:00,2026-09-19T08:44:21.649420-05:00,169.4,0,0,6
2026-09-19,19,2026-09-19T05:55:15.084126-05:00,2026-09-19T08:45:09.825658-05:00,169.91,0,0,4
2026-09-19,21,2026-09-19T05:57:06.977554-05:00,2026-09-19T08:45:42.001321-05:00,168.58,0,0,1
2026-09-19,22,2026-09-19T05:58:43.079433-05:00,2026-09-19T08:46:32.184066-05:00,167.82,0,0,2
2026-09-19,24,2026-09-19T06:00:33.263173-05:00,2026-09-19T08:50:01.381570-05:00,169.47,0,1,1
2026-09-19,25,2026-09-19T06:02:48.158368-05:00,2026-09-19T08:51:28.761505-05:00,168.68,0,1,3
2026-09-19,26,2026-09-19T06:04:24.197064-05:00,2026-09-19T08:52:28.515886-05:00,168.07,0,1,5
2026-09-19,112,2026-09-19T08:53:38.033094-05:00,2026-09-19T08:56:47.913642-05:00,3.16,1,0,4
2026-09-19,27,2026-09-19T06:05:10.520617-05:00,2026-09-19T09:00:24.319793-05:00,175.23,0,0,6
2026-09-19,28,2026-09-19T06:06:52.853699-05:00,2026-09-19T09:03:44.603550-05:00,176.86,0,0,5
2026-09-19,29,2026-09-19T06:07:15.613750-05:00,2026-09-19T09:04:47.082948-05:00,177.52,0,0,1
2026-09-19,30,2026-09-19T06:07:28.301322-05:00,2026-09-19T09:08:41.789701-05:00,181.22,0,1,2
2026-09-19,114,2026-09-19T09:08:50.152910-05:00,2026-09-19T09:09:48.396610-05:00,0.97,1,1,6
2026-09-19,31,2026-09-19T06:08:16.219703-05:00,2026-09-19T09:17:03.999522-05:00,188.8,0,1,3
2026-09-19,32,2026-09-19T06:09:16.823312-05:00,2026-09-19T09:18:16.170298-05:00,188.99,0,0,2
2026-09-19,33,2026-09-19T06:09:47.900681-05:00,2026-09-19T09:20:54.569294-05:00,191.11,0,1,4
2026-09-19,35,2026-09-19T06:11:13.954730-05:00,2026-09-19T09:21:34.530976-05:00,190.34,0,0,1
2026-09-19,37,2026-09-19T06:11:46.678017-05:00,2026-09-19T09:24:45.103906-05:00,192.97,0,0,6
2026-09-19,36,2026-09-19T06:11:52.725196-05:00,2026-09-19T09:28:38.196932-05:00,196.76,0,0,5
2026-09-19,38,2026-09-19T06:12:43.553717-05:00,2026-09-19T09:32:25.730405-05:00,199.7,0,0,4
2026-09-19,41,2026-09-19T06:15:53.290605-05:00,2026-09-19T09:32:55.473094-05:00,197.04,0,1,6
2026-09-19,42,2026-09-19T06:19:13.878407-05:00,2026-09-19T09:33:57.373793-05:00,194.72,0,0,3
2026-09-19,44,2026-09-19T06:19:33.279558-05:00,2026-09-19T09:36:43.213767-05:00,197.17,0,0,1
2026-09-19,43,2026-09-19T06:19:41.835427-05:00,2026-09-19T09:37:58.205811-05:00,198.27,0,1,2
2026-09-19,45,2026-09-19T06:20:15.452496-05:00,2026-09-19T09:41:55.601512-05:00,201.67,0,0,5
2026-09-19,118,2026-09-19T09:43:06.649887-05:00,2026-09-19T09:43:18.242063-05:00,0.19,1,1,6
2026-09-19,46,2026-09-19T06:20:18.588820-05:00,2026-09-19T09:47:26.020372-05:00,207.12,0,0,3
2026-09-19,120,2026-09-19T09:49:14.479885-05:00,2026-09-19T09:52:33.469414-05:00,3.32,1,0,1
2026-09-19,47,2026-09-19T06:20:42.477634-05:00,2026-09-19T09:53:14.803496-05:00,212.54,0,0,2
2026-09-19,51,2026-09-19T06:22:14.181794-05:00,2026-09-19T09:55:03.081624-05:00,212.81,0,0,4
2026-09-19,52,2026-09-19T06:23:59.878596-05:00,2026-09-19T09:56:08.546085-05:00,212.14,0,0,5
2026-09-19,53,2026-09-19T06:25:22.016299-05:00,2026-09-19T10:02:33.048868-05:00,217.18,0,0,6
2026-09-19,54,2026-09-19T06:25:46.988644-05:00,2026-09-19T10:03:12.441949-05:00,217.42,0,1,4
2026-09-19,55,2026-09-19T06:29:51.215759-05:00,2026-09-19T10:06:28.947947-05:00,216.63,0,1,2
2026-09-19,57,2026-09-19T06:31:35.104770-05:00,2026-09-19T10:08:45.916692-05:00,217.18,0,1,1
2026-09-19,56,2026-09-19T06:31:51.704347-05:00,2026-09-19T10:11:06.869005-05:00,219.25,0,1,6
2026-09-19,58,2026-09-19T06:34:18.292799-05:00,2026-09-19T10:12:49.214560-05:00,218.52,0,1,3
2026-09-19,59,2026-09-19T06:35:45.589530-05:00,2026-09-19T10:13:52.668284-05:00,218.12,0,0,5
2026-09-19,60,2026-09-19T06:37:36.879921-05:00,2026-09-19T10:16:27.788556-05:00,218.85,0,1,2
2026-09-19,61,2026-09-19T06:38:17.805583-05:00,2026-09-19T10:21:56.500205-05:00,223.64,0,0,1
2026-09-19,62,2026-09-19T06:39:16.101897-05:00,2026-09-19T10:24:11.025188-05:00,224.92,0,1,6
2026-09-19,63,2026-09-19T06:39:16.222071-05:00,2026-09-19T10:31:42.140449-05:00,232.43,0,0,4
2026-09-19,64,2026-09-19T06:39:43.457417-05:00,2026-09-19T10:31:54.287540-05:00,232.18,0,0,6
2026-09-19,65,2026-09-19T06:39:58.260034-05:00,2026-09-19T10:33:54.881626-05:00,233.94,0,0,1
2026-09-19,66,2026-09-19T06:40:46.774966-05:00,2026-09-19T10:36:06.490423-05:00,235.33,0,0,3
2026-09-19,67,2026-09-19T06:43:24.003149-05:00,2026-09-19T10:36:51.995045-05:00,233.47,0,0,5
2026-09-19,68,2026-09-19T06:43:35.182317-05:00,2026-09-19T10:43:58.548003-05:00,240.39,0,0,3
2026-09-19,69,2026-09-19T06:44:13.875144-05:00,2026-09-19T10:44:50.284845-05:00,240.61,0,0,2
2026-09-19,70,2026-09-19T06:45:15.255063-05:00,2026-09-19T10:44:57.954922-05:00,239.71,0,1,5
2026-09-19,129,2026-09-19T10:46:24.704214-05:00,2026-09-19T10:47:23.782875-05:00,0.98,1,0,4
2026-09-19,71,2026-09-19T06:45:55.924622-05:00,2026-09-19T10:48:36.056935-05:00,242.67,0,0,6
2026-09-19,131,2026-09-19T10:51:07.355885-05:00,2026-09-19T10:52:16.815033-05:00,1.16,1,0,2
2026-09-19,72,2026-09-19T06:46:18.283787-05:00,2026-09-19T10:54:59.953953-05:00,248.69,0,0,1
2026-09-19,73,2026-09-19T06:46:35.793202-05:00,2026-09-19T10:57:25.071774-05:00,250.82,0,0,3
2026-09-19,74,2026-09-19T06:47:04.484012-05:00,2026-09-19T10:59:08.093724-05:00,252.06,0,0,6
2026-09-19,75,2026-09-19T06:50:30.927562-05:00,2026-09-19T11:00:09.977267-05:00,249.65,0,1,5
2026-09-19,76,2026-09-19T06:52:38.165090-05:00,2026-09-19T11:01:53.343975-05:00,249.25,0,0,1
2026-09-19,77,2026-09-19T06:53:59.585605-05:00,2026-09-19T11:04:34.171604-05:00,250.58,0,1,2
2026-09-19,78,2026-09-19T06:54:23.954982-05:00,2026-09-19T11:06:39.276224-05:00,252.26,0,0,4
2026-09-19,79,2026-09-19T06:57:57.999290-05:00,2026-09-19T11:09:15.094926-05:00,251.28,0,0,5
2026-09-19,80,2026-09-19T07:00:20.875975-05:00,2026-09-19T11:09:26.747024-05:00,249.1,0,0,3
2026-09-19,81,2026-09-19T07:05:14.659662-05:00,2026-09-19T11:10:53.324369-05:00,245.64,0,0,2
2026-09-19,82,2026-09-19T07:07:24.960381-05:00,2026-09-19T11:15:25.184635-05:00,248.0,0,0,6
2026-09-19,83,2026-09-19T07:09:15.802276-05:00,2026-09-19T11:17:34.388039-05:00,248.31,0,0,5
2026-09-19,84,2026-09-19T07:11:48.595439-05:00,2026-09-19T11:19:52.329234-05:00,248.06,0,0,2
2026-09-19,85,2026-09-19T07:12:19.504431-05:00,2026-09-19T11:26:07.824416-05:00,253.81,0,0,5
2026-09-19,87,2026-09-19T07:13:30.417101-05:00,2026-09-19T11:27:42.446325-05:00,254.2,0,1,6
2026-09-19,86,2026-09-19T07:13:44.160071-05:00,2026-09-19T11:28:14.368501-05:00,254.5,0,1,1
2026-09-19,88,2026-09-19T07:17:03.377886-05:00,2026-09-19T11:28:28.651118-05:00,251.42,0,0,4
2026-09-19,89,2026-09-19T07:17:27.594530-05:00,2026-09-19T11:31:18.385650-05:00,253.85,0,0,2
2026-09-19,91,2026-09-19T07:25:41.109029-05:00,2026-09-19T11:32:55.768233-05:00,247.24,0,0,3
2026-09-19,92,2026-09-19T07:37:00.558900-05:00,2026-09-19T11:38:32.845831-05:00,241.54,0,1,4
2026-09-19,93,2026-09-19T07:42:24.465485-05:00,2026-09-19T11:39:07.469804-05:00,236.72,0,0,5
2026-09-19,94,2026-09-19T07:53:49.593069-05:00,2026-09-19T11:39:54.392493-05:00,226.08,0,1,6
2026-09-19,95,2026-09-19T08:04:52.906628-05:00,2026-09-19T11:42:31.776111-05:00,217.65,0,0,1
2026-09-19,139,2026-09-19T11:43:28.743888-05:00,2026-09-19T11:49:02.268995-05:00,5.56,1,0,5
2026-09-19,97,2026-09-19T08:11:14.991908-05:00,2026-09-19T11:49:15.597091-05:00,218.01,0,1,2
2026-09-19,98,2026-09-19T08:16:10.948443-05:00,2026-09-19T11:50:07.490333-05:00,213.94,0,0,3
2026-09-19,99,2026-09-19T08:17:56.058098-05:00,2026-09-19T11:50:53.672224-05:00,212.96,0,0,6
2026-09-19,101,2026-09-19T08:23:34.741207-05:00,2026-09-19T11:50:56.320370-05:00,207.36,0,0,4
2026-09-19,102,2026-09-19T08:28:10.802267-05:00,2026-09-19T11:55:19.292928-05:00,207.14,0,1,1
2026-09-19,103,2026-09-19T08:29:31.318927-05:00,2026-09-19T11:58:31.752032-05:00,209.01,0,0,6
2026-09-19,104,2026-09-19T08:31:34.251870-05:00,2026-09-19T12:01:33.084472-05:00,209.98,0,0,5
2026-09-19,141,2026-09-19T12:01:37.904225-05:00,2026-09-19T12:02:37.373387-05:00,0.99,1,1,4
2026-09-19,105,2026-09-19T08:32:44.386388-05:00,2026-09-19T12:03:50.360829-05:00,211.1,0,0,2
2026-09-19,107,2026-09-19T08:42:10.048476-05:00,2026-09-19T12:05:43.753221-05:00,203.56,0,0,6
2026-09-19,108,2026-09-19T08:46:44.186400-05:00,2026-09-19T12:07:49.304415-05:00,201.09,0,0,3
2026-09-19,109,2026-09-19T08:48:00.447388-05:00,2026-09-19T12:08:32.967787-05:00,200.54,0,1,1
2026-09-19,110,2026-09-19T08:51:21.565280-05:00,2026-09-19T12:12:39.086774-05:00,201.29,0,0,5
2026-09-19,111,2026-09-19T08:52:58.242801-05:00,2026-09-19T12:16:01.286588-05:00,203.05,0,0,2
2026-09-19,142,2026-09-19T12:16:04.220286-05:00,2026-09-19T12:20:51.284033-05:00,4.78,1,1,3
2026-09-19,113,2026-09-19T09:04:46.769632-05:00,2026-09-19T12:22:32.643824-05:00,197.76,0,1,1
2026-09-19,115,2026-09-19T09:12:30.577346-05:00,2026-09-19T12:25:01.201507-05:00,192.51,0,0,6
2026-09-19,116,2026-09-19T09:33:21.321578-05:00,2026-09-19T12:33:02.054897-05:00,179.68,0,0,4
2026-09-19,117,2026-09-19T09:36:15.599013-05:00,2026-09-19T12:33:57.317316-05:00,177.7,0,0,6
2026-09-19,119,2026-09-19T09:44:21.548873-05:00,2026-09-19T12:38:23.442279-05:00,174.03,0,1,1
2026-09-19,121,2026-09-19T09:53:47.771497-05:00,2026-09-19T12:40:12.528464-05:00,166.41,0,1,4
2026-09-19,122,2026-09-19T09:54:33.180839-05:00,2026-09-19T12:44:26.323089-05:00,169.89,0,1,2
2026-09-19,123,2026-09-19T10:04:17.026333-05:00,2026-09-19T12:45:25.410064-05:00,161.14,0,0,3
2026-09-19,124,2026-09-19T10:05:20.195705-05:00,2026-09-19T12:51:23.344081-05:00,166.05,0,0,5
2026-09-19,125,2026-09-19T10:10:04.133532-05:00,2026-09-19T12:52:53.968035-05:00,162.83,0,0,4
2026-09-19,126,2026-09-19T10:19:50.519741-05:00,2026-09-19T12:54:25.922999-05:00,154.59,0,0,1
2026-09-19,127,2026-09-19T10:22:41.662576-05:00,2026-09-19T12:55:29.563380-05:00,152.8,0,1,5
2026-09-19,128,2026-09-19T10:39:35.843623-05:00,2026-09-19T12:58:36.475375-05:00,139.01,0,0,6
2026-09-19,130,2026-09-19T10:48:35.686459-05:00,2026-09-19T13:02:42.254627-05:00,134.11,0,0,5
2026-09-19,132,2026-09-19T11:10:55.604580-05:00,2026-09-19T13:03:42.634574-05:00,112.78,0,0,3
2026-09-19,133,2026-09-19T11:11:45.683600-05:00,2026-09-19T13:07:17.858937-05:00,115.54,0,0,1
2026-09-19,134,2026-09-19T11:17:44.023818-05:00,2026-09-19T13:11:24.521380-05:00,113.67,0,0,6
2026-09-19,135,2026-09-19T11:18:11.325528-05:00,2026-09-19T13:13:47.435706-05:00,115.6,0,0,2
2026-09-19,136,2026-09-19T11:19:53.538054-05:00,2026-09-19T13:14:01.559182-05:00,114.13,0,0,5
2026-09-19,137,2026-09-19T11:24:39.267355-05:00,2026-09-19T13:14:20.852176-05:00,109.69,0,0,3
2026-09-19,138,2026-09-19T11:31:16.208539-05:00,2026-09-19T13:14:34.324728-05:00,103.3,0,0,4
2026-09-19,140,2026-09-19T11:44:27.133894-05:00,2026-09-19T13:21:25.653057-05:00,96.98,0,0,6
2026-09-19,143,2026-09-19T12:18:02.611004-05:00,2026-09-19T13:26:37.491103-05:00,68.58,0,0,2
2026-09-19,144,2026-09-19T12:28:20.883944-05:00,2026-09-19T13:26:44.932969-05:00,58.4,0,1,4
2026-09-19,145,2026-09-19T12:28:59.760772-05:00,2026-09-19T13:27:07.676703-05:00,58.13,0,1,5
