fecha,orden_llegada,t_entrada,t_salida,espera_min,prioridad,acompanantes,consultorio
2026-08-24,27,2026-08-24T06:41:11.986063-05:00,2026-08-24T07:06:00-05:00,24.8,1,1,1
2026-08-24,29,2026-08-24T06:42:55.815382-05:00,2026-08-24T07:06:00-05:00,23.07,1,0,2
2026-08-24,39,2026-08-24T06:49:17.020782-05:00,2026-08-24T07:06:00-05:00,16.72,1,1,3
2026-08-24,56,2026-08-24T07:00:51.357006-05:00,2026-08-24T07:06:00-05:00,5.14,1,0,4
2026-08-24,58,2026-08-24T07:02:20.538158-05:00,2026-08-24T07:06:00-05:00,3.66,1,1,5
2026-08-24,63,2026-08-24T07:03:00.851982-05:00,2026-08-24T07:06:00-05:00,2.99,1,0,6
2026-08-24,65,2026-08-24T07:05:15.236221-05:00,2026-08-24T07:06:00-05:00,0.75,1,0,7
2026-08-24,0,2026-08-24T06:14:20.483973-05:00,2026-08-24T07:06:00-05:00,51.66,0,0,8
2026-08-24,1,2026-08-24T06:16:24.095014-05:00,2026-08-24T07:06:00-05:00,49.6,0,0,9
2026-08-24,2,2026-08-24T06:17:37.501091-05:00,2026-08-24T07:06:00-05:00,48.37,0,0,10
2026-08-24,3,2026-08-24T06:18:19.233403-05:00,2026-08-24T07:11:31.297566-05:00,53.2,0,0,2
2026-08-24,4,2026-08-24T06:18:33.640764-05:00,2026-08-24T07:11:51.294204-05:00,53.29,0,0,10
2026-08-24,5,2026-08-24T06:18:59.695791-05:00,2026-08-24T07:12:35.760790-05:00,53.6,0,1,9
2026-08-24,6,2026-08-24T06:20:03.299800-05:00,2026-08-24T07:14:18.495290-05:00,54.25,0,1,4
2026-08-24,7,2026-08-24T06:20:40.966466-05:00,2026-08-24T07:15:14.763062-05:00,54.56,0,0,7
2026-08-24,9,2026-08-24T06:24:18.195602-05:00,2026-08-24T07:16:54.948260-05:00,52.61,0,0,3
2026-08-24,8,2026-08-24T06:24:22.104980-05:00,2026-08-24T07:19:43.942413-05:00,55.36,0,0,8
2026-08-24,10,2026-08-24T06:24:52.891601-05:00,2026-08-24T07:20:30.527731-05:00,55.63,0,1,5
2026-08-24,79,2026-08-24T07:20:42.416277-05:00,2026-08-24T07:20:43.602489-05:00,0.02,1,0,6
2026-08-24,81,2026-08-24T07:22:37.356646-05:00,2026-08-24T07:22:43.159598-05:00,0.1,1,0,10
2026-08-24,11,2026-08-24T06:25:49.454593-05:00,2026-08-24T07:22:57.554490-05:00,57.13,0,0,2
2026-08-24,12,2026-08-24T06:26:36.760155-05:00,2026-08-24T07:25:16.223835-05:00,58.66,0,0,4
2026-08-24,13,2026-08-24T06:27:43.955334-05:00,2026-08-24T07:27:51.913385-05:00,60.13,0,0,6
2026-08-24,14,2026-08-24T06:28:35.222022-05:00,2026-08-24T07:29:11.103136-05:00,60.6,0,1,1
2026-08-24,15,2026-08-24T06:28:51.736348-05:00,2026-08-24T07:29:38.029464-05:00,60.77,0,0,9
2026-08-24,16,2026-08-24T06:32:04.546967-05:00,2026-08-24T07:30:23.224391-05:00,58.31,0,1,2
2026-08-24,17,2026-08-24T06:33:10.089140-05:00,2026-08-24T07:32:19.138181-05:00,59.15,0,1,8
2026-08-24,18,2026-08-24T06:33:19.365524-05:00,2026-08-24T07:32:25.672019-05:00,59.11,0,0,7
2026-08-24,19,2026-08-24T06:35:26.564970-05:00,2026-08-24T07:32:45.358172-05:00,57.31,0,0,3
2026-08-24,20,2026-08-24T06:35:53.916977-05:00,2026-08-24T07:34:51.590434-05:00,58.96,0,0,6
2026-08-24,21,2026-08-24T06:36:42.298819-05:00,2026-08-24T07:36:23.269639-05:00,59.68,0,1,9
2026-08-24,22,2026-08-24T06:37:14.399179-05:00,2026-08-24T07:36:25.208088-05:00,59.18,0,0,5
2026-08-24,23,2026-08-24T06:37:25.150662-05:00,2026-08-24T07:37:09.509515-05:00,59.74,0,1,1
2026-08-24,24,2026-08-24T06:37:55.969577-05:00,2026-08-24T07:37:49.523080-05:00,59.89,0,0,4
2026-08-24,25,2026-08-24T06:40:38.634463-05:00,2026-08-24T07:38:02.584684-05:00,57.4,0,0,8
2026-08-24,26,2026-08-24T06:41:29.302618-05:00,2026-08-24T07:39:24.975754-05:00,57.93,0,1,10
2026-08-24,28,2026-08-24T06:41:46.236896-05:00,2026-08-24T07:42:58.302692-05:00,61.2,0,0,7
2026-08-24,30,2026-08-24T06:43:39.334197-05:00,2026-08-24T07:46:29.902696-05:00,62.84,0,0,9
2026-08-24,31,2026-08-24T06:44:32.243825-05:00,2026-08-24T07:46:52.200468-05:00,62.33,0,1,3
2026-08-24,32,2026-08-24T06:44:59.580561-05:00,2026-08-24T07:47:35.007634-05:00,62.59,0,0,8
2026-08-24,33,2026-08-24T06:45:55.071519-05:00,2026-08-24T07:47:55.421323-05:00,62.01,0,0,4
2026-08-24,34,2026-08-24T06:46:44.852303-05:00,2026-08-24T07:50:30.176458-05:00,63.76,0,0,2
2026-08-24,35,2026-08-24T06:47:19.895084-05:00,2026-08-24T07:50:37.748309-05:00,63.3,0,0,10
2026-08-24,36,2026-08-24T06:47:54.088806-05:00,2026-08-24T07:51:50.373173-05:00,63.94,0,0,5
2026-08-24,37,2026-08-24T06:48:30.233907-05:00,2026-08-24T07:54:04.556413-05:00,65.57,0,1,7
2026-08-24,38,2026-08-24T06:48:49.505012-05:00,2026-08-24T07:54:17.038926-05:00,65.46,0,0,6
2026-08-24,40,2026-08-24T06:49:19.362549-05:00,2026-08-24T07:55:03.940776-05:00,65.74,0,0,1
2026-08-24,41,2026-08-24T06:50:28.294881-05:00,2026-08-24T07:56:16.385280-05:00,65.8,0,0,4
2026-08-24,42,2026-08-24T06:50:32.272506-05:00,2026-08-24T07:58:36.241226-05:00,68.07,0,0,9
2026-08-24,43,2026-08-24T06:51:15.441474-05:00,2026-08-24T08:00:35.823516-05:00,69.34,0,0,8
2026-08-24,44,2026-08-24T06:51:32.893896-05:00,2026-08-24T08:03:38.726705-05:00,72.1,0,0,4
2026-08-24,46,2026-08-24T06:52:08.725590-05:00,2026-08-24T08:03:58.422637-05:00,71.83,0,1,2
2026-08-24,45,2026-08-24T06:52:11.640824-05:00,2026-08-24T08:04:02.846382-05:00,71.85,0,0,10
2026-08-24,47,2026-08-24T06:52:45.063695-05:00,2026-08-24T08:05:07.006322-05:00,72.37,0,0,7
2026-08-24,48,2026-08-24T06:53:29.234297-05:00,2026-08-24T08:05:20.477206-05:00,71.85,0,1,6
2026-08-24,49,2026-08-24T06:53:47.823690-05:00,2026-08-24T08:05:41.839229-05:00,71.9,0,0,1
2026-08-24,50,2026-08-24T06:54:31.703528-05:00,2026-08-24T08:05:55.960949-05:00,71.4,0,0,5
2026-08-24,51,2026-08-24T06:55:37.152909-05:00,2026-08-24T08:08:57.616762-05:00,73.34,0,0,3
2026-08-24,52,2026-08-24T06:56:53.193675-05:00,2026-08-24T08:12:08.782801-05:00,75.26,0,1,8
2026-08-24,53,2026-08-24T06:59:21.650584-05:00,2026-08-24T08:13:30.620047-05:00,74.15,0,0,6
2026-08-24,54,2026-08-24T06:59:23.925364-05:00,2026-08-24T08:14:29.852413-05:00,75.1,0,0,9
2026-08-24,55,2026-08-24T06:59:33.256156-05:00,2026-08-24T08:14:31.321291-05:00,74.97,0,1,2
2026-08-24,57,2026-08-24T07:01:23.788563-05:00,2026-08-24T08:16:16.602804-05:00,74.88,0,1,4
2026-08-24,60,2026-08-24T07:02:37.683470-05:00,2026-08-24T08:16:47.103888-05:00,74.16,0,0,10
2026-08-24,59,2026-08-24T07:02:37.982786-05:00,2026-08-24T08:18:20.182273-05:00,75.7,0,0,3
2026-08-24,61,2026-08-24T07:02:43.283524-05:00,2026-08-24T08:19:17.224636-05:00,76.57,0,0,8
2026-08-24,62,2026-08-24T07:03:29.839512-05:00,2026-08-24T08:20:08.784339-05:00,76.65,0,1,5
2026-08-24,64,2026-08-24T07:04:39.438892-05:00,2026-08-24T08:22:32.333929-05:00,77.88,0,0,1
2026-08-24,66,2026-08-24T07:05:49.459852-05:00,2026-08-24T08:23:42.783849-05:00,77.89,0,0,6
2026-08-24,108,2026-08-24T08:23:53.952900-05:00,2026-08-24T08:25:06.875165-05:00,1.22,1,1,7
2026-08-24,67,2026-08-24T07:06:56.346888-05:00,2026-08-24T08:26:55.288011-05:00,79.98,0,0,10
2026-08-24,68,2026-08-24T07:07:54.638352-05:00,2026-08-24T08:29:00.225317-05:00,81.09,0,0,2
2026-08-24,69,2026-08-24T07:10:42.234948-05:00,2026-08-24T08:30:17.416946-05:00,79.59,0,0,3
2026-08-24,70,2026-08-24T07:11:44.726248-05:00,2026-08-24T08:32:03.499967-05:00,80.31,0,1,9
2026-08-24,71,2026-08-24T07:12:47.599981-05:00,2026-08-24T08:32:38.605706-05:00,79.85,0,0,6
2026-08-24,73,2026-08-24T07:13:43.643501-05:00,2026-08-24T08:36:35.305965-05:00,82.86,0,0,2
2026-08-24,72,2026-08-24T07:13:53.732305-05:00,2026-08-24T08:37:18.599373-05:00,83.41,0,0,8
2026-08-24,74,2026-08-24T07:14:33.092132-05:00,2026-08-24T08:38:37.284189-05:00,84.07,0,1,1
2026-08-24,75,2026-08-24T07:16:59.393639-05:00,2026-08-24T08:38:38.081328-05:00,81.64,0,0,4
2026-08-24,111,2026-08-24T08:39:22.801178-05:00,2026-08-24T08:39:24.531765-05:00,0.03,1,0,10
2026-08-24,112,2026-08-24T08:40:37.070558-05:00,2026-08-24T08:41:20.143841-05:00,0.72,1,0,5
2026-08-24,76,2026-08-24T07:18:05.158936-05:00,2026-08-24T08:41:54.214602-05:00,83.82,0,1,9
2026-08-24,77,2026-08-24T07:18:30.518020-05:00,2026-08-24T08:43:20.891074-05:00,84.84,0,0,3
2026-08-24,78,2026-08-24T07:20:08.219836-05:00,2026-08-24T08:44:36.477697-05:00,84.47,0,1,6
2026-08-24,80,2026-08-24T07:21:37.753367-05:00,2026-08-24T08:45:59.264401-05:00,84.36,0,1,2
2026-08-24,82,2026-08-24T07:24:04.480643-05:00,2026-08-24T08:46:47.070313-05:00,82.71,0,1,7
2026-08-24,83,2026-08-24T07:26:26.941435-05:00,2026-08-24T08:49:01.800996-05:00,82.58,0,0,4
2026-08-24,84,2026-08-24T07:28:40.171451-05:00,2026-08-24T08:50:43.104171-05:00,82.05,0,1,1
2026-08-24,85,2026-08-24T07:30:56.087214-05:00,2026-08-24T08:51:28.483338-05:00,80.54,0,0,10
2026-08-24,86,2026-08-24T07:32:34.374689-05:00,2026-08-24T08:51:36.418205-05:00,79.03,0,0,8
2026-08-24,87,2026-08-24T07:34:53.191676-05:00,2026-08-24T08:53:55.360555-05:00,79.04,0,0,5
2026-08-24,88,2026-08-24T07:35:35.039692-05:00,2026-08-24T08:53:59.618085-05:00,78.41,0,0,9
2026-08-24,89,2026-08-24T07:36:07.400443-05:00,2026-08-24T08:54:35.685342-05:00,78.47,0,0,2
2026-08-24,90,2026-08-24T07:36:37.053072-05:00,2026-08-24T08:56:27.891453-05:00,79.85,0,1,7
2026-08-24,91,2026-08-24T07:37:07.415564-05:00,2026-08-24T08:57:23.137829-05:00,80.26,0,0,3
2026-08-24,92,2026-08-24T07:39:03.011121-05:00,2026-08-24T09:00:44.069917-05:00,81.68,0,0,1
2026-08-24,93,2026-08-24T07:42:46.985450-05:00,2026-08-24T09:01:39.533718-05:00,78.88,0,1,9
2026-08-24,94,2026-08-24T07:43:38.864928-05:00,2026-08-24T09:01:58.666266-05:00,78.33,0,1,6
2026-08-24,95,2026-08-24T07:47:35.862807-05:00,2026-08-24T09:03:13.948326-05:00,75.63,0,1,5
2026-08-24,96,2026-08-24T07:49:20.298466-05:00,2026-08-24T09:06:28.577062-05:00,77.14,0,0,10
2026-08-24,97,2026-08-24T07:49:41.237658-05:00,2026-08-24T09:08:44.796728-05:00,79.06,0,0,3
2026-08-24,98,2026-08-24T07:53:40.685666-05:00,2026-08-24T09:09:44.902944-05:00,76.07,0,0,1
2026-08-24,99,2026-08-24T07:56:18.809385-05:00,2026-08-24T09:10:36.651884-05:00,74.3,0,1,4
2026-08-24,100,2026-08-24T07:59:21.792939-05:00,2026-08-24T09:10:53.309552-05:00,71.53,0,0,2
2026-08-24,101,2026-08-24T08:00:23.541930-05:00,2026-08-24T09:11:00.734093-05:00,70.62,0,1,5
2026-08-24,102,2026-08-24T08:08:57.167069-05:00,2026-08-24T09:11:04.502833-05:00,62.12,0,1,9
2026-08-24,103,2026-08-24T08:10:53.133954-05:00,2026-08-24T09:11:56.921459-05:00,61.06,0,0,6
2026-08-24,104,2026-08-24T08:15:44.366324-05:00,2026-08-24T09:15:58.402692-05:00,60.23,0,0,8
2026-08-24,105,2026-08-24T08:17:26.539796-05:00,2026-08-24T09:17:46.698611-05:00,60.34,0,1,4
2026-08-24,106,2026-08-24T08:20:40.234756-05:00,2026-08-24T09:18:58.308263-05:00,58.3,0,1,7
2026-08-24,107,2026-08-24T08:23:46.859817-05:00,2026-08-24T09:20:27.090696-05:00,56.67,0,1,9
2026-08-24,109,2026-08-24T08:25:26.881052-05:00,2026-08-24T09:21:02.456926-05:00,55.59,0,0,3
2026-08-24,127,2026-08-24T09:22:07.239731-05:00,2026-08-24T09:22:29.588105-05:00,0.37,1,0,10
2026-08-24,110,2026-08-24T08:32:23.019815-05:00,2026-08-24T09:24:49.817759-05:00,52.45,0,0,1
2026-08-24,113,2026-08-24T08:42:28.783750-05:00,2026-08-24T09:25:28.547572-05:00,43.0,0,0,5
2026-08-24,114,2026-08-24T08:44:21.566977-05:00,2026-08-24T09:25:44.269475-05:00,41.38,0,0,6
2026-08-24,115,2026-08-24T08:50:06.555105-05:00,2026-08-24T09:25:55.192784-05:00,35.81,0,1,2
2026-08-24,116,2026-08-24T08:51:31.304202-05:00,2026-08-24T09:28:36.368437-05:00,37.08,0,1,4
2026-08-24,117,2026-08-24T08:58:20.774729-05:00,2026-08-24T09:29:11.929593-05:00,30.85,0,0,10
2026-08-24,118,2026-08-24T08:58:59.489233-05:00,2026-08-24T09:29:25.409548-05:00,30.43,0,1,8
2026-08-24,119,2026-08-24T09:00:54.873464-05:00,2026-08-24T09:31:13.234663-05:00,30.31,0,1,7
2026-08-24,120,2026-08-24T09:06:40.553350-05:00,2026-08-24T09:31:48.903778-05:00,25.14,0,0,3
2026-08-24,121,2026-08-24T09:10:05.082589-05:00,2026-08-24T09:34:10.454414-05:00,24.09,0,0,9
2026-08-24,122,2026-08-24T09:15:34.018842-05:00,2026-08-24T09:35:45.600474-05:00,20.19,0,0,6
2026-08-24,123,2026-08-24T09:15:44.862816-05:00,2026-08-24T09:37:10.270944-05:00,21.42,0,0,1
2026-08-24,124,2026-08-24T09:16:27.503301-05:00,2026-08-24T09:39:05.710946-05:00,22.64,0,0,7
2026-08-24,125,2026-08-24T09:16:54.556788-05:00,2026-08-24T09:39:18.099415-05:00,22.39,0,1,5
2026-08-24,126,2026-08-24T09:20:28.435664-05:00,2026-08-24T09:39:24.756576-05:00,18.94,0,0,10
2026-08-24,128,2026-08-24T09:34:36.250916-05:00,2026-08-24T09:41:40.472366-05:00,7.07,0,0,2
2026-08-24,129,2026-08-24T09:38:56.767909-05:00,2026-08-24T09:41:57.859229-05:00,3.02,0,1,4
2026-08-24,130,2026-08-24T09:42:44.786090-05:00,2026-08-24T09:42:44.786090-05:00,0.0,1,0,9
2026-08-24,131,2026-08-24T09:44:12.656009-05:00,2026-08-24T09:44:43.990603-05:00,0.52,0,1,8
2026-08-24,132,2026-08-24T09:46:16.800023-05:00,2026-08-24T09:46:16.800023-05:00,0.0,0,1,3
2026-08-24,133,2026-08-24T09:47:39.906415-05:00,2026-08-24T09:48:43.366113-05:00,1.06,1,0,6
2026-08-24,134,2026-08-24T09:48:46.632734-05:00,2026-08-24T09:52:06.964697-05:00,3.34,0,1,7
2026-08-24,135,2026-08-24T09:50:36.501561-05:00,2026-08-24T09:52:34.818092-05:00,1.97,0,1,4
2026-08-24,136,2026-08-24T09:56:35.107635-05:00,2026-08-24T09:56:35.107635-05:00,0.0,0,1,5
2026-08-24,137,2026-08-24T09:57:01.549059-05:00,2026-08-24T09:57:01.549059-05:00,0.0,1,1,8
2026-08-24,138,2026-08-24T09:59:21.400489-05:00,2026-08-24T09:59:21.400489-05:00,0.0,0,1,2
2026-08-24,139,2026-08-24T10:09:07.547924-05:00,2026-08-24T10:09:07.547924-05:00,0.0,0,1,1
2026-08-24,140,2026-08-24T10:14:48.639296-05:00,2026-08-24T10:14:48.639296-05:00,0.0,0,0,2
2026-08-24,141,2026-08-24T10:18:37.871786-05:00,2026-08-24T10:18:37.871786-05:00,0.0,0,0,3
2026-08-24,142,2026-08-24T10:20:13.961169-05:00,2026-08-24T10:20:13.961169-05:00,0.0,0,0,1
2026-08-24,144,2026-08-24T10:26:16.851775-05:00,2026-08-24T10:26:16.851775-05:00,0.0,0,0,2
2026-08-24,143,2026-08-24T10:26:20.820206-05:00,2026-08-24T10:26:20.820206-05:00,0.0,0,0,4
2026-08-24,145,2026-08-24T10:27:30.636372-05:00,2026-08-24T10:27:30.636372-05:00,0.0,0,1,5
2026-08-24,146,2026-08-24T10:33:44.352966-05:00,2026-08-24T10:33:44.352966-05:00,0.0,0,0,3
2026-08-24,147,2026-08-24T10:34:18.161425-05:00,2026-08-24T10:34:18.161425-05:00,0.0,0,0,4
2026-08-24,148,2026-08-24T10:35:21.845114-05:00,2026-08-24T10:35:21.845114-05:00,0.0,0,0,5
2026-08-24,150,2026-08-24T10:36:00.119999-05:00,2026-08-24T10:36:00.119999-05:00,0.0,0,0,2
2026-08-24,149,2026-08-24T10:36:12.405139-05:00,2026-08-24T10:36:12.405139-05:00,0.0,0,1,6
2026-08-24,151,2026-08-24T10:36:48.583335-05:00,2026-08-24T10:36:48.583335-05:00,0.0,0,0,7
2026-08-24,152,2026-08-24T10:38:06.055371-05:00,2026-08-24T10:38:06.055371-05:00,0.0,0,0,8
2026-08-24,153,2026-08-24T10:50:46.746361-05:00,2026-08-24T10:50:46.746361-05:00,0.0,0,0,1
2026-08-24,154,2026-08-24T10:53:29.961886-05:00,2026-08-24T10:53:29.961886-05:00,0.0,0,1,3
2026-08-24,155,2026-08-24T10:56:18.637081-05:00,2026-08-24T10:56:18.637081-05:00,0.0,0,0,4
2026-08-24,156,2026-08-24T10:58:18.623645-05:00,2026-08-24T10:58:18.623645-05:00,0.0,0,0,5
2026-08-24,157,2026-08-24T11:00:38.600908-05:00,2026-08-24T11:00:38.600908-05:00,0.0,0,1,6
2026-08-24,158,2026-08-24T11:01:48.575789-05:00,2026-08-24T11:01:48.575789-05:00,0.0,1,0,7
2026-08-24,159,2026-08-24T11:04:42.188461-05:00,2026-08-24T11:04:42.188461-05:00,0.0,0,1,2
2026-08-24,160,2026-08-24T11:08:09.886159-05:00,2026-08-24T11:08:09.886159-05:00,0.0,0,0,3
2026-08-24,161,2026-08-24T11:21:23.694144-05:00,2026-08-24T11:21:23.694144-05:00,0.0,0,1,1
2026-08-24,162,2026-08-24T11:23:55.991525-05:00,2026-08-24T11:23:55.991525-05:00,0.0,0,0,2
2026-08-24,163,2026-08-24T11:32:24.748424-05:00,2026-08-24T11:32:24.748424-05:00,0.0,0,1,3
2026-08-24,165,2026-08-24T11:34:31.818869-05:00,2026-08-24T11:34:31.818869-05:00,0.0,1,0,4
2026-08-24,164,2026-08-24T11:34:34.555599-05:00,2026-08-24T11:34:34.555599-05:00,0.0,0,0,5
2026-08-24,166,2026-08-24T11:41:11.875965-05:00,2026-08-24T11:41:11.875965-05:00,0.0,0,0,1
2026-08-24,167,2026-08-24T11:44:38.200369-05:00,2026-08-24T11:44:38.200369-05:00,0.0,1,0,2
2026-08-24,168,2026-08-24T11:46:50.177575-05:00,2026-08-24T11:46:50.177575-05:00,0.0,0,0,4
2026-08-24,169,2026-08-24T11:49:00.738227-05:00,2026-08-24T11:49:00.738227-05:00,0.0,0,1,3
2026-08-24,170,2026-08-24T11:50:43.271516-05:00,2026-08-24T11:50:43.271516-05:00,0.0,0,0,5
2026-08-24,171,2026-08-24T12:01:53.743726-05:00,2026-08-24T12:01:53.743726-05:00,0.0,0,0,1
2026-08-24,172,2026-08-24T12:09:40.756761-05:00,2026-08-24T12:09:40.756761-05:00,0.0,0,0,2
2026-08-24,173,2026-08-24T12:14:16.511434-05:00,2026-08-24T12:14:16.511434-05:00,0.0,0,1,3
2026-08-24,174,2026-08-24T12:26:15.942845-05:00,2026-08-24T12:26:15.942845-05:00,0.0,0,1,1
2026-08-25,4,2026-08-25T06:20:24.193058-05:00,2026-08-25T07:06:00-05:00,45.6,1,0,1
2026-08-25,7,2026-08-25T06:24:47.280570-05:00,2026-08-25T07:06:00-05:00,41.21,1,0,2
2026-08-25,17,2026-08-25T06:39:37.862885-05:00,2026-08-25T07:06:00-05:00,26.37,1,0,3
2026-08-25,35,2026-08-25T07:00:04.704299-05:00,2026-08-25T07:06:00-05:00,5.92,1,1,4
2026-08-25,37,2026-08-25T07:00:38.875235-05:00,2026-08-25T07:06:00-05:00,5.35,1,1,5
2026-08-25,46,2026-08-25T07:05:26.313965-05:00,2026-08-25T07:06:00-05:00,0.56,1,0,6
2026-08-25,0,2026-08-25T06:12:17.866215-05:00,2026-08-25T07:06:00-05:00,53.7,0,0,7
2026-08-25,1,2026-08-25T06:13:06.728635-05:00,2026-08-25T07:06:00-05:00,52.89,0,0,8
2026-08-25,2,2026-08-25T06:17:17.488501-05:00,2026-08-25T07:06:00-05:00,48.71,0,1,9
2026-08-25,3,2026-08-25T06:18:38.320850-05:00,2026-08-25T07:06:00-05:00,47.36,0,1,10
2026-08-25,49,2026-08-25T07:09:23.853921-05:00,2026-08-25T07:11:27.079004-05:00,2.05,1,0,5
2026-08-25,51,2026-08-25T07:09:55.839478-05:00,2026-08-25T07:11:55.211981-05:00,1.99,1,0,9
2026-08-25,52,2026-08-25T07:10:08.877277-05:00,2026-08-25T07:12:08.716159-05:00,2.0,1,1,1
2026-08-25,5,2026-08-25T06:20:51.209192-05:00,2026-08-25T07:13:53.926059-05:00,53.05,0,1,8
2026-08-25,6,2026-08-25T06:23:04.817609-05:00,2026-08-25T07:16:31.513830-05:00,53.44,0,0,7
2026-08-25,8,2026-08-25T06:24:51.464893-05:00,2026-08-25T07:17:43.118216-05:00,52.86,0,0,3
2026-08-25,9,2026-08-25T06:26:53.781828-05:00,2026-08-25T07:17:53.514437-05:00,51.0,0,0,2
2026-08-25,10,2026-08-25T06:28:48.347976-05:00,2026-08-25T07:18:20.394778-05:00,49.53,0,1,4
2026-08-25,11,2026-08-25T06:31:19.326799-05:00,2026-08-25T07:18:49.397738-05:00,47.5,0,1,10
2026-08-25,12,2026-08-25T06:31:55.146459-05:00,2026-08-25T07:19:31.660140-05:00,47.61,0,1,1
2026-08-25,13,2026-08-25T06:32:45.766165-05:00,2026-08-25T07:21:45.570356-05:00,49.0,0,0,9
2026-08-25,14,2026-08-25T06:34:40.213734-05:00,2026-08-25T07:23:44.239274-05:00,49.07,0,1,6
2026-08-25,15,2026-08-25T06:35:13.612910-05:00,2026-08-25T07:24:36.685495-05:00,49.38,0,1,5
2026-08-25,16,2026-08-25T06:38:38.740490-05:00,2026-08-25T07:25:21.295960-05:00,46.71,0,0,4
2026-08-25,18,2026-08-25T06:39:53.422710-05:00,2026-08-25T07:26:53.912939-05:00,47.01,0,0,1
2026-08-25,19,2026-08-25T06:41:04.369910-05:00,2026-08-25T07:28:56.693370-05:00,47.87,0,0,2
2026-08-25,21,2026-08-25T06:41:30.498453-05:00,2026-08-25T07:30:37.723483-05:00,49.12,0,1,3
2026-08-25,20,2026-08-25T06:41:58.661527-05:00,2026-08-25T07:30:50.362876-05:00,48.86,0,0,7
2026-08-25,22,2026-08-25T06:43:17.126918-05:00,2026-08-25T07:32:15.932538-05:00,48.98,0,0,10
2026-08-25,23,2026-08-25T06:43:31.832582-05:00,2026-08-25T07:33:00.016594-05:00,49.47,0,0,9
2026-08-25,77,2026-08-25T07:35:03.337066-05:00,2026-08-25T07:35:28.232283-05:00,0.41,1,1,8
2026-08-25,26,2026-08-25T06:47:01.026741-05:00,2026-08-25T07:38:17.714777-05:00,51.28,0,0,2
2026-08-25,25,2026-08-25T06:47:04.426406-05:00,2026-08-25T07:38:44.045047-05:00,51.66,0,0,5
2026-08-25,24,2026-08-25T06:47:11.630409-05:00,2026-08-25T07:38:57.459027-05:00,51.76,0,1,7
2026-08-25,27,2026-08-25T06:48:07.507151-05:00,2026-08-25T07:41:27.685620-05:00,53.34,0,0,4
2026-08-25,28,2026-08-25T06:49:21.963051-05:00,2026-08-25T07:42:13.767277-05:00,52.86,0,0,1
2026-08-25,29,2026-08-25T06:50:17.465897-05:00,2026-08-25T07:42:55.721383-05:00,52.64,0,0,8
2026-08-25,30,2026-08-25T06:51:39.586611-05:00,2026-08-25T07:43:50.158699-05:00,52.18,0,0,10
2026-08-25,31,2026-08-25T06:53:44.113078-05:00,2026-08-25T07:46:45.061579-05:00,53.02,0,0,9
2026-08-25,33,2026-08-25T06:54:15.783812-05:00,2026-08-25T07:47:25.702606-05:00,53.17,0,0,5
2026-08-25,32,2026-08-25T06:54:18.337442-05:00,2026-08-25T07:48:28.008164-05:00,54.16,0,1,6
2026-08-25,34,2026-08-25T06:57:11.971709-05:00,2026-08-25T07:52:29.466648-05:00,55.29,0,1,10
2026-08-25,36,2026-08-25T07:00:46.248028-05:00,2026-08-25T07:54:52.155478-05:00,54.1,0,1,1
2026-08-25,38,2026-08-25T07:01:13.973757-05:00,2026-08-25T07:55:12.645200-05:00,53.98,0,0,2
2026-08-25,39,2026-08-25T07:01:36.447919-05:00,2026-08-25T07:55:40.420146-05:00,54.07,0,1,7
2026-08-25,40,2026-08-25T07:01:37.165604-05:00,2026-08-25T07:59:10.280842-05:00,57.55,0,0,4
2026-08-25,41,2026-08-25T07:02:16.217016-05:00,2026-08-25T08:00:38.592986-05:00,58.37,0,0,1
2026-08-25,42,2026-08-25T07:02:56.976993-05:00,2026-08-25T08:01:51.512942-05:00,58.91,0,0,9
2026-08-25,43,2026-08-25T07:03:45.346149-05:00,2026-08-25T08:02:55.688797-05:00,59.17,0,0,8
2026-08-25,44,2026-08-25T07:03:47.769819-05:00,2026-08-25T08:03:55.612753-05:00,60.13,0,0,10
2026-08-25,45,2026-08-25T07:04:58.616513-05:00,2026-08-25T08:04:12.695833-05:00,59.23,0,0,5
2026-08-25,47,2026-08-25T07:07:34.756996-05:00,2026-08-25T08:06:07.015369-05:00,58.54,0,0,3
2026-08-25,48,2026-08-25T07:08:54.404091-05:00,2026-08-25T08:09:35.057450-05:00,60.68,0,0,2
2026-08-25,50,2026-08-25T07:09:10.754393-05:00,2026-08-25T08:10:14.956329-05:00,61.07,0,0,4
2026-08-25,53,2026-08-25T07:11:35.291507-05:00,2026-08-25T08:10:20.289035-05:00,58.75,0,1,6
2026-08-25,98,2026-08-25T08:10:55.866395-05:00,2026-08-25T08:11:11.316703-05:00,0.26,1,0,1
2026-08-25,54,2026-08-25T07:13:28.539251-05:00,2026-08-25T08:11:57.223376-05:00,58.48,0,0,3
2026-08-25,55,2026-08-25T07:15:17.242961-05:00,2026-08-25T08:12:44.724647-05:00,57.46,0,0,8
2026-08-25,56,2026-08-25T07:16:17.867078-05:00,2026-08-25T08:12:59.637768-05:00,56.7,0,1,9
2026-08-25,57,2026-08-25T07:16:55.683699-05:00,2026-08-25T08:16:37.728773-05:00,59.7,0,0,5
2026-08-25,58,2026-08-25T07:18:23.502894-05:00,2026-08-25T08:17:21.553127-05:00,58.97,0,1,3
2026-08-25,59,2026-08-25T07:18:32.367398-05:00,2026-08-25T08:18:34.380478-05:00,60.03,0,1,6
2026-08-25,102,2026-08-25T08:20:02.017677-05:00,2026-08-25T08:20:50.013326-05:00,0.8,1,0,7
2026-08-25,60,2026-08-25T07:18:42.915562-05:00,2026-08-25T08:21:18.221771-05:00,62.59,0,1,8
2026-08-25,61,2026-08-25T07:19:21.349311-05:00,2026-08-25T08:22:00.209273-05:00,62.65,0,0,4
2026-08-25,62,2026-08-25T07:19:47.200477-05:00,2026-08-25T08:24:14.619574-05:00,64.46,0,1,5
2026-08-25,64,2026-08-25T07:20:51.501577-05:00,2026-08-25T08:24:38.770551-05:00,63.79,0,1,9
2026-08-25,63,2026-08-25T07:20:54.502086-05:00,2026-08-25T08:24:40.906709-05:00,63.77,0,0,2
2026-08-25,65,2026-08-25T07:21:44.825653-05:00,2026-08-25T08:24:49.750632-05:00,63.08,0,1,10
2026-08-25,66,2026-08-25T07:22:45.418990-05:00,2026-08-25T08:28:22.944712-05:00,65.63,0,0,6
2026-08-25,67,2026-08-25T07:24:24.267304-05:00,2026-08-25T08:29:48.567856-05:00,65.41,0,0,7
2026-08-25,68,2026-08-25T07:24:49.817802-05:00,2026-08-25T08:32:36.867561-05:00,67.78,0,0,2
2026-08-25,70,2026-08-25T07:26:39.511160-05:00,2026-08-25T08:34:22.111874-05:00,67.71,0,0,3
2026-08-25,69,2026-08-25T07:26:50.096848-05:00,2026-08-25T08:34:39.991860-05:00,67.83,0,0,8
2026-08-25,71,2026-08-25T07:28:21.561764-05:00,2026-08-25T08:34:45.207443-05:00,66.39,0,0,4
2026-08-25,72,2026-08-25T07:32:54.359560-05:00,2026-08-25T08:35:14.651863-05:00,62.34,0,0,1
2026-08-25,73,2026-08-25T07:33:49.491503-05:00,2026-08-25T08:37:49.233424-05:00,64.0,0,1,7
2026-08-25,75,2026-08-25T07:34:10.299158-05:00,2026-08-25T08:40:34.180401-05:00,66.4,0,0,6
2026-08-25,74,2026-08-25T07:34:18.578019-05:00,2026-08-25T08:41:53.377374-05:00,67.58,0,0,2
2026-08-25,76,2026-08-25T07:34:30.548892-05:00,2026-08-25T08:43:33.944003-05:00,69.06,0,0,3
2026-08-25,78,2026-08-25T07:35:34.117564-05:00,2026-08-25T08:43:44.045788-05:00,68.17,0,1,7
2026-08-25,79,2026-08-25T07:36:58.802349-05:00,2026-08-25T08:43:49.509788-05:00,66.85,0,1,9
2026-08-25,80,2026-08-25T07:38:20.699970-05:00,2026-08-25T08:43:50.613420-05:00,65.5,0,0,4
2026-08-25,81,2026-08-25T07:38:30.110921-05:00,2026-08-25T08:45:15.445202-05:00,66.76,0,0,10
2026-08-25,82,2026-08-25T07:38:54.194735-05:00,2026-08-25T08:48:24.867579-05:00,69.51,0,1,8
2026-08-25,83,2026-08-25T07:39:21.785504-05:00,2026-08-25T08:49:24.966914-05:00,70.05,0,1,7
2026-08-25,84,2026-08-25T07:39:55.023009-05:00,2026-08-25T08:49:53.782760-05:00,69.98,0,0,5
2026-08-25,85,2026-08-25T07:40:35.952130-05:00,2026-08-25T08:50:07.442586-05:00,69.52,0,0,6
2026-08-25,86,2026-08-25T07:41:33.731609-05:00,2026-08-25T08:51:37.275219-05:00,70.06,0,1,4
2026-08-25,87,2026-08-25T07:43:26.526072-05:00,2026-08-25T08:54:19.904031-05:00,70.89,0,0,1
2026-08-25,88,2026-08-25T07:43:59.916139-05:00,2026-08-25T08:55:08.664936-05:00,71.15,0,1,9
2026-08-25,89,2026-08-25T07:51:58.340106-05:00,2026-08-25T08:55:16.288822-05:00,63.3,0,0,3
2026-08-25,90,2026-08-25T07:53:12.848137-05:00,2026-08-25T08:58:08.845645-05:00,64.93,0,0,4
2026-08-25,91,2026-08-25T07:55:10.532204-05:00,2026-08-25T08:59:06.281846-05:00,63.93,0,1,2
2026-08-25,92,2026-08-25T07:55:51.328531-05:00,2026-08-25T08:59:39.957844-05:00,63.81,0,0,7
2026-08-25,93,2026-08-25T07:56:05.686677-05:00,2026-08-25T09:01:31.912436-05:00,65.44,0,1,1
2026-08-25,94,2026-08-25T07:56:09.220779-05:00,2026-08-25T09:01:56.921744-05:00,65.8,0,0,3
2026-08-25,95,2026-08-25T07:56:45.229691-05:00,2026-08-25T09:01:57.567402-05:00,65.21,0,1,8
2026-08-25,96,2026-08-25T08:05:15.547312-05:00,2026-08-25T09:03:48.477143-05:00,58.55,0,1,10
2026-08-25,97,2026-08-25T08:09:56.139772-05:00,2026-08-25T09:04:19.679352-05:00,54.39,0,1,9
2026-08-25,99,2026-08-25T08:11:01.363058-05:00,2026-08-25T09:05:46.755182-05:00,54.76,0,0,4
2026-08-25,100,2026-08-25T08:18:02.766914-05:00,2026-08-25T09:07:54.794700-05:00,49.87,0,0,2
2026-08-25,101,2026-08-25T08:18:34.425347-05:00,2026-08-25T09:09:38.239450-05:00,51.06,0,0,5
2026-08-25,103,2026-08-25T08:20:12.216417-05:00,2026-08-25T09:11:01.771670-05:00,50.83,0,0,7
2026-08-25,104,2026-08-25T08:20:44.847352-05:00,2026-08-25T09:13:18.710343-05:00,52.56,0,0,6
2026-08-25,105,2026-08-25T08:20:45.800418-05:00,2026-08-25T09:15:55.971197-05:00,55.17,0,1,8
2026-08-25,106,2026-08-25T08:22:48.052927-05:00,2026-08-25T09:17:16.460665-05:00,54.47,0,0,3
2026-08-25,107,2026-08-25T08:27:17.232163-05:00,2026-08-25T09:17:31.009597-05:00,50.23,0,1,9
2026-08-25,108,2026-08-25T08:29:04.364045-05:00,2026-08-25T09:18:14.754624-05:00,49.17,0,0,4
2026-08-25,109,2026-08-25T08:35:47.765435-05:00,2026-08-25T09:21:40.788348-05:00,45.88,0,1,1
2026-08-25,110,2026-08-25T08:47:41.504023-05:00,2026-08-25T09:22:56.434511-05:00,35.25,0,0,10
2026-08-25,111,2026-08-25T08:47:58.395523-05:00,2026-08-25T09:25:35.285219-05:00,37.61,0,1,5
2026-08-25,112,2026-08-25T08:49:20.354468-05:00,2026-08-25T09:26:02.474002-05:00,36.7,0,0,7
2026-08-25,113,2026-08-25T08:52:28.830985-05:00,2026-08-25T09:26:03.909893-05:00,33.58,0,0,8
2026-08-25,114,2026-08-25T08:56:09.778501-05:00,2026-08-25T09:27:14.889612-05:00,31.09,0,0,3
2026-08-25,115,2026-08-25T08:56:29.297317-05:00,2026-08-25T09:29:11.841379-05:00,32.71,0,0,9
2026-08-25,116,2026-08-25T09:02:38.613052-05:00,2026-08-25T09:29:55.042287-05:00,27.27,0,0,7
2026-08-25,117,2026-08-25T09:07:43.404758-05:00,2026-08-25T09:29:59.624026-05:00,22.27,0,0,2
2026-08-25,118,2026-08-25T09:14:44.791359-05:00,2026-08-25T09:31:24.233869-05:00,16.66,0,0,4
2026-08-25,119,2026-08-25T09:20:33.583787-05:00,2026-08-25T09:32:11.920744-05:00,11.64,0,0,1
2026-08-25,120,2026-08-25T09:20:35.418775-05:00,2026-08-25T09:34:50.290907-05:00,14.25,0,0,10
2026-08-25,121,2026-08-25T09:25:10.774709-05:00,2026-08-25T09:38:10.409174-05:00,12.99,0,0,6
2026-08-25,122,2026-08-25T09:35:08.114210-05:00,2026-08-25T09:39:05.957922-05:00,3.96,0,0,4
2026-08-25,123,2026-08-25T09:36:26.632170-05:00,2026-08-25T09:39:39.119965-05:00,3.21,0,0,3
2026-08-25,124,2026-08-25T09:41:28.019523-05:00,2026-08-25T09:41:28.019523-05:00,0.0,0,0,1
2026-08-25,125,2026-08-25T09:51:40.570557-05:00,2026-08-25T09:51:40.570557-05:00,0.0,0,0,2
2026-08-25,126,2026-08-25T09:58:48.140997-05:00,2026-08-25T09:58:48.140997-05:00,0.0,0,1,1
2026-08-25,127,2026-08-25T10:00:53.722254-05:00,2026-08-25T10:00:53.722254-05:00,0.0,0,0,2
2026-08-25,128,2026-08-25T10:05:16.056212-05:00,2026-08-25T10:05:16.056212-05:00,0.0,0,0,1
2026-08-25,129,2026-08-25T10:06:05.811509-05:00,2026-08-25T10:06:05.811509-05:00,0.0,0,1,3
2026-08-25,130,2026-08-25T10:09:37.092617-05:00,2026-08-25T10:09:37.092617-05:00,0.0,1,0,4
2026-08-25,131,2026-08-25T10:14:40.689502-05:00,2026-08-25T10:14:40.689502-05:00,0.0,0,1,5
2026-08-25,132,2026-08-25T10:18:10.363668-05:00,2026-08-25T10:18:10.363668-05:00,0.0,1,0,1
2026-08-25,133,2026-08-25T10:19:20.425722-05:00,2026-08-25T10:19:20.425722-05:00,0.0,0,0,2
2026-08-25,134,2026-08-25T10:23:26.849689-05:00,2026-08-25T10:23:26.849689-05:00,0.0,1,0,4
2026-08-25,135,2026-08-25T10:24:02.582261-05:00,2026-08-25T10:24:02.582261-05:00,0.0,0,0,6
2026-08-25,137,2026-08-25T10:25:19.504500-05:00,2026-08-25T10:25:19.504500-05:00,0.0,0,1,1
2026-08-25,136,2026-08-25T10:25:21.552542-05:00,2026-08-25T10:25:21.552542-05:00,0.0,1,0,7
2026-08-25,138,2026-08-25T10:26:50.867268-05:00,2026-08-25T10:26:50.867268-05:00,0.0,1,1,3
2026-08-25,139,2026-08-25T10:31:10.903434-05:00,2026-08-25T10:31:10.903434-05:00,0.0,0,0,2
2026-08-25,140,2026-08-25T10:38:07.403615-05:00,2026-08-25T10:38:07.403615-05:00,0.0,1,1,2
2026-08-25,141,2026-08-25T10:39:58.501494-05:00,2026-08-25T10:39:58.501494-05:00,0.0,0,1,4
2026-08-25,142,2026-08-25T10:44:09.890440-05:00,2026-08-25T10:44:09.890440-05:00,0.0,1,0,1
2026-08-25,143,2026-08-25T10:46:40.495042-05:00,2026-08-25T10:46:40.495042-05:00,0.0,0,1,3
2026-08-25,144,2026-08-25T10:48:55.775830-05:00,2026-08-25T10:48:55.775830-05:00,0.0,0,1,2
2026-08-25,145,2026-08-25T10:50:27.343420-05:00,2026-08-25T10:50:27.343420-05:00,0.0,0,0,5
2026-08-25,146,2026-08-25T10:56:15.551966-05:00,2026-08-25T10:56:15.551966-05:00,0.0,0,0,1
2026-08-25,147,2026-08-25T11:03:16.795868-05:00,2026-08-25T11:03:16.795868-05:00,0.0,0,0,2
2026-08-25,148,2026-08-25T11:04:49.298972-05:00,2026-08-25T11:04:49.298972-05:00,0.0,1,0,3
2026-08-25,149,2026-08-25T11:13:10.214699-05:00,2026-08-25T11:13:10.214699-05:00,0.0,0,1,1
2026-08-25,150,2026-08-25T11:22:42.005130-05:00,2026-08-25T11:22:42.005130-05:00,0.0,0,0,2
2026-08-25,151,2026-08-25T11:25:42.890699-05:00,2026-08-25T11:25:42.890699-05:00,0.0,0,1,1
2026-08-25,152,2026-08-25T11:29:48.700401-05:00,2026-08-25T11:29:48.700401-05:00,0.0,0,1,2
2026-08-25,153,2026-08-25T11:33:39.166239-05:00,2026-08-25T11:33:39.166239-05:00,0.0,1,0,3
2026-08-25,154,2026-08-25T11:43:24.997808-05:00,2026-08-25T11:43:24.997808-05:00,0.0,0,0,1
2026-08-25,155,2026-08-25T11:46:41.381870-05:00,2026-08-25T11:46:41.381870-05:00,0.0,0,0,2
2026-08-25,156,2026-08-25T11:49:45.164645-05:00,2026-08-25T11:49:45.164645-05:00,0.0,0,0,4
2026-08-25,157,2026-08-25T11:50:25.519442-05:00,2026-08-25T11:50:25.519442-05:00,0.0,0,0,5
2026-08-25,158,2026-08-25T11:52:05.981057-05:00,2026-08-25T11:52:05.981057-05:00,0.0,0,0,6
2026-08-25,159,2026-08-25T11:52:41.131270-05:00,2026-08-25T11:52:41.131270-05:00,0.0,0,1,7
2026-08-25,160,2026-08-25T11:57:59.638590-05:00,2026-08-25T11:57:59.638590-05:00,0.0,0,0,1
2026-08-25,161,2026-08-25T12:20:27.650878-05:00,2026-08-25T12:20:27.650878-05:00,0.0,0,0,1
2026-08-26,3,2026-08-26T06:17:12.330960-05:00,2026-08-26T07:06:00-05:00,48.79,1,1,1
2026-08-26,5,2026-08-26T06:22:41.863818-05:00,2026-08-26T07:06:00-05:00,43.3,1,0,2
2026-08-26,14,2026-08-26T06:33:12.030320-05:00,2026-08-26T07:06:00-05:00,32.8,1,0,3
2026-08-26,19,2026-08-26T06:43:37.221952-05:00,2026-08-26T07:06:00-05:00,22.38,1,0,4
2026-08-26,21,2026-08-26T06:45:00.490474-05:00,2026-08-26T07:06:00-05:00,20.99,1,1,5
2026-08-26,27,2026-08-26T06:51:11.186081-05:00,2026-08-26T07:06:00-05:00,14.81,1,0,6
2026-08-26,28,2026-08-26T06:51:12.166806-05:00,2026-08-26T07:06:00-05:00,14.8,1,0,7
2026-08-26,42,2026-08-26T07:02:45.283009-05:00,2026-08-26T07:06:00-05:00,3.25,1,1,8
2026-08-26,0,2026-08-26T06:14:17.009574-05:00,2026-08-26T07:06:00-05:00,51.72,0,1,9
2026-08-26,1,2026-08-26T06:14:59.498036-05:00,2026-08-26T07:06:00-05:00,51.01,0,0,10
2026-08-26,46,2026-08-26T07:06:33.484438-05:00,2026-08-26T07:13:15.651216-05:00,6.7,1,1,6
2026-08-26,2,2026-08-26T06:16:36.736287-05:00,2026-08-26T07:15:03.080766-05:00,58.44,0,1,4
2026-08-26,4,2026-08-26T06:17:03.074434-05:00,2026-08-26T07:15:26.886645-05:00,58.4,0,1,9
2026-08-26,61,2026-08-26T07:15:28.138812-05:00,2026-08-26T07:17:24.266857-05:00,1.94,1,0,3
2026-08-26,6,2026-08-26T06:23:36.504045-05:00,2026-08-26T07:17:35.781556-05:00,53.99,0,0,1
2026-08-26,7,2026-08-26T06:24:26.923928-05:00,2026-08-26T07:18:12.240904-05:00,53.76,0,0,5
2026-08-26,8,2026-08-26T06:24:57.886131-05:00,2026-08-26T07:19:22.526123-05:00,54.41,0,0,2
2026-08-26,9,2026-08-26T06:28:02.887800-05:00,2026-08-26T07:20:50.057491-05:00,52.79,0,1,6
2026-08-26,10,2026-08-26T06:29:45.713974-05:00,2026-08-26T07:21:07.811480-05:00,51.37,0,0,8
2026-08-26,11,2026-08-26T06:30:01.031582-05:00,2026-08-26T07:21:30.249249-05:00,51.49,0,0,7
2026-08-26,68,2026-08-26T07:21:47.721914-05:00,2026-08-26T07:22:55.968290-05:00,1.14,1,0,10
2026-08-26,12,2026-08-26T06:32:01.168031-05:00,2026-08-26T07:25:31.695002-05:00,53.51,0,0,3
2026-08-26,13,2026-08-26T06:32:37.372336-05:00,2026-08-26T07:26:03.868124-05:00,53.44,0,0,9
2026-08-26,15,2026-08-26T06:35:33.043179-05:00,2026-08-26T07:26:28.610512-05:00,50.93,0,1,4
2026-08-26,16,2026-08-26T06:38:50.727482-05:00,2026-08-26T07:26:45.240579-05:00,47.91,0,1,2
2026-08-26,17,2026-08-26T06:39:04.987513-05:00,2026-08-26T07:29:01.895599-05:00,49.95,0,1,5
2026-08-26,75,2026-08-26T07:29:08.476407-05:00,2026-08-26T07:34:30.759488-05:00,5.37,1,1,8
2026-08-26,79,2026-08-26T07:30:05.603753-05:00,2026-08-26T07:34:58.397611-05:00,4.88,1,0,1
2026-08-26,83,2026-08-26T07:33:19.855234-05:00,2026-08-26T07:35:12.683361-05:00,1.88,1,0,2
2026-08-26,18,2026-08-26T06:39:43.395058-05:00,2026-08-26T07:36:08.291877-05:00,56.41,0,0,9
2026-08-26,20,2026-08-26T06:45:06.670320-05:00,2026-08-26T07:37:31.811516-05:00,52.42,0,0,6
2026-08-26,22,2026-08-26T06:46:31.149141-05:00,2026-08-26T07:37:38.353626-05:00,51.12,0,0,7
2026-08-26,23,2026-08-26T06:47:21.143954-05:00,2026-08-26T07:38:11.479822-05:00,50.84,0,1,4
2026-08-26,24,2026-08-26T06:48:15.437295-05:00,2026-08-26T07:39:36.031784-05:00,51.34,0,0,5
2026-08-26,25,2026-08-26T06:48:50.953442-05:00,2026-08-26T07:43:52.986316-05:00,55.03,0,0,2
2026-08-26,26,2026-08-26T06:49:20.535826-05:00,2026-08-26T07:44:36.304465-05:00,55.26,0,1,3
2026-08-26,29,2026-08-26T06:52:37.148746-05:00,2026-08-26T07:45:05.517428-05:00,52.47,0,0,10
2026-08-26,30,2026-08-26T06:53:37.528057-05:00,2026-08-26T07:46:03.061222-05:00,52.43,0,0,8
2026-08-26,32,2026-08-26T06:54:10.849696-05:00,2026-08-26T07:46:11.906980-05:00,52.02,0,1,6
2026-08-26,31,2026-08-26T06:54:19.882922-05:00,2026-08-26T07:46:54.156076-05:00,52.57,0,0,5
2026-08-26,90,2026-08-26T07:49:48.701634-05:00,2026-08-26T07:51:47.411460-05:00,1.98,1,0,10
2026-08-26,92,2026-08-26T07:50:54.406442-05:00,2026-08-26T07:53:36.814350-05:00,2.71,1,0,9
2026-08-26,33,2026-08-26T06:55:38.746975-05:00,2026-08-26T07:53:57.054226-05:00,58.31,0,0,7
2026-08-26,35,2026-08-26T06:55:41.357513-05:00,2026-08-26T07:54:12.961478-05:00,58.53,0,0,3
2026-08-26,34,2026-08-26T06:55:42.505357-05:00,2026-08-26T07:54:45.525626-05:00,59.05,0,0,4
2026-08-26,36,2026-08-26T06:57:30.789370-05:00,2026-08-26T07:55:05.442280-05:00,57.58,0,0,6
2026-08-26,37,2026-08-26T06:58:33.190858-05:00,2026-08-26T07:57:08.447605-05:00,58.59,0,0,1
2026-08-26,38,2026-08-26T06:59:29.140807-05:00,2026-08-26T07:58:29.855822-05:00,59.01,0,0,2
2026-08-26,39,2026-08-26T06:59:38.822614-05:00,2026-08-26T07:58:55.480900-05:00,59.28,0,0,8
2026-08-26,95,2026-08-26T08:00:48.826219-05:00,2026-08-26T08:03:23.309836-05:00,2.57,1,0,9
2026-08-26,40,2026-08-26T07:00:20.808348-05:00,2026-08-26T08:03:31.868077-05:00,63.18,0,1,10
2026-08-26,41,2026-08-26T07:01:52.082387-05:00,2026-08-26T08:04:04.579896-05:00,62.21,0,0,3
2026-08-26,43,2026-08-26T07:02:39.932920-05:00,2026-08-26T08:04:42.142742-05:00,62.04,0,0,6
2026-08-26,44,2026-08-26T07:05:36.487770-05:00,2026-08-26T08:05:10.436901-05:00,59.57,0,1,5
2026-08-26,45,2026-08-26T07:06:35.764207-05:00,2026-08-26T08:06:10.162763-05:00,59.57,0,1,1
2026-08-26,47,2026-08-26T07:06:58.871625-05:00,2026-08-26T08:07:01.039868-05:00,60.04,0,0,4
2026-08-26,48,2026-08-26T07:07:25.363871-05:00,2026-08-26T08:07:15.823816-05:00,59.84,0,0,2
2026-08-26,50,2026-08-26T07:08:01.822091-05:00,2026-08-26T08:09:06.862061-05:00,61.08,0,1,7
2026-08-26,51,2026-08-26T07:08:03.758574-05:00,2026-08-26T08:11:22.271992-05:00,63.31,0,0,8
2026-08-26,49,2026-08-26T07:08:11.126235-05:00,2026-08-26T08:14:04.464547-05:00,65.89,0,0,5
2026-08-26,52,2026-08-26T07:08:57.651360-05:00,2026-08-26T08:14:51.936854-05:00,65.9,0,0,3
2026-08-26,97,2026-08-26T08:17:40.148085-05:00,2026-08-26T08:18:01.876823-05:00,0.36,1,0,10
2026-08-26,53,2026-08-26T07:09:01.127115-05:00,2026-08-26T08:19:17.140013-05:00,70.27,0,0,2
2026-08-26,54,2026-08-26T07:10:34.134892-05:00,2026-08-26T08:20:26.697181-05:00,69.88,0,0,8
2026-08-26,55,2026-08-26T07:11:52.295814-05:00,2026-08-26T08:20:50.751178-05:00,68.97,0,0,7
2026-08-26,56,2026-08-26T07:12:02.832247-05:00,2026-08-26T08:22:35.618452-05:00,70.55,0,0,6
2026-08-26,58,2026-08-26T07:13:02.260802-05:00,2026-08-26T08:22:59.255761-05:00,69.95,0,1,1
2026-08-26,57,2026-08-26T07:13:04.230189-05:00,2026-08-26T08:24:43.754540-05:00,71.66,0,1,4
2026-08-26,59,2026-08-26T07:14:21.894178-05:00,2026-08-26T08:27:50.331331-05:00,73.47,0,1,2
2026-08-26,60,2026-08-26T07:14:28.351855-05:00,2026-08-26T08:28:29.671325-05:00,74.02,0,1,3
2026-08-26,62,2026-08-26T07:15:39.926609-05:00,2026-08-26T08:28:39.627772-05:00,73.0,0,1,9
2026-08-26,63,2026-08-26T07:16:54.046732-05:00,2026-08-26T08:29:01.788498-05:00,72.13,0,0,5
2026-08-26,64,2026-08-26T07:18:53.587290-05:00,2026-08-26T08:30:17.094057-05:00,71.39,0,0,10
2026-08-26,65,2026-08-26T07:19:37.827688-05:00,2026-08-26T08:31:31.133723-05:00,71.89,0,1,7
2026-08-26,66,2026-08-26T07:20:50.763288-05:00,2026-08-26T08:34:17.836769-05:00,73.45,0,1,9
2026-08-26,67,2026-08-26T07:21:08.289008-05:00,2026-08-26T08:37:51.945663-05:00,76.73,0,0,7
2026-08-26,69,2026-08-26T07:22:25.015110-05:00,2026-08-26T08:38:17.630758-05:00,75.88,0,1,8
2026-08-26,70,2026-08-26T07:23:50.818775-05:00,2026-08-26T08:39:53.295184-05:00,76.04,0,0,4
2026-08-26,72,2026-08-26T07:24:07.440015-05:00,2026-08-26T08:40:10.250222-05:00,76.05,0,1,1
2026-08-26,102,2026-08-26T08:40:36.894469-05:00,2026-08-26T08:40:45.031312-05:00,0.14,1,0,3
2026-08-26,71,2026-08-26T07:24:12.178549-05:00,2026-08-26T08:41:09.076757-05:00,76.95,0,0,6
2026-08-26,73,2026-08-26T07:24:26.494271-05:00,2026-08-26T08:42:17.306551-05:00,77.85,0,0,10
2026-08-26,74,2026-08-26T07:26:10.903910-05:00,2026-08-26T08:43:25.018316-05:00,77.24,0,1,5
2026-08-26,76,2026-08-26T07:29:40.864988-05:00,2026-08-26T08:43:55.755728-05:00,74.25,0,0,2
2026-08-26,78,2026-08-26T07:30:09.135435-05:00,2026-08-26T08:44:16.524507-05:00,74.12,0,0,9
2026-08-26,77,2026-08-26T07:30:28.154578-05:00,2026-08-26T08:44:49.046864-05:00,74.35,0,1,7
2026-08-26,80,2026-08-26T07:30:49.323976-05:00,2026-08-26T08:49:15.824781-05:00,78.44,0,0,6
2026-08-26,81,2026-08-26T07:31:33.467976-05:00,2026-08-26T08:50:42.160953-05:00,79.14,0,0,4
2026-08-26,82,2026-08-26T07:32:26.550633-05:00,2026-08-26T08:54:53.510629-05:00,82.45,0,0,3
2026-08-26,84,2026-08-26T07:33:28.195867-05:00,2026-08-26T08:55:45.844104-05:00,82.29,0,0,7
2026-08-26,85,2026-08-26T07:34:25.734570-05:00,2026-08-26T08:56:05.417804-05:00,81.66,0,1,9
2026-08-26,86,2026-08-26T07:35:53.928224-05:00,2026-08-26T08:56:11.398611-05:00,80.29,0,1,5
2026-08-26,87,2026-08-26T07:42:49.834858-05:00,2026-08-26T08:56:20.731856-05:00,73.51,0,1,1
2026-08-26,88,2026-08-26T07:43:02.322143-05:00,2026-08-26T08:57:36.217726-05:00,74.56,0,0,2
2026-08-26,89,2026-08-26T07:43:27.053115-05:00,2026-08-26T08:58:23.628917-05:00,74.94,0,1,8
2026-08-26,91,2026-08-26T07:50:18.946298-05:00,2026-08-26T09:00:09.555257-05:00,69.84,0,1,5
2026-08-26,93,2026-08-26T07:54:48.549100-05:00,2026-08-26T09:00:43.260095-05:00,65.91,0,0,6
2026-08-26,94,2026-08-26T07:56:55.619229-05:00,2026-08-26T09:06:34.707535-05:00,69.65,0,0,9
2026-08-26,96,2026-08-26T08:17:16.427098-05:00,2026-08-26T09:07:19.317053-05:00,50.05,0,1,3
2026-08-26,98,2026-08-26T08:18:29.821147-05:00,2026-08-26T09:08:22.711427-05:00,49.88,0,1,1
2026-08-26,99,2026-08-26T08:27:44.248932-05:00,2026-08-26T09:08:34.617741-05:00,40.84,0,0,10
2026-08-26,100,2026-08-26T08:29:40.294759-05:00,2026-08-26T09:08:51.055337-05:00,39.18,0,1,2
2026-08-26,101,2026-08-26T08:32:42.210783-05:00,2026-08-26T09:09:19.930534-05:00,36.63,0,0,4
2026-08-26,103,2026-08-26T08:41:20.331870-05:00,2026-08-26T09:10:06.487955-05:00,28.77,0,0,8
2026-08-26,104,2026-08-26T08:41:58.910019-05:00,2026-08-26T09:10:13.162862-05:00,28.24,0,0,5
2026-08-26,108,2026-08-26T09:10:38.082524-05:00,2026-08-26T09:13:16.675211-05:00,2.64,1,0,3
2026-08-26,105,2026-08-26T08:47:18.852221-05:00,2026-08-26T09:15:00.882439-05:00,27.7,0,1,9
2026-08-26,106,2026-08-26T08:48:46.155517-05:00,2026-08-26T09:16:50.615677-05:00,28.07,0,0,4
2026-08-26,107,2026-08-26T08:52:57.753053-05:00,2026-08-26T09:17:23.030891-05:00,24.42,0,0,2
2026-08-26,109,2026-08-26T09:11:27.651671-05:00,2026-08-26T09:17:31.914111-05:00,6.07,0,0,7
2026-08-26,110,2026-08-26T09:17:09.474101-05:00,2026-08-26T09:21:11.005567-05:00,4.03,0,0,8
2026-08-26,111,2026-08-26T09:17:52.703658-05:00,2026-08-26T09:21:42.409880-05:00,3.83,0,0,1
2026-08-26,112,2026-08-26T09:22:26.654966-05:00,2026-08-26T09:23:19.645071-05:00,0.88,0,0,10
2026-08-26,113,2026-08-26T09:24:31.193245-05:00,2026-08-26T09:24:31.193245-05:00,0.0,0,0,5
2026-08-26,114,2026-08-26T09:26:29.719137-05:00,2026-08-26T09:26:29.719137-05:00,0.0,0,1,6
2026-08-26,115,2026-08-26T09:29:16.471124-05:00,2026-08-26T09:29:16.471124-05:00,0.0,0,0,3
2026-08-26,116,2026-08-26T09:33:59.161591-05:00,2026-08-26T09:33:59.161591-05:00,0.0,0,0,2
2026-08-26,117,2026-08-26T09:41:33.598430-05:00,2026-08-26T09:41:33.598430-05:00,0.0,1,1,1
2026-08-26,118,2026-08-26T09:45:42.411780-05:00,2026-08-26T09:45:42.411780-05:00,0.0,0,0,3
2026-08-26,119,2026-08-26T09:47:04.349105-05:00,2026-08-26T09:47:04.349105-05:00,0.0,0,0,4
2026-08-26,120,2026-08-26T09:48:58.259556-05:00,2026-08-26T09:48:58.259556-05:00,0.0,0,0,2
2026-08-26,121,2026-08-26T09:51:44.016456-05:00,2026-08-26T09:51:44.016456-05:00,0.0,0,0,5
2026-08-26,122,2026-08-26T09:52:15.112671-05:00,2026-08-26T09:52:15.112671-05:00,0.0,0,1,6
2026-08-26,123,2026-08-26T09:54:27.114899-05:00,2026-08-26T09:54:27.114899-05:00,0.0,0,0,7
2026-08-26,124,2026-08-26T10:01:37.036671-05:00,2026-08-26T10:01:37.036671-05:00,0.0,0,0,1
2026-08-26,125,2026-08-26T10:01:51.730713-05:00,2026-08-26T10:01:51.730713-05:00,0.0,0,0,2
2026-08-26,126,2026-08-26T10:09:13.620248-05:00,2026-08-26T10:09:13.620248-05:00,0.0,0,1,3
2026-08-26,127,2026-08-26T10:11:52.149349-05:00,2026-08-26T10:11:52.149349-05:00,0.0,1,0,2
2026-08-26,128,2026-08-26T10:13:01.595603-05:00,2026-08-26T10:13:01.595603-05:00,0.0,0,0,4
2026-08-26,129,2026-08-26T10:14:54.243883-05:00,2026-08-26T10:14:54.243883-05:00,0.0,0,0,5
2026-08-26,130,2026-08-26T10:15:00.078745-05:00,2026-08-26T10:15:00.078745-05:00,0.0,0,0,6
2026-08-26,131,2026-08-26T10:17:28.895547-05:00,2026-08-26T10:17:28.895547-05:00,0.0,0,1,7
2026-08-26,132,2026-08-26T10:18:38.840610-05:00,2026-08-26T10:18:38.840610-05:00,0.0,0,0,8
2026-08-26,133,2026-08-26T10:25:50.952763-05:00,2026-08-26T10:25:50.952763-05:00,0.0,0,0,1
2026-08-26,134,2026-08-26T10:27:19.330848-05:00,2026-08-26T10:27:19.330848-05:00,0.0,0,0,3
2026-08-26,135,2026-08-26T10:36:50.684777-05:00,2026-08-26T10:36:50.684777-05:00,0.0,0,1,2
2026-08-26,136,2026-08-26T10:37:22.463513-05:00,2026-08-26T10:37:22.463513-05:00,0.0,0,0,4
2026-08-26,137,2026-08-26T10:41:22.397743-05:00,2026-08-26T10:41:22.397743-05:00,0.0,0,0,3
2026-08-26,138,2026-08-26T10:44:46.017378-05:00,2026-08-26T10:44:46.017378-05:00,0.0,0,1,1
2026-08-26,139,2026-08-26T10:56:45.938902-05:00,2026-08-26T10:56:45.938902-05:00,0.0,0,0,1
2026-08-26,140,2026-08-26T10:58:24.839373-05:00,2026-08-26T10:58:24.839373-05:00,0.0,0,0,2
2026-08-26,141,2026-08-26T11:04:58.057865-05:00,2026-08-26T11:04:58.057865-05:00,0.0,0,0,4
2026-08-26,142,2026-08-26T11:16:25.588381-05:00,2026-08-26T11:16:25.588381-05:00,0.0,0,0,1
2026-08-26,143,2026-08-26T11:22:32.328436-05:00,2026-08-26T11:22:32.328436-05:00,0.0,0,1,2
2026-08-26,144,2026-08-26T11:25:22.145031-05:00,2026-08-26T11:25:22.145031-05:00,0.0,0,1,3
2026-08-26,145,2026-08-26T11:39:52.576961-05:00,2026-08-26T11:39:52.576961-05:00,0.0,0,1,1
2026-08-26,146,2026-08-26T11:50:22.209063-05:00,2026-08-26T11:50:22.209063-05:00,0.0,1,1,1
2026-08-26,147,2026-08-26T11:57:42.630492-05:00,2026-08-26T11:57:42.630492-05:00,0.0,0,0,2
2026-08-26,148,2026-08-26T12:01:08.753689-05:00,2026-08-26T12:01:08.753689-05:00,0.0,0,0,1
2026-08-26,149,2026-08-26T12:01:45.893321-05:00,2026-08-26T12:01:45.893321-05:00,0.0,0,0,3
2026-08-27,1,2026-08-27T06:14:48.933760-05:00,2026-08-27T07:06:00-05:00,51.18,1,0,1
2026-08-27,2,2026-08-27T06:22:05.613436-05:00,2026-08-27T07:06:00-05:00,43.91,1,0,2
2026-08-27,3,2026-08-27T06:23:59.717006-05:00,2026-08-27T07:06:00-05:00,42.0,1,0,3
2026-08-27,4,2026-08-27T06:25:47.066732-05:00,2026-08-27T07:06:00-05:00,40.22,1,0,4
2026-08-27,17,2026-08-27T06:36:16.074237-05:00,2026-08-27T07:06:00-05:00,29.73,1,1,5
2026-08-27,44,2026-08-27T07:00:17.961985-05:00,2026-08-27T07:06:00-05:00,5.7,1,1,6
2026-08-27,0,2026-08-27T06:14:25.546869-05:00,2026-08-27T07:06:00-05:00,51.57,0,0,7
2026-08-27,5,2026-08-27T06:25:54.720516-05:00,2026-08-27T07:06:00-05:00,40.09,0,0,8
2026-08-27,6,2026-08-27T06:27:35.104687-05:00,2026-08-27T07:06:00-05:00,38.41,0,0,9
2026-08-27,7,2026-08-27T06:28:11.304277-05:00,2026-08-27T07:06:00-05:00,37.81,0,1,10
2026-08-27,50,2026-08-27T07:06:23.855868-05:00,2026-08-27T07:10:41.112324-05:00,4.29,1,1,8
2026-08-27,55,2026-08-27T07:08:43.336370-05:00,2026-08-27T07:11:08.469012-05:00,2.42,1,0,4
2026-08-27,57,2026-08-27T07:10:05.377028-05:00,2026-08-27T07:13:09.089368-05:00,3.06,1,1,10
2026-08-27,9,2026-08-27T06:28:16.398438-05:00,2026-08-27T07:14:26.193356-05:00,46.16,0,0,3
2026-08-27,8,2026-08-27T06:28:22.842262-05:00,2026-08-27T07:16:18.402377-05:00,47.93,0,0,7
2026-08-27,10,2026-08-27T06:29:12.752343-05:00,2026-08-27T07:18:13.219657-05:00,49.01,0,0,4
2026-08-27,11,2026-08-27T06:30:28.116983-05:00,2026-08-27T07:18:27.342604-05:00,47.99,0,1,8
2026-08-27,13,2026-08-27T06:31:05.328828-05:00,2026-08-27T07:19:40.425673-05:00,48.58,0,0,5
2026-08-27,12,2026-08-27T06:31:17.464466-05:00,2026-08-27T07:20:27.656148-05:00,49.17,0,1,9
2026-08-27,14,2026-08-27T06:33:28.126150-05:00,2026-08-27T07:21:33.410381-05:00,48.09,0,0,3
2026-08-27,15,2026-08-27T06:34:43.107641-05:00,2026-08-27T07:21:47.976583-05:00,47.08,0,1,2
2026-08-27,16,2026-08-27T06:35:46.565990-05:00,2026-08-27T07:23:06.908144-05:00,47.34,0,0,1
2026-08-27,19,2026-08-27T06:36:36.274199-05:00,2026-08-27T07:23:29.782965-05:00,46.89,0,1,6
2026-08-27,18,2026-08-27T06:36:44.405423-05:00,2026-08-27T07:24:53.492506-05:00,48.15,0,0,4
2026-08-27,20,2026-08-27T06:37:33.234332-05:00,2026-08-27T07:28:59.820692-05:00,51.44,0,0,10
2026-08-27,21,2026-08-27T06:38:09.872729-05:00,2026-08-27T07:29:47.462735-05:00,51.63,0,0,2
2026-08-27,22,2026-08-27T06:38:26.332170-05:00,2026-08-27T07:30:15.023772-05:00,51.81,0,0,8
2026-08-27,23,2026-08-27T06:42:56.967320-05:00,2026-08-27T07:30:16.146008-05:00,47.32,0,0,7
2026-08-27,25,2026-08-27T06:44:14.256939-05:00,2026-08-27T07:30:43.064108-05:00,46.48,0,0,3
2026-08-27,24,2026-08-27T06:44:29.428177-05:00,2026-08-27T07:32:09.898066-05:00,47.67,0,1,4
2026-08-27,26,2026-08-27T06:44:30.891239-05:00,2026-08-27T07:32:30.891422-05:00,48.0,0,0,5
2026-08-27,27,2026-08-27T06:44:57.430659-05:00,2026-08-27T07:32:55.147925-05:00,47.96,0,0,9
2026-08-27,84,2026-08-27T07:34:08.063944-05:00,2026-08-27T07:37:26.306202-05:00,3.3,1,0,6
2026-08-27,28,2026-08-27T06:45:25.185992-05:00,2026-08-27T07:37:36.590384-05:00,52.19,0,1,10
2026-08-27,29,2026-08-27T06:46:33.590853-05:00,2026-08-27T07:39:17.682869-05:00,52.73,0,1,1
2026-08-27,30,2026-08-27T06:47:45.839909-05:00,2026-08-27T07:39:48.061846-05:00,52.04,0,0,9
2026-08-27,31,2026-08-27T06:48:15.341926-05:00,2026-08-27T07:40:11.169933-05:00,51.93,0,1,3
2026-08-27,32,2026-08-27T06:49:09.277487-05:00,2026-08-27T07:40:43.398992-05:00,51.57,0,0,8
2026-08-27,33,2026-08-27T06:49:32.588777-05:00,2026-08-27T07:44:21.973031-05:00,54.82,0,0,2
2026-08-27,93,2026-08-27T07:44:24.111533-05:00,2026-08-27T07:45:48.386982-05:00,1.4,1,0,4
2026-08-27,34,2026-08-27T06:50:31.834478-05:00,2026-08-27T07:46:34.612061-05:00,56.05,0,1,5
2026-08-27,35,2026-08-27T06:51:21.719125-05:00,2026-08-27T07:47:01.006630-05:00,55.65,0,1,9
2026-08-27,36,2026-08-27T06:51:35.789033-05:00,2026-08-27T07:47:59.239772-05:00,56.39,0,0,3
2026-08-27,37,2026-08-27T06:53:35.431515-05:00,2026-08-27T07:48:05.662000-05:00,54.5,0,0,7
2026-08-27,38,2026-08-27T06:54:58.631873-05:00,2026-08-27T07:50:18.106704-05:00,55.32,0,0,10
2026-08-27,39,2026-08-27T06:55:13.587147-05:00,2026-08-27T07:53:53.031424-05:00,58.66,0,0,6
2026-08-27,40,2026-08-27T06:57:55.893077-05:00,2026-08-27T07:54:13.456397-05:00,56.29,0,1,1
2026-08-27,41,2026-08-27T06:57:58.360096-05:00,2026-08-27T07:55:52.967331-05:00,57.91,0,1,2
2026-08-27,43,2026-08-27T06:58:52.884844-05:00,2026-08-27T07:57:40.533201-05:00,58.79,0,0,3
2026-08-27,42,2026-08-27T06:58:53.127181-05:00,2026-08-27T07:59:58.848234-05:00,61.1,0,0,7
2026-08-27,45,2026-08-27T07:00:21.455498-05:00,2026-08-27T08:00:18.021247-05:00,59.94,0,0,4
2026-08-27,46,2026-08-27T07:01:00.673462-05:00,2026-08-27T08:00:35.511501-05:00,59.58,0,0,5
2026-08-27,47,2026-08-27T07:01:28.873171-05:00,2026-08-27T08:01:27.685317-05:00,59.98,0,0,9
2026-08-27,107,2026-08-27T08:02:25.768587-05:00,2026-08-27T08:03:38.720486-05:00,1.22,1,0,10
2026-08-27,48,2026-08-27T07:04:25.984775-05:00,2026-08-27T08:04:34.748514-05:00,60.15,0,0,3
2026-08-27,49,2026-08-27T07:04:44.525085-05:00,2026-08-27T08:05:01.648822-05:00,60.29,0,0,6
2026-08-27,52,2026-08-27T07:06:45.175094-05:00,2026-08-27T08:08:14.930311-05:00,61.5,0,0,1
2026-08-27,51,2026-08-27T07:06:50.536352-05:00,2026-08-27T08:08:17.671252-05:00,61.45,0,0,2
2026-08-27,53,2026-08-27T07:07:27.441447-05:00,2026-08-27T08:09:44.437629-05:00,62.28,0,0,4
2026-08-27,54,2026-08-27T07:07:52.680488-05:00,2026-08-27T08:13:07.235875-05:00,65.24,0,1,5
2026-08-27,110,2026-08-27T08:15:04.293152-05:00,2026-08-27T08:16:44.389468-05:00,1.67,1,0,7
2026-08-27,56,2026-08-27T07:10:07.924315-05:00,2026-08-27T08:17:51.516131-05:00,67.73,0,1,3
2026-08-27,59,2026-08-27T07:12:22.845728-05:00,2026-08-27T08:18:42.669104-05:00,66.33,0,1,8
2026-08-27,58,2026-08-27T07:12:25.454521-05:00,2026-08-27T08:19:10.251192-05:00,66.75,0,1,9
2026-08-27,60,2026-08-27T07:12:57.928478-05:00,2026-08-27T08:19:36.571369-05:00,66.64,0,1,10
2026-08-27,61,2026-08-27T07:13:53.098614-05:00,2026-08-27T08:20:02.273270-05:00,66.15,0,1,2
2026-08-27,63,2026-08-27T07:14:05.672177-05:00,2026-08-27T08:21:40.460577-05:00,67.58,0,1,4
2026-08-27,62,2026-08-27T07:14:21.934322-05:00,2026-08-27T08:22:33.455635-05:00,68.19,0,1,5
2026-08-27,64,2026-08-27T07:14:51.175418-05:00,2026-08-27T08:23:45.202104-05:00,68.9,0,0,1
2026-08-27,65,2026-08-27T07:15:35.166422-05:00,2026-08-27T08:27:49.233254-05:00,72.23,0,1,9
2026-08-27,66,2026-08-27T07:17:00.440042-05:00,2026-08-27T08:30:16.772126-05:00,73.27,0,0,4
2026-08-27,68,2026-08-27T07:17:38.685864-05:00,2026-08-27T08:31:09.387963-05:00,73.51,0,0,2
2026-08-27,67,2026-08-27T07:17:55.142803-05:00,2026-08-27T08:32:24.843247-05:00,74.5,0,1,1
2026-08-27,69,2026-08-27T07:19:13.508937-05:00,2026-08-27T08:33:41.360324-05:00,74.46,0,1,10
2026-08-27,70,2026-08-27T07:19:24.465856-05:00,2026-08-27T08:34:15.633868-05:00,74.85,0,0,3
2026-08-27,71,2026-08-27T07:19:40.468523-05:00,2026-08-27T08:35:45.411588-05:00,76.08,0,0,8
2026-08-27,72,2026-08-27T07:22:27.220102-05:00,2026-08-27T08:38:40.924290-05:00,76.23,0,1,4
2026-08-27,73,2026-08-27T07:24:45.905571-05:00,2026-08-27T08:38:47.975796-05:00,74.03,0,0,7
2026-08-27,74,2026-08-27T07:25:11.427706-05:00,2026-08-27T08:39:20.248150-05:00,74.15,0,0,5
2026-08-27,75,2026-08-27T07:25:29.972326-05:00,2026-08-27T08:40:54.493567-05:00,75.41,0,1,9
2026-08-27,76,2026-08-27T07:25:44.056749-05:00,2026-08-27T08:43:02.169683-05:00,77.3,0,1,2
2026-08-27,77,2026-08-27T07:26:28.028018-05:00,2026-08-27T08:44:32.931148-05:00,78.08,0,0,6
2026-08-27,78,2026-08-27T07:29:33.357289-05:00,2026-08-27T08:46:03.100375-05:00,76.5,0,0,3
2026-08-27,79,2026-08-27T07:30:14.828307-05:00,2026-08-27T08:46:21.140670-05:00,76.11,0,1,1
2026-08-27,80,2026-08-27T07:30:38.534908-05:00,2026-08-27T08:47:43.624792-05:00,77.08,0,1,10
2026-08-27,81,2026-08-27T07:30:52.316750-05:00,2026-08-27T08:48:52.176353-05:00,78.0,0,0,8
2026-08-27,83,2026-08-27T07:32:33.306999-05:00,2026-08-27T08:50:36.138935-05:00,78.05,0,0,2
2026-08-27,82,2026-08-27T07:32:56.023431-05:00,2026-08-27T08:50:55.315611-05:00,77.99,0,0,5
2026-08-27,85,2026-08-27T07:34:32.348133-05:00,2026-08-27T08:51:40.474460-05:00,77.14,0,0,4
2026-08-27,86,2026-08-27T07:35:32.968349-05:00,2026-08-27T08:53:00.439333-05:00,77.46,0,0,1
2026-08-27,87,2026-08-27T07:35:51.474177-05:00,2026-08-27T08:54:22.980336-05:00,78.53,0,0,9
2026-08-27,89,2026-08-27T07:37:31.595076-05:00,2026-08-27T08:54:57.451335-05:00,77.43,0,1,3
2026-08-27,128,2026-08-27T08:56:23.124487-05:00,2026-08-27T08:57:39.022535-05:00,1.26,1,0,5
2026-08-27,88,2026-08-27T07:37:33.049731-05:00,2026-08-27T09:02:10.984810-05:00,84.63,0,0,7
2026-08-27,90,2026-08-27T07:39:29.902009-05:00,2026-08-27T09:03:23.584033-05:00,83.89,0,1,8
2026-08-27,91,2026-08-27T07:42:21.334675-05:00,2026-08-27T09:03:45.244465-05:00,81.4,0,0,10
2026-08-27,92,2026-08-27T07:43:58.652921-05:00,2026-08-27T09:05:25.239213-05:00,81.44,0,1,1
2026-08-27,95,2026-08-27T07:45:22.836225-05:00,2026-08-27T09:06:06.377620-05:00,80.73,0,1,2
2026-08-27,94,2026-08-27T07:45:29.008849-05:00,2026-08-27T09:06:58.394722-05:00,81.49,0,0,6
2026-08-27,96,2026-08-27T07:45:54.557021-05:00,2026-08-27T09:08:09.246667-05:00,82.24,0,1,9
2026-08-27,98,2026-08-27T07:46:06.250222-05:00,2026-08-27T09:10:08.538211-05:00,84.04,0,0,7
2026-08-27,97,2026-08-27T07:46:07.510912-05:00,2026-08-27T09:10:27.590318-05:00,84.33,0,1,4
2026-08-27,99,2026-08-27T07:46:59.941804-05:00,2026-08-27T09:13:29.365688-05:00,86.49,0,1,10
2026-08-27,100,2026-08-27T07:49:12.017857-05:00,2026-08-27T09:14:52.297047-05:00,85.67,0,1,9
2026-08-27,101,2026-08-27T07:52:14.112258-05:00,2026-08-27T09:15:34.708614-05:00,83.34,0,0,5
2026-08-27,102,2026-08-27T07:55:32.252461-05:00,2026-08-27T09:17:42.860561-05:00,82.18,0,0,3
2026-08-27,103,2026-08-27T07:56:12.851165-05:00,2026-08-27T09:19:02.914508-05:00,82.83,0,0,6
2026-08-27,104,2026-08-27T07:57:14.645936-05:00,2026-08-27T09:20:53.938652-05:00,83.65,0,0,8
2026-08-27,105,2026-08-27T07:58:13.167000-05:00,2026-08-27T09:21:51.632952-05:00,83.64,0,0,1
2026-08-27,106,2026-08-27T07:59:45.927073-05:00,2026-08-27T09:22:47.071573-05:00,83.02,0,0,7
2026-08-27,108,2026-08-27T08:13:56.385043-05:00,2026-08-27T09:27:08.205784-05:00,73.2,0,1,5
2026-08-27,109,2026-08-27T08:15:15.882393-05:00,2026-08-27T09:27:13.492478-05:00,71.96,0,1,2
2026-08-27,111,2026-08-27T08:20:09.362999-05:00,2026-08-27T09:28:15.837449-05:00,68.11,0,1,10
2026-08-27,112,2026-08-27T08:21:45.618493-05:00,2026-08-27T09:30:11.078733-05:00,68.42,0,0,3
2026-08-27,113,2026-08-27T08:25:05.883396-05:00,2026-08-27T09:30:34.464417-05:00,65.48,0,1,8
2026-08-27,114,2026-08-27T08:26:10.952005-05:00,2026-08-27T09:31:22.266063-05:00,65.19,0,1,4
2026-08-27,115,2026-08-27T08:27:46.902130-05:00,2026-08-27T09:33:52.058543-05:00,66.09,0,1,1
2026-08-27,116,2026-08-27T08:28:02.335131-05:00,2026-08-27T09:34:04.327247-05:00,66.03,0,1,6
2026-08-27,117,2026-08-27T08:35:07.483487-05:00,2026-08-27T09:36:44.317542-05:00,61.61,0,0,2
2026-08-27,118,2026-08-27T08:35:42.779830-05:00,2026-08-27T09:37:55.088142-05:00,62.21,0,0,10
2026-08-27,119,2026-08-27T08:36:14.334224-05:00,2026-08-27T09:38:24.036080-05:00,62.16,0,1,5
2026-08-27,120,2026-08-27T08:40:13.479317-05:00,2026-08-27T09:38:43.930500-05:00,58.51,0,0,3
2026-08-27,121,2026-08-27T08:40:46.078180-05:00,2026-08-27T09:40:28.777491-05:00,59.71,0,0,9
2026-08-27,122,2026-08-27T08:41:45.096465-05:00,2026-08-27T09:41:00.180286-05:00,59.25,0,0,6
2026-08-27,123,2026-08-27T08:41:49.553567-05:00,2026-08-27T09:42:20.977336-05:00,60.52,0,0,1
2026-08-27,124,2026-08-27T08:44:55.058677-05:00,2026-08-27T09:44:52.900048-05:00,59.96,0,1,5
2026-08-27,125,2026-08-27T08:49:21.644194-05:00,2026-08-27T09:46:20.342685-05:00,56.98,0,0,2
2026-08-27,126,2026-08-27T08:50:36.056171-05:00,2026-08-27T09:46:53.224028-05:00,56.29,0,1,8
2026-08-27,127,2026-08-27T08:50:59.201160-05:00,2026-08-27T09:47:52.845743-05:00,56.89,0,1,7
2026-08-27,129,2026-08-27T09:02:42.042477-05:00,2026-08-27T09:48:50.720192-05:00,46.14,0,0,6
2026-08-27,130,2026-08-27T09:06:40.673495-05:00,2026-08-27T09:49:15.049425-05:00,42.57,0,1,3
2026-08-27,131,2026-08-27T09:10:37.548575-05:00,2026-08-27T09:51:38.947935-05:00,41.02,0,1,9
2026-08-27,132,2026-08-27T09:12:50.948936-05:00,2026-08-27T09:51:42.616802-05:00,38.86,0,1,10
2026-08-27,133,2026-08-27T09:15:01.918426-05:00,2026-08-27T09:52:32.757047-05:00,37.51,0,0,4
2026-08-27,134,2026-08-27T09:16:22.698427-05:00,2026-08-27T09:52:52.059809-05:00,36.49,0,0,1
2026-08-27,135,2026-08-27T09:21:25.020756-05:00,2026-08-27T09:55:01.218992-05:00,33.6,0,1,2
2026-08-27,136,2026-08-27T09:23:22.210369-05:00,2026-08-27T10:00:27.179098-05:00,37.08,0,0,8
2026-08-27,137,2026-08-27T09:24:49.638747-05:00,2026-08-27T10:01:46.073615-05:00,36.94,0,1,7
2026-08-27,138,2026-08-27T09:27:32.299895-05:00,2026-08-27T10:02:23.040148-05:00,34.85,0,1,5
2026-08-27,139,2026-08-27T09:33:39.744642-05:00,2026-08-27T10:02:34.230032-05:00,28.91,0,0,1
2026-08-27,140,2026-08-27T09:33:51.098421-05:00,2026-08-27T10:04:00.862599-05:00,30.16,0,0,6
2026-08-27,141,2026-08-27T09:35:49.348584-05:00,2026-08-27T10:05:04.446344-05:00,29.25,0,0,10
2026-08-27,142,2026-08-27T09:38:24.070096-05:00,2026-08-27T10:07:06.740217-05:00,28.71,0,0,3
2026-08-27,143,2026-08-27T09:45:06.521944-05:00,2026-08-27T10:07:35.121516-05:00,22.48,0,0,9
2026-08-27,144,2026-08-27T09:46:24.580465-05:00,2026-08-27T10:10:35.729519-05:00,24.19,0,1,8
2026-08-27,145,2026-08-27T09:52:26.416848-05:00,2026-08-27T10:12:38.183000-05:00,20.2,0,0,4
2026-08-27,146,2026-08-27T09:53:07.094580-05:00,2026-08-27T10:12:44.129140-05:00,19.62,0,1,7
2026-08-27,147,2026-08-27T09:53:52.090947-05:00,2026-08-27T10:13:12.343632-05:00,19.34,0,0,5
2026-08-27,148,2026-08-27T09:55:01.113266-05:00,2026-08-27T10:14:09.689284-05:00,19.14,0,1,2
2026-08-27,149,2026-08-27T09:55:21.219384-05:00,2026-08-27T10:16:04.055108-05:00,20.71,0,1,3
2026-08-27,150,2026-08-27T10:01:27.465286-05:00,2026-08-27T10:16:28.234070-05:00,15.01,0,1,9
2026-08-27,151,2026-08-27T10:03:48.613069-05:00,2026-08-27T10:17:10.195413-05:00,13.36,0,0,8
2026-08-27,152,2026-08-27T10:04:07.790185-05:00,2026-08-27T10:18:03.692769-05:00,13.93,0,0,10
2026-08-27,153,2026-08-27T10:08:48.979210-05:00,2026-08-27T10:18:10.960059-05:00,9.37,0,1,6
2026-08-27,154,2026-08-27T10:09:04.373906-05:00,2026-08-27T10:20:29.358536-05:00,11.42,0,0,4
2026-08-27,155,2026-08-27T10:10:20.372183-05:00,2026-08-27T10:22:49.142186-05:00,12.48,0,0,1
2026-08-27,156,2026-08-27T10:13:33.834394-05:00,2026-08-27T10:24:15.273759-05:00,10.69,0,1,8
2026-08-27,157,2026-08-27T10:15:25.061849-05:00,2026-08-27T10:24:39.313442-05:00,9.24,0,0,7
2026-08-27,158,2026-08-27T10:18:54.344923-05:00,2026-08-27T10:25:42.713213-05:00,6.81,0,0,3
2026-08-27,159,2026-08-27T10:21:11.832758-05:00,2026-08-27T10:26:21.895739-05:00,5.17,0,1,2
2026-08-27,160,2026-08-27T10:25:25.523756-05:00,2026-08-27T10:26:27.219300-05:00,1.03,0,0,5
2026-08-27,161,2026-08-27T10:29:56.428384-05:00,2026-08-27T10:29:56.428384-05:00,0.0,0,0,6
2026-08-27,162,2026-08-27T10:31:59.263557-05:00,2026-08-27T10:31:59.263557-05:00,0.0,1,0,2
2026-08-27,163,2026-08-27T10:32:03.896874-05:00,2026-08-27T10:32:03.896874-05:00,0.0,0,0,4
2026-08-27,164,2026-08-27T10:46:03.806680-05:00,2026-08-27T10:46:03.806680-05:00,0.0,0,0,1
2026-08-27,165,2026-08-27T11:02:04.005268-05:00,2026-08-27T11:02:04.005268-05:00,0.0,0,0,1
2026-08-27,166,2026-08-27T11:05:10.958508-05:00,2026-08-27T11:05:10.958508-05:00,0.0,0,1,2
2026-08-27,167,2026-08-27T11:10:17.489994-05:00,2026-08-27T11:10:17.489994-05:00,0.0,0,0,3
2026-08-27,168,2026-08-27T11:15:00.997899-05:00,2026-08-27T11:15:00.997899-05:00,0.0,0,0,1
2026-08-27,169,2026-08-27T11:19:43.120208-05:00,2026-08-27T11:19:43.120208-05:00,0.0,0,0,4
2026-08-27,170,2026-08-27T11:29:47.586900-05:00,2026-08-27T11:29:47.586900-05:00,0.0,1,0,1
2026-08-27,171,2026-08-27T11:30:25.492582-05:00,2026-08-27T11:30:25.492582-05:00,0.0,0,0,2
2026-08-27,172,2026-08-27T11:34:44.201609-05:00,2026-08-27T11:34:44.201609-05:00,0.0,0,0,3
2026-08-27,173,2026-08-27T11:35:04.118876-05:00,2026-08-27T11:35:04.118876-05:00,0.0,0,0,4
2026-08-27,174,2026-08-27T11:58:58.565867-05:00,2026-08-27T11:58:58.565867-05:00,0.0,0,0,1
2026-08-27,175,2026-08-27T12:16:54.204164-05:00,2026-08-27T12:16:54.204164-05:00,0.0,0,1,1
2026-08-27,176,2026-08-27T12:19:44.351345-05:00,2026-08-27T12:19:44.351345-05:00,0.0,0,0,2
2026-08-27,177,2026-08-27T12:24:33.490702-05:00,2026-08-27T12:24:33.490702-05:00,0.0,0,0,3
2026-08-28,7,2026-08-28T06:28:31.449547-05:00,2026-08-28T07:06:00-05:00,37.48,1,1,1
2026-08-28,17,2026-08-28T06:41:35.444203-05:00,2026-08-28T07:06:00-05:00,24.41,1,0,2
2026-08-28,18,2026-08-28T06:42:49.073644-05:00,2026-08-28T07:06:00-05:00,23.18,1,0,3
2026-08-28,24,2026-08-28T06:50:48.275519-05:00,2026-08-28T07:06:00-05:00,15.2,1,0,4
2026-08-28,32,2026-08-28T06:55:09.507379-05:00,2026-08-28T07:06:00-05:00,10.84,1,0,5
2026-08-28,31,2026-08-28T06:55:16.393867-05:00,2026-08-28T07:06:00-05:00,10.73,1,0,6
2026-08-28,34,2026-08-28T06:56:38.143000-05:00,2026-08-28T07:06:00-05:00,9.36,1,0,7
2026-08-28,38,2026-08-28T07:01:43.890486-05:00,2026-08-28T07:06:00-05:00,4.27,1,0,8
2026-08-28,1,2026-08-28T06:12:15.148992-05:00,2026-08-28T07:06:00-05:00,53.75,0,1,9
2026-08-28,0,2026-08-28T06:12:25.784406-05:00,2026-08-28T07:06:00-05:00,53.57,0,0,10
2026-08-28,42,2026-08-28T07:08:05.141804-05:00,2026-08-28T07:12:48.546561-05:00,4.72,1,1,6
2026-08-28,45,2026-08-28T07:09:36.440005-05:00,2026-08-28T07:13:38.772957-05:00,4.04,1,0,3
2026-08-28,2,2026-08-28T06:20:29.271719-05:00,2026-08-28T07:15:40.010932-05:00,55.18,0,0,10
2026-08-28,3,2026-08-28T06:20:43.017890-05:00,2026-08-28T07:16:38.169557-05:00,55.92,0,0,9
2026-08-28,4,2026-08-28T06:21:35.024745-05:00,2026-08-28T07:18:56.427775-05:00,57.36,0,0,4
2026-08-28,5,2026-08-28T06:25:16.735477-05:00,2026-08-28T07:20:13.097611-05:00,54.94,0,0,8
2026-08-28,6,2026-08-28T06:27:29.204728-05:00,2026-08-28T07:20:50.173932-05:00,53.35,0,0,6
2026-08-28,8,2026-08-28T06:28:54.528964-05:00,2026-08-28T07:21:07.169303-05:00,52.21,0,1,7
2026-08-28,10,2026-08-28T06:29:43.984678-05:00,2026-08-28T07:22:04.459413-05:00,52.34,0,0,10
2026-08-28,61,2026-08-28T07:22:49.221186-05:00,2026-08-28T07:25:00.538889-05:00,2.19,1,1,2
2026-08-28,62,2026-08-28T07:23:24.662610-05:00,2026-08-28T07:26:49.789821-05:00,3.42,1,1,1
2026-08-28,9,2026-08-28T06:29:53.947212-05:00,2026-08-28T07:29:10.887945-05:00,59.28,0,1,3
2026-08-28,12,2026-08-28T06:30:02.034833-05:00,2026-08-28T07:29:39.787531-05:00,59.63,0,0,5
2026-08-28,11,2026-08-28T06:30:20.760831-05:00,2026-08-28T07:30:02.332479-05:00,59.69,0,0,4
2026-08-28,13,2026-08-28T06:30:36.356955-05:00,2026-08-28T07:31:45.901554-05:00,61.16,0,0,6
2026-08-28,14,2026-08-28T06:34:07.051353-05:00,2026-08-28T07:31:48.409773-05:00,57.69,0,0,9
2026-08-28,68,2026-08-28T07:31:50.739099-05:00,2026-08-28T07:33:00.615979-05:00,1.16,1,1,2
2026-08-28,15,2026-08-28T06:38:32.112290-05:00,2026-08-28T07:35:21.173760-05:00,56.82,0,0,8
2026-08-28,16,2026-08-28T06:40:29.386174-05:00,2026-08-28T07:35:49.468919-05:00,55.33,0,1,7
2026-08-28,19,2026-08-28T06:44:43.727543-05:00,2026-08-28T07:36:48.800382-05:00,52.08,0,1,3
2026-08-28,20,2026-08-28T06:45:33.623382-05:00,2026-08-28T07:37:06.621170-05:00,51.55,0,0,10
2026-08-28,21,2026-08-28T06:46:22.537443-05:00,2026-08-28T07:39:36.596036-05:00,53.23,0,1,5
2026-08-28,23,2026-08-28T06:48:35.627298-05:00,2026-08-28T07:40:22.139798-05:00,51.78,0,0,1
2026-08-28,22,2026-08-28T06:48:50.242743-05:00,2026-08-28T07:45:12.457724-05:00,56.37,0,0,2
2026-08-28,25,2026-08-28T06:51:05.458238-05:00,2026-08-28T07:46:04.586078-05:00,54.99,0,1,6
2026-08-28,26,2026-08-28T06:52:53.387000-05:00,2026-08-28T07:47:09.899658-05:00,54.28,0,0,7
2026-08-28,27,2026-08-28T06:52:56.205978-05:00,2026-08-28T07:48:19.956608-05:00,55.4,0,0,4
2026-08-28,80,2026-08-28T07:48:38.605843-05:00,2026-08-28T07:51:02.114842-05:00,2.39,1,0,5
2026-08-28,28,2026-08-28T06:53:01.762239-05:00,2026-08-28T07:52:11.841723-05:00,59.17,0,1,8
2026-08-28,29,2026-08-28T06:54:47.738651-05:00,2026-08-28T07:52:17.652844-05:00,57.5,0,0,6
2026-08-28,30,2026-08-28T06:55:14.553362-05:00,2026-08-28T07:53:57.523619-05:00,58.72,0,0,1
2026-08-28,33,2026-08-28T06:56:22.058159-05:00,2026-08-28T07:56:10.505129-05:00,59.81,0,1,10
2026-08-28,35,2026-08-28T06:58:23.968798-05:00,2026-08-28T07:57:17.566988-05:00,58.89,0,0,9
2026-08-28,36,2026-08-28T07:00:35.553544-05:00,2026-08-28T07:57:36.959958-05:00,57.02,0,0,7
2026-08-28,37,2026-08-28T07:01:18.239016-05:00,2026-08-28T07:58:26.744649-05:00,57.14,0,0,3
2026-08-28,39,2026-08-28T07:03:03.461326-05:00,2026-08-28T07:59:04.917760-05:00,56.02,0,0,2
2026-08-28,40,2026-08-28T07:06:57.483510-05:00,2026-08-28T08:02:28.434040-05:00,55.52,0,1,5
2026-08-28,41,2026-08-28T07:07:46.393125-05:00,2026-08-28T08:03:21.508766-05:00,55.59,0,0,9
2026-08-28,43,2026-08-28T07:08:43.659125-05:00,2026-08-28T08:04:27.309026-05:00,55.73,0,0,2
2026-08-28,44,2026-08-28T07:08:44.471368-05:00,2026-08-28T08:04:43.295503-05:00,55.98,0,0,1
2026-08-28,46,2026-08-28T07:10:20.358822-05:00,2026-08-28T08:06:53.820346-05:00,56.56,0,0,3
2026-08-28,47,2026-08-28T07:10:40.755060-05:00,2026-08-28T08:07:24.058823-05:00,56.72,0,0,4
2026-08-28,48,2026-08-28T07:11:00.449291-05:00,2026-08-28T08:08:18.666391-05:00,57.3,0,1,7
2026-08-28,51,2026-08-28T07:12:37.492580-05:00,2026-08-28T08:09:21.079143-05:00,56.73,0,1,8
2026-08-28,49,2026-08-28T07:12:53.832722-05:00,2026-08-28T08:12:09.255922-05:00,59.26,0,0,10
2026-08-28,50,2026-08-28T07:12:57.393608-05:00,2026-08-28T08:14:36.365500-05:00,61.65,0,0,3
2026-08-28,52,2026-08-28T07:15:24.193608-05:00,2026-08-28T08:15:25.161893-05:00,60.02,0,0,2
2026-08-28,53,2026-08-28T07:16:30.310273-05:00,2026-08-28T08:15:39.918297-05:00,59.16,0,0,4
2026-08-28,54,2026-08-28T07:17:54.075099-05:00,2026-08-28T08:17:55.671803-05:00,60.03,0,1,5
2026-08-28,55,2026-08-28T07:18:33.497135-05:00,2026-08-28T08:18:44.517991-05:00,60.18,0,0,6
2026-08-28,56,2026-08-28T07:19:09.164380-05:00,2026-08-28T08:18:50.597333-05:00,59.69,0,0,9
2026-08-28,57,2026-08-28T07:20:11.307902-05:00,2026-08-28T08:21:34.186291-05:00,61.38,0,1,7
2026-08-28,59,2026-08-28T07:21:35.662917-05:00,2026-08-28T08:22:05.200397-05:00,60.49,0,1,10
2026-08-28,96,2026-08-28T08:22:08.694401-05:00,2026-08-28T08:22:12.220433-05:00,0.06,1,0,1
2026-08-28,58,2026-08-28T07:21:45.217933-05:00,2026-08-28T08:25:28.302785-05:00,63.72,0,0,4
2026-08-28,60,2026-08-28T07:22:25.845453-05:00,2026-08-28T08:27:51.511157-05:00,65.43,0,1,10
2026-08-28,63,2026-08-28T07:23:55.429310-05:00,2026-08-28T08:29:08.922810-05:00,65.22,0,1,8
2026-08-28,64,2026-08-28T07:24:42.359287-05:00,2026-08-28T08:30:12.149997-05:00,65.5,0,1,4
2026-08-28,65,2026-08-28T07:24:48.269284-05:00,2026-08-28T08:30:49.435009-05:00,66.02,0,0,6
2026-08-28,66,2026-08-28T07:24:53.977331-05:00,2026-08-28T08:30:53.851796-05:00,66.0,0,1,1
2026-08-28,67,2026-08-28T07:27:01.901142-05:00,2026-08-28T08:31:31.192727-05:00,64.49,0,1,3
2026-08-28,69,2026-08-28T07:33:01.505789-05:00,2026-08-28T08:31:48.159976-05:00,58.78,0,0,5
2026-08-28,70,2026-08-28T07:39:27.236252-05:00,2026-08-28T08:32:23.343698-05:00,52.94,0,1,2
2026-08-28,71,2026-08-28T07:40:35.204405-05:00,2026-08-28T08:37:44.272356-05:00,57.15,0,0,10
2026-08-28,72,2026-08-28T07:40:51.020405-05:00,2026-08-28T08:39:47.046187-05:00,58.93,0,0,8
2026-08-28,73,2026-08-28T07:41:24.563171-05:00,2026-08-28T08:39:57.067209-05:00,58.54,0,0,9
2026-08-28,75,2026-08-28T07:41:57.478443-05:00,2026-08-28T08:41:24.085278-05:00,59.44,0,1,5
2026-08-28,74,2026-08-28T07:41:57.774128-05:00,2026-08-28T08:42:16.135303-05:00,60.31,0,0,7
2026-08-28,76,2026-08-28T07:42:12.485063-05:00,2026-08-28T08:42:45.382264-05:00,60.55,0,1,2
2026-08-28,77,2026-08-28T07:43:18.526235-05:00,2026-08-28T08:44:22.644702-05:00,61.07,0,0,1
2026-08-28,78,2026-08-28T07:44:48.576074-05:00,2026-08-28T08:45:52.271418-05:00,61.06,0,1,8
2026-08-28,79,2026-08-28T07:47:00.256044-05:00,2026-08-28T08:47:01.020676-05:00,60.01,0,0,10
2026-08-28,81,2026-08-28T07:49:19.234450-05:00,2026-08-28T08:49:46.272473-05:00,60.45,0,0,2
2026-08-28,82,2026-08-28T07:53:25.203562-05:00,2026-08-28T08:49:59.514372-05:00,56.57,0,0,6
2026-08-28,83,2026-08-28T07:54:47.389877-05:00,2026-08-28T08:50:38.821188-05:00,55.86,0,0,9
2026-08-28,84,2026-08-28T07:55:03.150862-05:00,2026-08-28T08:50:50.182642-05:00,55.78,0,0,3
2026-08-28,85,2026-08-28T07:55:56.402370-05:00,2026-08-28T08:53:29.202513-05:00,57.55,0,1,8
2026-08-28,86,2026-08-28T07:58:40.875002-05:00,2026-08-28T08:55:51.498458-05:00,57.18,0,1,7
2026-08-28,87,2026-08-28T07:59:09.410103-05:00,2026-08-28T08:56:23.827836-05:00,57.24,0,1,4
2026-08-28,88,2026-08-28T08:01:06.103222-05:00,2026-08-28T08:56:28.054870-05:00,55.37,0,0,1
2026-08-28,89,2026-08-28T08:04:54.572203-05:00,2026-08-28T08:57:56.147666-05:00,53.03,0,1,10
2026-08-28,90,2026-08-28T08:09:48.871376-05:00,2026-08-28T08:58:43.925269-05:00,48.92,0,0,5
2026-08-28,91,2026-08-28T08:10:06.337101-05:00,2026-08-28T08:59:04.033239-05:00,48.96,0,0,6
2026-08-28,92,2026-08-28T08:10:40.860228-05:00,2026-08-28T09:00:22.018382-05:00,49.69,0,0,9
2026-08-28,93,2026-08-28T08:11:49.403031-05:00,2026-08-28T09:01:18.826908-05:00,49.49,0,0,2
2026-08-28,94,2026-08-28T08:15:01.555125-05:00,2026-08-28T09:01:49.389409-05:00,46.8,0,1,3
2026-08-28,95,2026-08-28T08:19:20.395906-05:00,2026-08-28T09:02:05.796413-05:00,42.76,0,1,8
2026-08-28,97,2026-08-28T08:24:00.260473-05:00,2026-08-28T09:06:35.740605-05:00,42.59,0,1,10
2026-08-28,98,2026-08-28T08:26:58.954193-05:00,2026-08-28T09:08:43.251920-05:00,41.74,0,1,1
2026-08-28,99,2026-08-28T08:35:01.092285-05:00,2026-08-28T09:09:22.539762-05:00,34.36,0,0,5
2026-08-28,100,2026-08-28T08:36:01.159387-05:00,2026-08-28T09:09:43.886578-05:00,33.71,0,1,9
2026-08-28,101,2026-08-28T08:37:25.441620-05:00,2026-08-28T09:11:22.031198-05:00,33.94,0,0,7
2026-08-28,102,2026-08-28T08:51:23.037244-05:00,2026-08-28T09:11:25.172290-05:00,20.04,0,1,3
2026-08-28,103,2026-08-28T08:52:54.161493-05:00,2026-08-28T09:12:18.620238-05:00,19.41,0,1,6
2026-08-28,104,2026-08-28T08:55:07.466329-05:00,2026-08-28T09:14:30.420930-05:00,19.38,0,1,4
2026-08-28,105,2026-08-28T09:05:51.474109-05:00,2026-08-28T09:15:33.646665-05:00,9.7,0,0,8
2026-08-28,106,2026-08-28T09:06:53.939231-05:00,2026-08-28T09:15:38.991032-05:00,8.75,0,0,5
2026-08-28,107,2026-08-28T09:12:41.899545-05:00,2026-08-28T09:19:29.888624-05:00,6.8,0,1,7
2026-08-28,108,2026-08-28T09:13:15.771909-05:00,2026-08-28T09:21:58.961522-05:00,8.72,0,1,10
2026-08-28,109,2026-08-28T09:21:28.944134-05:00,2026-08-28T09:23:52.593052-05:00,2.39,0,0,2
2026-08-28,110,2026-08-28T09:22:56.840678-05:00,2026-08-28T09:27:09.038643-05:00,4.2,0,0,5
2026-08-28,111,2026-08-28T09:32:29.343630-05:00,2026-08-28T09:32:29.343630-05:00,0.0,0,1,1
2026-08-28,112,2026-08-28T09:32:40.382935-05:00,2026-08-28T09:32:40.382935-05:00,0.0,0,0,2
2026-08-28,113,2026-08-28T09:34:06.474111-05:00,2026-08-28T09:34:06.474111-05:00,0.0,0,0,3
2026-08-28,114,2026-08-28T09:35:38.449549-05:00,2026-08-28T09:35:38.449549-05:00,0.0,1,0,4
2026-08-28,115,2026-08-28T09:37:21.433048-05:00,2026-08-28T09:37:21.433048-05:00,0.0,0,0,6
2026-08-28,116,2026-08-28T09:38:52.346751-05:00,2026-08-28T09:38:52.346751-05:00,0.0,0,0,5
2026-08-28,117,2026-08-28T09:42:27.369595-05:00,2026-08-28T09:42:27.369595-05:00,0.0,0,1,7
2026-08-28,118,2026-08-28T09:47:17.752069-05:00,2026-08-28T09:47:17.752069-05:00,0.0,0,0,1
2026-08-28,119,2026-08-28T09:52:23.141376-05:00,2026-08-28T09:52:23.141376-05:00,0.0,0,1,2
2026-08-28,120,2026-08-28T09:54:33.897008-05:00,2026-08-28T09:54:33.897008-05:00,0.0,0,1,3
2026-08-28,121,2026-08-28T09:56:36.996364-05:00,2026-08-28T09:56:36.996364-05:00,0.0,1,0,4
2026-08-28,122,2026-08-28T10:04:41.069325-05:00,2026-08-28T10:04:41.069325-05:00,0.0,0,0,1
2026-08-28,123,2026-08-28T10:06:24.700599-05:00,2026-08-28T10:06:24.700599-05:00,0.0,0,0,2
2026-08-28,124,2026-08-28T10:08:45.720094-05:00,2026-08-28T10:08:45.720094-05:00,0.0,0,0,5
2026-08-28,125,2026-08-28T10:17:45.250060-05:00,2026-08-28T10:17:45.250060-05:00,0.0,0,0,1
2026-08-28,126,2026-08-28T10:21:12.139379-05:00,2026-08-28T10:21:12.139379-05:00,0.0,0,0,4
2026-08-28,127,2026-08-28T10:21:44.827726-05:00,2026-08-28T10:21:44.827726-05:00,0.0,0,0,3
2026-08-28,128,2026-08-28T10:22:09.673825-05:00,2026-08-28T10:22:09.673825-05:00,0.0,0,0,5
2026-08-28,129,2026-08-28T10:22:30.181274-05:00,2026-08-28T10:22:30.181274-05:00,0.0,1,1,6
2026-08-28,130,2026-08-28T10:24:44.341476-05:00,2026-08-28T10:24:44.341476-05:00,0.0,1,1,7
2026-08-28,131,2026-08-28T10:32:00.811917-05:00,2026-08-28T10:32:00.811917-05:00,0.0,0,0,2
2026-08-28,132,2026-08-28T10:41:48.185828-05:00,2026-08-28T10:41:48.185828-05:00,0.0,0,0,1
2026-08-28,133,2026-08-28T10:42:57.197336-05:00,2026-08-28T10:42:57.197336-05:00,0.0,0,1,3
2026-08-28,134,2026-08-28T10:43:25.217783-05:00,2026-08-28T10:43:25.217783-05:00,0.0,0,0,4
2026-08-28,135,2026-08-28T10:43:56.740429-05:00,2026-08-28T10:43:56.740429-05:00,0.0,0,0,6
2026-08-28,136,2026-08-28T10:50:19.146808-05:00,2026-08-28T10:50:19.146808-05:00,0.0,0,1,5
2026-08-28,137,2026-08-28T10:52:01.870612-05:00,2026-08-28T10:52:01.870612-05:00,0.0,0,0,7
2026-08-28,138,2026-08-28T10:57:02.325906-05:00,2026-08-28T10:57:02.325906-05:00,0.0,0,0,2
2026-08-28,139,2026-08-28T10:57:55.666754-05:00,2026-08-28T10:57:55.666754-05:00,0.0,0,0,4
2026-08-28,140,2026-08-28T11:03:29.169334-05:00,2026-08-28T11:03:29.169334-05:00,0.0,0,0,1
2026-08-28,141,2026-08-28T11:05:21.090814-05:00,2026-08-28T11:05:21.090814-05:00,0.0,0,1,3
2026-08-28,142,2026-08-28T11:06:05.899650-05:00,2026-08-28T11:06:05.899650-05:00,0.0,0,1,6
2026-08-28,143,2026-08-28T11:09:45.502769-05:00,2026-08-28T11:09:45.502769-05:00,0.0,0,1,5
2026-08-28,144,2026-08-28T11:10:51.923668-05:00,2026-08-28T11:10:51.923668-05:00,0.0,0,1,7
2026-08-28,145,2026-08-28T11:17:27.319887-05:00,2026-08-28T11:17:27.319887-05:00,0.0,0,0,4
2026-08-28,146,2026-08-28T11:18:00.639832-05:00,2026-08-28T11:18:00.639832-05:00,0.0,0,0,6
2026-08-28,147,2026-08-28T11:45:49.809636-05:00,2026-08-28T11:45:49.809636-05:00,0.0,0,0,1
2026-08-28,148,2026-08-28T12:01:08.718049-05:00,2026-08-28T12:01:08.718049-05:00,0.0,0,0,1
2026-08-28,149,2026-08-28T12:11:36.679242-05:00,2026-08-28T12:11:36.679242-05:00,0.0,0,1,2
2026-08-28,150,2026-08-28T12:13:42.131588-05:00,2026-08-28T12:13:42.131588-05:00,0.0,0,0,3
2026-08-28,151,2026-08-28T12:14:46.641034-05:00,2026-08-28T12:14:46.641034-05:00,0.0,0,0,1
2026-08-28,152,2026-08-28T12:27:26.349795-05:00,2026-08-28T12:27:26.349795-05:00,0.0,0,0,1
2026-08-29,3,2026-08-29T06:13:08.120320-05:00,2026-08-29T07:06:00-05:00,52.86,1,1,1
2026-08-29,6,2026-08-29T06:18:50.765122-05:00,2026-08-29T07:06:00-05:00,47.15,1,1,2
2026-08-29,29,2026-08-29T06:46:12.157423-05:00,2026-08-29T07:06:00-05:00,19.8,1,1,3
2026-08-29,30,2026-08-29T06:46:31.686108-05:00,2026-08-29T07:06:00-05:00,19.47,1,1,4
2026-08-29,40,2026-08-29T06:56:12.701226-05:00,2026-08-29T07:06:00-05:00,9.79,1,1,5
2026-08-29,46,2026-08-29T06:59:29.113456-05:00,2026-08-29T07:06:00-05:00,6.51,1,0,6
2026-08-29,50,2026-08-29T07:03:44.216116-05:00,2026-08-29T07:06:00-05:00,2.26,1,0,7
2026-08-29,0,2026-08-29T06:12:17.026758-05:00,2026-08-29T07:06:00-05:00,53.72,0,0,8
2026-08-29,1,2026-08-29T06:12:43.668030-05:00,2026-08-29T07:06:00-05:00,53.27,0,0,9
2026-08-29,2,2026-08-29T06:13:05.663106-05:00,2026-08-29T07:06:00-05:00,52.91,0,0,10
2026-08-29,61,2026-08-29T07:12:01.889441-05:00,2026-08-29T07:13:12.089954-05:00,1.17,1,0,7
2026-08-29,4,2026-08-29T06:13:23.782938-05:00,2026-08-29T07:15:01.710724-05:00,61.63,0,0,9
2026-08-29,5,2026-08-29T06:15:29.574499-05:00,2026-08-29T07:15:39.638025-05:00,60.17,0,0,6
2026-08-29,7,2026-08-29T06:26:26.224707-05:00,2026-08-29T07:15:58.690532-05:00,49.54,0,0,1
2026-08-29,8,2026-08-29T06:26:56.226389-05:00,2026-08-29T07:17:33.342351-05:00,50.62,0,0,4
2026-08-29,9,2026-08-29T06:27:28.140972-05:00,2026-08-29T07:18:27.002272-05:00,50.98,0,1,8
2026-08-29,11,2026-08-29T06:28:52.498321-05:00,2026-08-29T07:18:41.499602-05:00,49.82,0,0,3
2026-08-29,10,2026-08-29T06:28:53.332945-05:00,2026-08-29T07:19:05.870157-05:00,50.21,0,0,5
2026-08-29,12,2026-08-29T06:29:17.400335-05:00,2026-08-29T07:22:09.085416-05:00,52.86,0,0,7
2026-08-29,13,2026-08-29T06:29:32.012051-05:00,2026-08-29T07:22:12.077047-05:00,52.67,0,0,10
2026-08-29,14,2026-08-29T06:31:06.895219-05:00,2026-08-29T07:24:54.051935-05:00,53.79,0,1,4
2026-08-29,15,2026-08-29T06:32:22.770910-05:00,2026-08-29T07:24:57.124153-05:00,52.57,0,1,6
2026-08-29,16,2026-08-29T06:37:31.751081-05:00,2026-08-29T07:27:02.203081-05:00,49.51,0,0,5
2026-08-29,17,2026-08-29T06:38:40.388017-05:00,2026-08-29T07:27:34.127885-05:00,48.9,0,0,8
2026-08-29,18,2026-08-29T06:39:09.986930-05:00,2026-08-29T07:27:52.736355-05:00,48.71,0,0,1
2026-08-29,20,2026-08-29T06:40:20.162219-05:00,2026-08-29T07:27:58.260116-05:00,47.63,0,0,2
2026-08-29,83,2026-08-29T07:29:28.871755-05:00,2026-08-29T07:32:01.949824-05:00,2.55,1,1,10
2026-08-29,84,2026-08-29T07:31:06.544225-05:00,2026-08-29T07:33:50.833240-05:00,2.74,1,0,9
2026-08-29,85,2026-08-29T07:31:53.044139-05:00,2026-08-29T07:33:52.482633-05:00,1.99,1,0,7
2026-08-29,88,2026-08-29T07:34:46.471590-05:00,2026-08-29T07:35:19.430248-05:00,0.55,1,1,4
2026-08-29,19,2026-08-29T06:40:23.652037-05:00,2026-08-29T07:36:15.477427-05:00,55.86,0,0,3
2026-08-29,22,2026-08-29T06:40:39.795577-05:00,2026-08-29T07:37:05.300515-05:00,56.43,0,1,6
2026-08-29,21,2026-08-29T06:40:57.366529-05:00,2026-08-29T07:38:58.631753-05:00,58.02,0,0,5
2026-08-29,23,2026-08-29T06:41:25.165833-05:00,2026-08-29T07:43:32.469379-05:00,62.12,0,0,1
2026-08-29,24,2026-08-29T06:42:01.363140-05:00,2026-08-29T07:43:49.102256-05:00,61.8,0,1,10
2026-08-29,25,2026-08-29T06:43:45.907092-05:00,2026-08-29T07:45:17.898605-05:00,61.53,0,0,6
2026-08-29,26,2026-08-29T06:44:16.092701-05:00,2026-08-29T07:46:15.302535-05:00,61.99,0,0,7
2026-08-29,27,2026-08-29T06:44:43.163431-05:00,2026-08-29T07:48:10.825209-05:00,63.46,0,0,3
2026-08-29,28,2026-08-29T06:45:58.854062-05:00,2026-08-29T07:50:04.741872-05:00,64.1,0,0,4
2026-08-29,31,2026-08-29T06:46:32.811956-05:00,2026-08-29T07:50:13.803815-05:00,63.68,0,0,8
2026-08-29,32,2026-08-29T06:47:42.787918-05:00,2026-08-29T07:50:35.224736-05:00,62.87,0,1,5
2026-08-29,33,2026-08-29T06:48:02.977397-05:00,2026-08-29T07:53:19.285247-05:00,65.27,0,1,10
2026-08-29,34,2026-08-29T06:50:28.904080-05:00,2026-08-29T07:53:28.266748-05:00,62.99,0,0,2
2026-08-29,35,2026-08-29T06:50:48.013748-05:00,2026-08-29T07:54:28.125880-05:00,63.67,0,0,7
2026-08-29,36,2026-08-29T06:53:07.507903-05:00,2026-08-29T07:57:01.141998-05:00,63.89,0,0,3
2026-08-29,37,2026-08-29T06:54:34.615893-05:00,2026-08-29T07:57:55.818577-05:00,63.35,0,0,6
2026-08-29,38,2026-08-29T06:55:11.641396-05:00,2026-08-29T07:58:23.012554-05:00,63.19,0,1,8
2026-08-29,39,2026-08-29T06:55:39.183353-05:00,2026-08-29T07:58:55.575460-05:00,63.27,0,1,1
2026-08-29,41,2026-08-29T06:56:25.050108-05:00,2026-08-29T07:59:54.009985-05:00,63.48,0,0,9
2026-08-29,43,2026-08-29T06:58:07.160788-05:00,2026-08-29T08:01:22.029593-05:00,63.25,0,1,10
2026-08-29,42,2026-08-29T06:58:16.975011-05:00,2026-08-29T08:04:45.492275-05:00,66.48,0,1,2
2026-08-29,44,2026-08-29T06:58:36.971328-05:00,2026-08-29T08:07:31.891877-05:00,68.92,0,1,3
2026-08-29,45,2026-08-29T06:58:45.838584-05:00,2026-08-29T08:09:56.991795-05:00,71.19,0,1,7
2026-08-29,48,2026-08-29T07:00:42.982404-05:00,2026-08-29T08:10:10.651891-05:00,69.46,0,0,6
2026-08-29,47,2026-08-29T07:00:59.101607-05:00,2026-08-29T08:10:23.628156-05:00,69.41,0,1,1
2026-08-29,49,2026-08-29T07:01:52.812872-05:00,2026-08-29T08:10:54.122809-05:00,69.02,0,0,4
2026-08-29,51,2026-08-29T07:07:18.316943-05:00,2026-08-29T08:12:22.106316-05:00,65.06,0,0,5
2026-08-29,52,2026-08-29T07:07:21.078216-05:00,2026-08-29T08:13:37.436513-05:00,66.27,0,1,8
2026-08-29,54,2026-08-29T07:08:13.873362-05:00,2026-08-29T08:14:44.035312-05:00,66.5,0,0,9
2026-08-29,53,2026-08-29T07:08:19.167653-05:00,2026-08-29T08:15:41.924622-05:00,67.38,0,0,2
2026-08-29,107,2026-08-29T08:20:20.377303-05:00,2026-08-29T08:22:31.746695-05:00,2.19,1,0,5
2026-08-29,55,2026-08-29T07:09:13.634295-05:00,2026-08-29T08:22:35.591574-05:00,73.37,0,1,8
2026-08-29,57,2026-08-29T07:09:31.227966-05:00,2026-08-29T08:22:45.578005-05:00,73.24,0,1,10
2026-08-29,56,2026-08-29T07:09:56.922797-05:00,2026-08-29T08:23:24.788561-05:00,73.46,0,1,7
2026-08-29,58,2026-08-29T07:10:52.017056-05:00,2026-08-29T08:23:38.221299-05:00,72.77,0,0,9
2026-08-29,59,2026-08-29T07:11:07.070672-05:00,2026-08-29T08:23:43.918490-05:00,72.61,0,1,3
2026-08-29,60,2026-08-29T07:11:33.199484-05:00,2026-08-29T08:23:48.292620-05:00,72.25,0,0,1
2026-08-29,62,2026-08-29T07:12:41.802483-05:00,2026-08-29T08:25:40.602684-05:00,72.98,0,0,4
2026-08-29,63,2026-08-29T07:13:01.839261-05:00,2026-08-29T08:25:41.784481-05:00,72.67,0,1,6
2026-08-29,64,2026-08-29T07:14:12.216446-05:00,2026-08-29T08:30:33.729047-05:00,76.36,0,0,1
2026-08-29,65,2026-08-29T07:15:21.404975-05:00,2026-08-29T08:30:59.779901-05:00,75.64,0,0,10
2026-08-29,66,2026-08-29T07:15:58.694365-05:00,2026-08-29T08:32:34.166839-05:00,76.59,0,1,7
2026-08-29,67,2026-08-29T07:16:56.104095-05:00,2026-08-29T08:32:44.020525-05:00,75.8,0,0,5
2026-08-29,68,2026-08-29T07:17:24.636291-05:00,2026-08-29T08:32:51.388224-05:00,75.45,0,0,9
2026-08-29,69,2026-08-29T07:17:45.681851-05:00,2026-08-29T08:33:55.106501-05:00,76.16,0,0,8
2026-08-29,109,2026-08-29T08:34:11.509216-05:00,2026-08-29T08:35:26.605890-05:00,1.25,1,1,4
2026-08-29,70,2026-08-29T07:19:52.802652-05:00,2026-08-29T08:35:40.699881-05:00,75.8,0,0,3
2026-08-29,71,2026-08-29T07:20:34.345318-05:00,2026-08-29T08:39:45.293674-05:00,79.18,0,0,1
2026-08-29,72,2026-08-29T07:20:36.077207-05:00,2026-08-29T08:40:27.738908-05:00,79.86,0,0,7
2026-08-29,74,2026-08-29T07:21:12.013118-05:00,2026-08-29T08:40:58.577750-05:00,79.78,0,0,2
2026-08-29,73,2026-08-29T07:21:25.380830-05:00,2026-08-29T08:42:16.380326-05:00,80.85,0,0,5
2026-08-29,75,2026-08-29T07:21:44.825683-05:00,2026-08-29T08:42:37.437815-05:00,80.88,0,0,4
2026-08-29,76,2026-08-29T07:23:07.573962-05:00,2026-08-29T08:42:59.761903-05:00,79.87,0,1,6
2026-08-29,77,2026-08-29T07:24:59.752299-05:00,2026-08-29T08:43:38.936167-05:00,78.65,0,1,9
2026-08-29,78,2026-08-29T07:25:29.567954-05:00,2026-08-29T08:45:00.202600-05:00,79.51,0,1,8
2026-08-29,79,2026-08-29T07:26:57.581411-05:00,2026-08-29T08:48:45.494227-05:00,81.8,0,0,7
2026-08-29,80,2026-08-29T07:27:03.796144-05:00,2026-08-29T08:49:08.759140-05:00,82.08,0,0,10
2026-08-29,81,2026-08-29T07:27:29.291336-05:00,2026-08-29T08:50:18.496661-05:00,82.82,0,1,9
2026-08-29,82,2026-08-29T07:28:48.925536-05:00,2026-08-29T08:51:38.234353-05:00,82.82,0,0,2
2026-08-29,86,2026-08-29T07:31:36.076717-05:00,2026-08-29T08:52:18.004287-05:00,80.7,0,0,6
2026-08-29,87,2026-08-29T07:33:33.375265-05:00,2026-08-29T08:52:26.036665-05:00,78.88,0,0,3
2026-08-29,89,2026-08-29T07:39:54.775168-05:00,2026-08-29T08:53:32.283594-05:00,73.63,0,1,8
2026-08-29,90,2026-08-29T07:40:43.966951-05:00,2026-08-29T08:54:05.252824-05:00,73.35,0,0,7
2026-08-29,91,2026-08-29T07:41:37.480295-05:00,2026-08-29T08:55:14.978022-05:00,73.62,0,0,5
2026-08-29,93,2026-08-29T07:45:12.048407-05:00,2026-08-29T08:55:58.205611-05:00,70.77,0,1,4
2026-08-29,92,2026-08-29T07:45:19.053684-05:00,2026-08-29T08:56:12.092067-05:00,70.88,0,0,2
2026-08-29,94,2026-08-29T07:49:31.422055-05:00,2026-08-29T08:59:23.344042-05:00,69.87,0,0,10
2026-08-29,95,2026-08-29T07:50:30.613730-05:00,2026-08-29T08:59:32.267108-05:00,69.03,0,0,6
2026-08-29,96,2026-08-29T07:54:27.673977-05:00,2026-08-29T09:01:48.615654-05:00,67.35,0,0,1
2026-08-29,97,2026-08-29T07:56:07.276228-05:00,2026-08-29T09:02:25.173274-05:00,66.3,0,1,9
2026-08-29,98,2026-08-29T07:57:37.880669-05:00,2026-08-29T09:02:44.745119-05:00,65.11,0,0,7
2026-08-29,99,2026-08-29T07:57:44.786021-05:00,2026-08-29T09:04:51.049025-05:00,67.1,0,0,3
2026-08-29,100,2026-08-29T07:58:04.821594-05:00,2026-08-29T09:07:25.815216-05:00,69.35,0,0,5
2026-08-29,101,2026-08-29T08:02:07.124311-05:00,2026-08-29T09:09:19.548075-05:00,67.21,0,1,10
2026-08-29,102,2026-08-29T08:02:53.018587-05:00,2026-08-29T09:11:19.318297-05:00,68.44,0,0,9
2026-08-29,103,2026-08-29T08:17:06.983392-05:00,2026-08-29T09:11:28.196791-05:00,54.35,0,1,6
2026-08-29,104,2026-08-29T08:17:12.752016-05:00,2026-08-29T09:12:41.045947-05:00,55.47,0,0,1
2026-08-29,105,2026-08-29T08:17:50.078172-05:00,2026-08-29T09:12:46.043455-05:00,54.93,0,0,4
2026-08-29,126,2026-08-29T09:13:39.552679-05:00,2026-08-29T09:14:41.228846-05:00,1.03,1,0,7
2026-08-29,106,2026-08-29T08:18:57.378460-05:00,2026-08-29T09:15:45.136312-05:00,56.8,0,1,5
2026-08-29,108,2026-08-29T08:32:35.540175-05:00,2026-08-29T09:16:28.412014-05:00,43.88,0,0,3
2026-08-29,110,2026-08-29T08:40:58.076420-05:00,2026-08-29T09:17:46.483646-05:00,36.81,0,1,2
2026-08-29,130,2026-08-29T09:19:33.347606-05:00,2026-08-29T09:20:45.822444-05:00,1.21,1,1,10
2026-08-29,129,2026-08-29T09:19:58.300901-05:00,2026-08-29T09:20:56.608598-05:00,0.97,1,1,8
2026-08-29,111,2026-08-29T08:45:25.706396-05:00,2026-08-29T09:22:58.916338-05:00,37.55,0,1,4
2026-08-29,112,2026-08-29T08:46:06.879299-05:00,2026-08-29T09:24:01.068605-05:00,37.9,0,1,6
2026-08-29,113,2026-08-29T08:47:51.203403-05:00,2026-08-29T09:24:55.640842-05:00,37.07,0,1,1
2026-08-29,114,2026-08-29T08:49:56.682832-05:00,2026-08-29T09:25:26.048412-05:00,35.49,0,1,3
2026-08-29,115,2026-08-29T08:54:48.801099-05:00,2026-08-29T09:25:29.920069-05:00,30.69,0,0,5
2026-08-29,116,2026-08-29T08:56:21.846614-05:00,2026-08-29T09:26:28.968572-05:00,30.12,0,0,7
2026-08-29,117,2026-08-29T08:58:26.034251-05:00,2026-08-29T09:26:38.630361-05:00,28.21,0,0,9
2026-08-29,118,2026-08-29T08:58:49.767260-05:00,2026-08-29T09:27:08.561094-05:00,28.31,0,1,10
2026-08-29,119,2026-08-29T09:04:12.072939-05:00,2026-08-29T09:29:20.507353-05:00,25.14,0,0,6
2026-08-29,120,2026-08-29T09:04:33.484967-05:00,2026-08-29T09:29:49.198646-05:00,25.26,0,0,8
2026-08-29,121,2026-08-29T09:07:44.069388-05:00,2026-08-29T09:32:44.518969-05:00,25.01,0,0,4
2026-08-29,122,2026-08-29T09:10:22.002181-05:00,2026-08-29T09:33:13.116506-05:00,22.85,0,1,5
2026-08-29,137,2026-08-29T09:33:42.036427-05:00,2026-08-29T09:36:00.451091-05:00,2.31,1,0,7
2026-08-29,123,2026-08-29T09:11:55.757134-05:00,2026-08-29T09:36:50.374852-05:00,24.91,0,0,1
2026-08-29,124,2026-08-29T09:12:56.332783-05:00,2026-08-29T09:37:38.189370-05:00,24.7,0,1,6
2026-08-29,125,2026-08-29T09:13:28.415635-05:00,2026-08-29T09:37:57.908432-05:00,24.49,0,0,2
2026-08-29,127,2026-08-29T09:13:46.549473-05:00,2026-08-29T09:38:13.601520-05:00,24.45,0,1,3
2026-08-29,128,2026-08-29T09:18:24.537636-05:00,2026-08-29T09:38:18.561429-05:00,19.9,0,0,10
2026-08-29,131,2026-08-29T09:22:40.423885-05:00,2026-08-29T09:40:27.604105-05:00,17.79,0,0,9
2026-08-29,132,2026-08-29T09:26:48.138514-05:00,2026-08-29T09:43:35.587896-05:00,16.79,0,1,7
2026-08-29,133,2026-08-29T09:29:09.803455-05:00,2026-08-29T09:47:20.425556-05:00,18.18,0,1,8
2026-08-29,134,2026-08-29T09:29:19.905278-05:00,2026-08-29T09:47:39.038913-05:00,18.32,0,0,1
2026-08-29,135,2026-08-29T09:30:03.565562-05:00,2026-08-29T09:47:53.144955-05:00,17.83,0,0,4
2026-08-29,136,2026-08-29T09:30:30.033029-05:00,2026-08-29T09:48:58.254723-05:00,18.47,0,1,5
2026-08-29,138,2026-08-29T09:35:32.784127-05:00,2026-08-29T09:50:33.798448-05:00,15.02,0,0,3
2026-08-29,139,2026-08-29T09:39:46.329540-05:00,2026-08-29T09:50:36.107006-05:00,10.83,0,0,10
2026-08-29,140,2026-08-29T09:42:06.585243-05:00,2026-08-29T09:53:15.781387-05:00,11.15,0,0,6
2026-08-29,141,2026-08-29T09:44:43.602776-05:00,2026-08-29T09:53:43.852512-05:00,9.0,0,1,7
2026-08-29,142,2026-08-29T09:48:16.150714-05:00,2026-08-29T09:55:11.321899-05:00,6.92,0,0,2
2026-08-29,143,2026-08-29T09:56:25.205000-05:00,2026-08-29T09:57:43.822694-05:00,1.31,1,1,9
2026-08-29,144,2026-08-29T09:57:38.469311-05:00,2026-08-29T10:00:03.873686-05:00,2.42,1,0,10
2026-08-29,145,2026-08-29T09:59:22.525863-05:00,2026-08-29T10:00:21.756763-05:00,0.99,0,0,4
2026-08-29,146,2026-08-29T10:01:53.014915-05:00,2026-08-29T10:02:16.416926-05:00,0.39,0,0,1
2026-08-29,147,2026-08-29T10:04:11.450658-05:00,2026-08-29T10:04:11.450658-05:00,0.0,0,0,6
2026-08-29,148,2026-08-29T10:06:57.690478-05:00,2026-08-29T10:06:57.690478-05:00,0.0,0,1,3
2026-08-29,149,2026-08-29T10:09:40.010883-05:00,2026-08-29T10:09:40.010883-05:00,0.0,0,1,2
2026-08-29,150,2026-08-29T10:11:14.976131-05:00,2026-08-29T10:11:14.976131-05:00,0.0,0,0,4
2026-08-29,151,2026-08-29T10:17:41.608971-05:00,2026-08-29T10:17:41.608971-05:00,0.0,0,1,1
2026-08-29,152,2026-08-29T10:18:39.108639-05:00,2026-08-29T10:18:39.108639-05:00,0.0,0,0,3
2026-08-29,153,2026-08-29T10:23:17.126889-05:00,2026-08-29T10:23:17.126889-05:00,0.0,0,0,1
2026-08-29,154,2026-08-29T10:27:52.496247-05:00,2026-08-29T10:27:52.496247-05:00,0.0,0,1,2
2026-08-29,155,2026-08-29T10:31:58.774050-05:00,2026-08-29T10:31:58.774050-05:00,0.0,1,0,4
2026-08-29,156,2026-08-29T10:33:28.099423-05:00,2026-08-29T10:33:28.099423-05:00,0.0,1,0,5
2026-08-29,157,2026-08-29T10:37:14.736576-05:00,2026-08-29T10:37:14.736576-05:00,0.0,0,0,1
2026-08-29,158,2026-08-29T10:43:44.127148-05:00,2026-08-29T10:43:44.127148-05:00,0.0,0,0,2
2026-08-29,159,2026-08-29T10:50:19.153457-05:00,2026-08-29T10:50:19.153457-05:00,0.0,0,0,3
2026-08-29,160,2026-08-29T11:02:21.282644-05:00,2026-08-29T11:02:21.282644-05:00,0.0,0,1,1
2026-08-29,161,2026-08-29T11:03:03.404810-05:00,2026-08-29T11:03:03.404810-05:00,0.0,0,0,4
2026-08-29,162,2026-08-29T11:06:36.579370-05:00,2026-08-29T11:06:36.579370-05:00,0.0,0,0,2
2026-08-29,164,2026-08-29T11:09:32.124159-05:00,2026-08-29T11:09:32.124159-05:00,0.0,1,0,3
2026-08-29,163,2026-08-29T11:09:55.715212-05:00,2026-08-29T11:09:55.715212-05:00,0.0,0,1,5
2026-08-29,165,2026-08-29T11:20:19.896664-05:00,2026-08-29T11:20:19.896664-05:00,0.0,0,1,1
2026-08-29,166,2026-08-29T11:22:41.469209-05:00,2026-08-29T11:22:41.469209-05:00,0.0,0,0,2
2026-08-29,167,2026-08-29T11:25:36.473683-05:00,2026-08-29T11:25:36.473683-05:00,0.0,0,0,4
2026-08-29,168,2026-08-29T11:30:39.206576-05:00,2026-08-29T11:30:39.206576-05:00,0.0,0,1,5
2026-08-29,169,2026-08-29T11:44:57.738897-05:00,2026-08-29T11:44:57.738897-05:00,0.0,0,0,1
2026-08-29,170,2026-08-29T11:45:00.852328-05:00,2026-08-29T11:45:00.852328-05:00,0.0,0,0,2
2026-08-29,171,2026-08-29T11:52:39.101835-05:00,2026-08-29T11:52:39.101835-05:00,0.0,0,0,1
2026-08-29,172,2026-08-29T12:06:12.730499-05:00,2026-08-29T12:06:12.730499-05:00,0.0,0,0,2
2026-08-29,173,2026-08-29T12:27:41.577047-05:00,2026-08-29T12:27:41.577047-05:00,0.0,0,0,1
2026-08-31,9,2026-08-31T06:25:30.951289-05:00,2026-08-31T07:06:00-05:00,40.48,1,1,1
2026-08-31,17,2026-08-31T06:39:46.954032-05:00,2026-08-31T07:06:00-05:00,26.22,1,0,2
2026-08-31,25,2026-08-31T06:46:20.144084-05:00,2026-08-31T07:06:00-05:00,19.66,1,1,3
2026-08-31,44,2026-08-31T06:59:04.383464-05:00,2026-08-31T07:06:00-05:00,6.93,1,0,4
2026-08-31,46,2026-08-31T07:00:06.544536-05:00,2026-08-31T07:06:00-05:00,5.89,1,0,5
2026-08-31,49,2026-08-31T07:01:39.964555-05:00,2026-08-31T07:06:00-05:00,4.33,1,1,6
2026-08-31,57,2026-08-31T07:04:37.699693-05:00,2026-08-31T07:06:00-05:00,1.37,1,1,7
2026-08-31,0,2026-08-31T06:12:08.711346-05:00,2026-08-31T07:06:00-05:00,53.85,0,1,8
2026-08-31,1,2026-08-31T06:14:08.521221-05:00,2026-08-31T07:06:00-05:00,51.86,0,0,9
2026-08-31,2,2026-08-31T06:15:23.975486-05:00,2026-08-31T07:06:00-05:00,50.6,0,0,10
2026-08-31,3,2026-08-31T06:17:25.363353-05:00,2026-08-31T07:12:29.118403-05:00,55.06,0,1,8
2026-08-31,62,2026-08-31T07:12:39.976839-05:00,2026-08-31T07:14:51.118921-05:00,2.19,1,0,1
2026-08-31,4,2026-08-31T06:18:17.470302-05:00,2026-08-31T07:14:55.222986-05:00,56.63,0,1,6
2026-08-31,5,2026-08-31T06:21:28.070207-05:00,2026-08-31T07:16:22.667128-05:00,54.91,0,1,7
2026-08-31,6,2026-08-31T06:23:01.906976-05:00,2026-08-31T07:16:57.819173-05:00,53.93,0,1,10
2026-08-31,7,2026-08-31T06:24:29.200467-05:00,2026-08-31T07:17:54.166721-05:00,53.42,0,1,4
2026-08-31,8,2026-08-31T06:24:32.400001-05:00,2026-08-31T07:18:43.417478-05:00,54.18,0,0,9
2026-08-31,10,2026-08-31T06:26:58.756003-05:00,2026-08-31T07:19:40.570318-05:00,52.7,0,0,3
2026-08-31,11,2026-08-31T06:27:12.108712-05:00,2026-08-31T07:19:45.440088-05:00,52.56,0,1,2
2026-08-31,69,2026-08-31T07:21:13.020508-05:00,2026-08-31T07:22:25.748848-05:00,1.21,1,0,5
2026-08-31,12,2026-08-31T06:29:31.075825-05:00,2026-08-31T07:23:59.059566-05:00,54.47,0,0,8
2026-08-31,13,2026-08-31T06:33:27.485771-05:00,2026-08-31T07:25:12.965764-05:00,51.76,0,0,6
2026-08-31,14,2026-08-31T06:34:31.412819-05:00,2026-08-31T07:25:52.591097-05:00,51.35,0,0,9
2026-08-31,15,2026-08-31T06:35:32.544720-05:00,2026-08-31T07:27:04.481088-05:00,51.53,0,0,1
2026-08-31,16,2026-08-31T06:37:52.426763-05:00,2026-08-31T07:29:53.025162-05:00,52.01,0,1,7
2026-08-31,18,2026-08-31T06:40:40.929333-05:00,2026-08-31T07:30:10.425294-05:00,49.49,0,0,10
2026-08-31,19,2026-08-31T06:42:22.407737-05:00,2026-08-31T07:31:18.743709-05:00,48.94,0,0,2
2026-08-31,20,2026-08-31T06:42:30.073679-05:00,2026-08-31T07:32:38.803462-05:00,50.15,0,0,8
2026-08-31,21,2026-08-31T06:42:31.884473-05:00,2026-08-31T07:33:21.870549-05:00,50.83,0,0,5
2026-08-31,22,2026-08-31T06:43:48.421717-05:00,2026-08-31T07:34:02.957501-05:00,50.24,0,0,4
2026-08-31,23,2026-08-31T06:45:02.314370-05:00,2026-08-31T07:35:36.220494-05:00,50.57,0,0,3
2026-08-31,24,2026-08-31T06:45:24.899623-05:00,2026-08-31T07:36:17.639657-05:00,50.88,0,1,9
2026-08-31,27,2026-08-31T06:46:07.713658-05:00,2026-08-31T07:36:41.286790-05:00,50.56,0,1,7
2026-08-31,26,2026-08-31T06:46:10.027402-05:00,2026-08-31T07:38:17.345263-05:00,52.12,0,0,8
2026-08-31,28,2026-08-31T06:46:31.663082-05:00,2026-08-31T07:39:11.745303-05:00,52.67,0,0,10
2026-08-31,29,2026-08-31T06:47:07.495000-05:00,2026-08-31T07:39:14.791475-05:00,52.12,0,0,1
2026-08-31,30,2026-08-31T06:48:26.292976-05:00,2026-08-31T07:40:16.561732-05:00,51.84,0,0,6
2026-08-31,33,2026-08-31T06:49:30.961611-05:00,2026-08-31T07:41:38.473488-05:00,52.13,0,0,5
2026-08-31,31,2026-08-31T06:49:58.139415-05:00,2026-08-31T07:44:26.159530-05:00,54.47,0,0,10
2026-08-31,32,2026-08-31T06:49:59.941436-05:00,2026-08-31T07:45:35.307542-05:00,55.59,0,1,2
2026-08-31,34,2026-08-31T06:51:37.146093-05:00,2026-08-31T07:50:10.373026-05:00,58.55,0,0,3
2026-08-31,35,2026-08-31T06:51:45.521366-05:00,2026-08-31T07:52:36.896731-05:00,60.86,0,1,9
2026-08-31,37,2026-08-31T06:53:15.356121-05:00,2026-08-31T07:52:37.394885-05:00,59.37,0,1,6
2026-08-31,36,2026-08-31T06:53:26.308142-05:00,2026-08-31T07:53:02.683900-05:00,59.61,0,0,8
2026-08-31,39,2026-08-31T06:53:47.638408-05:00,2026-08-31T07:53:38.315555-05:00,59.84,0,1,1
2026-08-31,38,2026-08-31T06:53:53.197405-05:00,2026-08-31T07:56:23.326589-05:00,62.5,0,0,7
2026-08-31,40,2026-08-31T06:55:47.878168-05:00,2026-08-31T07:56:29.485459-05:00,60.69,0,1,5
2026-08-31,98,2026-08-31T07:56:53.244381-05:00,2026-08-31T07:59:05.136774-05:00,2.2,1,0,3
2026-08-31,41,2026-08-31T06:56:05.004733-05:00,2026-08-31T07:59:14.929279-05:00,63.17,0,0,1
2026-08-31,42,2026-08-31T06:57:25.260017-05:00,2026-08-31T08:02:22.723736-05:00,64.96,0,0,8
2026-08-31,43,2026-08-31T06:57:50.301999-05:00,2026-08-31T08:03:25.068485-05:00,65.58,0,1,4
2026-08-31,45,2026-08-31T06:59:51.443806-05:00,2026-08-31T08:04:51.273316-05:00,65.0,0,0,5
2026-08-31,47,2026-08-31T07:00:09.069179-05:00,2026-08-31T08:06:37.691091-05:00,66.48,0,0,10
2026-08-31,48,2026-08-31T07:00:48.403960-05:00,2026-08-31T08:06:52.942033-05:00,66.08,0,1,3
2026-08-31,50,2026-08-31T07:02:17.923122-05:00,2026-08-31T08:07:12.831831-05:00,64.92,0,0,9
2026-08-31,53,2026-08-31T07:02:37.599163-05:00,2026-08-31T08:07:19.678280-05:00,64.7,0,0,1
2026-08-31,52,2026-08-31T07:02:42.595394-05:00,2026-08-31T08:12:14.765484-05:00,69.54,0,0,8
2026-08-31,51,2026-08-31T07:02:52.674896-05:00,2026-08-31T08:12:32.677801-05:00,69.67,0,0,2
2026-08-31,54,2026-08-31T07:04:24.725577-05:00,2026-08-31T08:13:08.403198-05:00,68.73,0,1,10
2026-08-31,55,2026-08-31T07:04:38.760499-05:00,2026-08-31T08:13:09.442566-05:00,68.51,0,0,6
2026-08-31,56,2026-08-31T07:04:55.512821-05:00,2026-08-31T08:13:17.187406-05:00,68.36,0,1,4
2026-08-31,58,2026-08-31T07:05:36.828804-05:00,2026-08-31T08:16:07.120215-05:00,70.5,0,0,7
2026-08-31,59,2026-08-31T07:08:34.672171-05:00,2026-08-31T08:17:30.527030-05:00,68.93,0,0,9
2026-08-31,60,2026-08-31T07:08:41.830482-05:00,2026-08-31T08:17:48.379008-05:00,69.11,0,1,5
2026-08-31,61,2026-08-31T07:11:43.686158-05:00,2026-08-31T08:18:32.069927-05:00,66.81,0,0,3
2026-08-31,63,2026-08-31T07:13:21.746997-05:00,2026-08-31T08:22:29.253471-05:00,69.13,0,0,10
2026-08-31,64,2026-08-31T07:14:09.828063-05:00,2026-08-31T08:22:39.500825-05:00,68.49,0,0,1
2026-08-31,65,2026-08-31T07:16:23.234479-05:00,2026-08-31T08:24:21.559546-05:00,67.97,0,0,2
2026-08-31,66,2026-08-31T07:18:04.696998-05:00,2026-08-31T08:24:47.436693-05:00,66.71,0,1,6
2026-08-31,67,2026-08-31T07:19:50.830590-05:00,2026-08-31T08:25:31.409078-05:00,65.68,0,0,9
2026-08-31,106,2026-08-31T08:26:58.674554-05:00,2026-08-31T08:28:01.058667-05:00,1.04,1,0,4
2026-08-31,109,2026-08-31T08:29:27.937648-05:00,2026-08-31T08:30:49.651328-05:00,1.36,1,0,8
2026-08-31,68,2026-08-31T07:20:42.416261-05:00,2026-08-31T08:30:52.794543-05:00,70.17,0,0,3
2026-08-31,70,2026-08-31T07:21:12.178182-05:00,2026-08-31T08:31:08.642951-05:00,69.94,0,1,6
2026-08-31,71,2026-08-31T07:21:51.676850-05:00,2026-08-31T08:31:31.348466-05:00,69.66,0,1,7
2026-08-31,72,2026-08-31T07:21:57.753190-05:00,2026-08-31T08:32:36.930396-05:00,70.65,0,0,1
2026-08-31,73,2026-08-31T07:22:33.825647-05:00,2026-08-31T08:35:33.322338-05:00,72.99,0,0,2
2026-08-31,74,2026-08-31T07:24:05.714648-05:00,2026-08-31T08:36:57.654752-05:00,72.87,0,0,3
2026-08-31,75,2026-08-31T07:24:06.848935-05:00,2026-08-31T08:37:07.121643-05:00,73.0,0,0,10
2026-08-31,76,2026-08-31T07:25:34.968100-05:00,2026-08-31T08:37:17.665748-05:00,71.71,0,1,6
2026-08-31,77,2026-08-31T07:27:04.566555-05:00,2026-08-31T08:39:07.381243-05:00,72.05,0,1,7
2026-08-31,78,2026-08-31T07:30:03.806303-05:00,2026-08-31T08:39:33.092614-05:00,69.49,0,1,1
2026-08-31,79,2026-08-31T07:30:52.008549-05:00,2026-08-31T08:40:24.049848-05:00,69.53,0,1,5
2026-08-31,80,2026-08-31T07:31:33.432139-05:00,2026-08-31T08:41:20.784353-05:00,69.79,0,0,8
2026-08-31,82,2026-08-31T07:33:11.623361-05:00,2026-08-31T08:41:49.177495-05:00,68.63,0,0,4
2026-08-31,81,2026-08-31T07:33:19.625038-05:00,2026-08-31T08:43:05.834477-05:00,69.77,0,0,9
2026-08-31,83,2026-08-31T07:34:17.829833-05:00,2026-08-31T08:44:10.397011-05:00,69.88,0,0,3
2026-08-31,84,2026-08-31T07:39:03.498961-05:00,2026-08-31T08:48:15.591715-05:00,69.2,0,1,5
2026-08-31,85,2026-08-31T07:40:44.677083-05:00,2026-08-31T08:49:39.995499-05:00,68.92,0,0,6
2026-08-31,87,2026-08-31T07:41:23.563292-05:00,2026-08-31T08:51:04.389615-05:00,69.68,0,1,4
2026-08-31,86,2026-08-31T07:41:26.604793-05:00,2026-08-31T08:51:57.893387-05:00,70.52,0,1,8
2026-08-31,88,2026-08-31T07:42:33.163908-05:00,2026-08-31T08:52:22.470361-05:00,69.82,0,0,10
2026-08-31,89,2026-08-31T07:44:16.019913-05:00,2026-08-31T08:53:45.006081-05:00,69.48,0,1,3
2026-08-31,90,2026-08-31T07:45:41.074030-05:00,2026-08-31T08:54:50.615444-05:00,69.16,0,1,7
2026-08-31,91,2026-08-31T07:45:45.338016-05:00,2026-08-31T08:55:32.507317-05:00,69.79,0,1,1
2026-08-31,92,2026-08-31T07:48:35.260006-05:00,2026-08-31T08:57:40.791396-05:00,69.09,0,0,5
2026-08-31,93,2026-08-31T07:49:00.151914-05:00,2026-08-31T08:57:49.136814-05:00,68.82,0,0,6
2026-08-31,94,2026-08-31T07:51:33.104431-05:00,2026-08-31T08:59:51.681508-05:00,68.31,0,1,9
2026-08-31,95,2026-08-31T07:52:20.237335-05:00,2026-08-31T09:00:43.288613-05:00,68.38,0,0,2
2026-08-31,115,2026-08-31T09:01:46.701553-05:00,2026-08-31T09:01:48.237016-05:00,0.03,1,1,4
2026-08-31,96,2026-08-31T07:53:41.266590-05:00,2026-08-31T09:05:36.850794-05:00,71.93,0,0,7
2026-08-31,97,2026-08-31T07:54:40.737778-05:00,2026-08-31T09:07:04.268019-05:00,72.39,0,0,8
2026-08-31,99,2026-08-31T08:04:50.395306-05:00,2026-08-31T09:07:46.886090-05:00,62.94,0,0,3
2026-08-31,100,2026-08-31T08:05:16.004194-05:00,2026-08-31T09:08:54.312674-05:00,63.64,0,0,6
2026-08-31,101,2026-08-31T08:07:07.368880-05:00,2026-08-31T09:09:17.875366-05:00,62.18,0,1,10
2026-08-31,102,2026-08-31T08:07:34.694846-05:00,2026-08-31T09:10:05.698090-05:00,62.52,0,0,9
2026-08-31,103,2026-08-31T08:09:32.892805-05:00,2026-08-31T09:11:28.440279-05:00,61.93,0,0,5
2026-08-31,104,2026-08-31T08:22:59.406420-05:00,2026-08-31T09:11:50.078847-05:00,48.84,0,0,2
2026-08-31,105,2026-08-31T08:23:08.881376-05:00,2026-08-31T09:13:02.151383-05:00,49.89,0,0,7
2026-08-31,107,2026-08-31T08:26:51.801694-05:00,2026-08-31T09:15:49.762540-05:00,48.97,0,1,4
2026-08-31,108,2026-08-31T08:27:47.813682-05:00,2026-08-31T09:17:49.402309-05:00,50.03,0,0,10
2026-08-31,110,2026-08-31T08:37:08.523281-05:00,2026-08-31T09:19:34.271861-05:00,42.43,0,0,2
2026-08-31,111,2026-08-31T08:47:08.022088-05:00,2026-08-31T09:19:53.289025-05:00,32.75,0,1,5
2026-08-31,112,2026-08-31T08:50:09.165944-05:00,2026-08-31T09:21:17.272679-05:00,31.14,0,0,3
2026-08-31,113,2026-08-31T08:50:23.873672-05:00,2026-08-31T09:23:17.773589-05:00,32.9,0,1,7
2026-08-31,114,2026-08-31T08:51:03.580521-05:00,2026-08-31T09:23:37.176626-05:00,32.56,0,1,6
2026-08-31,116,2026-08-31T09:05:52.925339-05:00,2026-08-31T09:24:42.865172-05:00,18.83,0,1,9
2026-08-31,117,2026-08-31T09:09:10.573050-05:00,2026-08-31T09:26:05.807684-05:00,16.92,0,1,8
2026-08-31,118,2026-08-31T09:16:32.618727-05:00,2026-08-31T09:27:13.656503-05:00,10.68,0,0,1
2026-08-31,119,2026-08-31T09:19:11.430121-05:00,2026-08-31T09:27:17.816860-05:00,8.11,0,0,4
2026-08-31,120,2026-08-31T09:26:29.026020-05:00,2026-08-31T09:29:25.299333-05:00,2.94,0,0,9
2026-08-31,121,2026-08-31T09:29:41.635841-05:00,2026-08-31T09:30:34.122583-05:00,0.87,0,0,7
2026-08-31,122,2026-08-31T09:31:53.444775-05:00,2026-08-31T09:31:53.444775-05:00,0.0,0,1,3
2026-08-31,123,2026-08-31T09:32:19.506399-05:00,2026-08-31T09:32:26.535620-05:00,0.12,0,0,10
2026-08-31,124,2026-08-31T09:33:20.583157-05:00,2026-08-31T09:33:20.583157-05:00,0.0,0,0,5
2026-08-31,125,2026-08-31T09:36:09.521794-05:00,2026-08-31T09:36:09.521794-05:00,0.0,1,0,4
2026-08-31,126,2026-08-31T09:36:26.865224-05:00,2026-08-31T09:36:26.865224-05:00,0.0,0,0,6
2026-08-31,127,2026-08-31T09:41:22.165651-05:00,2026-08-31T09:41:22.165651-05:00,0.0,0,1,1
2026-08-31,128,2026-08-31T09:42:19.853415-05:00,2026-08-31T09:42:19.853415-05:00,0.0,0,0,2
2026-08-31,129,2026-08-31T09:42:57.535263-05:00,2026-08-31T09:42:57.535263-05:00,0.0,0,1,8
2026-08-31,130,2026-08-31T09:52:31.065762-05:00,2026-08-31T09:52:31.065762-05:00,0.0,0,0,1
2026-08-31,131,2026-08-31T09:52:36.058240-05:00,2026-08-31T09:52:36.058240-05:00,0.0,0,1,2
2026-08-31,132,2026-08-31T09:53:34.379909-05:00,2026-08-31T09:53:34.379909-05:00,0.0,0,0,3
2026-08-31,133,2026-08-31T09:54:22.218027-05:00,2026-08-31T09:54:22.218027-05:00,0.0,0,0,4
2026-08-31,134,2026-08-31T09:55:51.272767-05:00,2026-08-31T09:55:51.272767-05:00,0.0,0,0,5
2026-08-31,135,2026-08-31T09:57:00.656067-05:00,2026-08-31T09:57:00.656067-05:00,0.0,1,0,6
2026-08-31,136,2026-08-31T10:03:34.855833-05:00,2026-08-31T10:03:34.855833-05:00,0.0,0,1,1
2026-08-31,137,2026-08-31T10:10:02.631137-05:00,2026-08-31T10:10:02.631137-05:00,0.0,1,0,2
2026-08-31,138,2026-08-31T10:10:35.667870-05:00,2026-08-31T10:10:35.667870-05:00,0.0,0,0,1
2026-08-31,139,2026-08-31T10:20:07.926201-05:00,2026-08-31T10:20:07.926201-05:00,0.0,1,1,2
2026-08-31,140,2026-08-31T10:24:28.030130-05:00,2026-08-31T10:24:28.030130-05:00,0.0,0,0,3
2026-08-31,141,2026-08-31T10:24:49.543500-05:00,2026-08-31T10:24:49.543500-05:00,0.0,0,0,4
2026-08-31,142,2026-08-31T10:31:33.733756-05:00,2026-08-31T10:31:33.733756-05:00,0.0,0,0,1
2026-08-31,143,2026-08-31T10:36:52.263618-05:00,2026-08-31T10:36:52.263618-05:00,0.0,0,1,2
2026-08-31,144,2026-08-31T10:40:40.030870-05:00,2026-08-31T10:40:40.030870-05:00,0.0,0,0,4
2026-08-31,145,2026-08-31T10:50:38.754831-05:00,2026-08-31T10:50:38.754831-05:00,0.0,0,0,1
2026-08-31,146,2026-08-31T10:55:14.177443-05:00,2026-08-31T10:55:14.177443-05:00,0.0,0,1,2
2026-08-31,147,2026-08-31T11:03:50.656997-05:00,2026-08-31T11:03:50.656997-05:00,0.0,0,0,1
2026-08-31,148,2026-08-31T11:25:04.268092-05:00,2026-08-31T11:25:04.268092-05:00,0.0,0,0,2
2026-08-31,149,2026-08-31T11:27:02.678144-05:00,2026-08-31T11:27:02.678144-05:00,0.0,0,0,1
2026-08-31,150,2026-08-31T11:27:14.033129-05:00,2026-08-31T11:27:14.033129-05:00,0.0,1,1,3
2026-08-31,151,2026-08-31T11:32:31.245042-05:00,2026-08-31T11:32:31.245042-05:00,0.0,0,0,4
2026-08-31,152,2026-08-31T11:56:03.544820-05:00,2026-08-31T11:56:03.544820-05:00,0.0,0,0,1
2026-08-31,153,2026-08-31T12:25:03.840597-05:00,2026-08-31T12:25:03.840597-05:00,0.0,0,1,1
2026-08-31,154,2026-08-31T12:28:12.583749-05:00,2026-08-31T12:28:12.583749-05:00,0.0,0,0,2
2026-09-01,5,2026-09-01T06:21:36.472302-05:00,2026-09-01T07:06:00-05:00,44.39,1,0,1
2026-09-01,12,2026-09-01T06:32:47.256452-05:00,2026-09-01T07:06:00-05:00,33.21,1,0,2
2026-09-01,16,2026-09-01T06:35:38.347250-05:00,2026-09-01T07:06:00-05:00,30.36,1,0,3
2026-09-01,28,2026-09-01T06:45:28.573223-05:00,2026-09-01T07:06:00-05:00,20.52,1,0,4
2026-09-01,39,2026-09-01T06:50:34.323256-05:00,2026-09-01T07:06:00-05:00,15.43,1,1,5
2026-09-01,47,2026-09-01T07:00:57.626572-05:00,2026-09-01T07:06:00-05:00,5.04,1,0,6
2026-09-01,1,2026-09-01T06:17:08.123693-05:00,2026-09-01T07:06:00-05:00,48.86,0,0,7
2026-09-01,0,2026-09-01T06:17:25.606422-05:00,2026-09-01T07:06:00-05:00,48.57,0,0,8
2026-09-01,2,2026-09-01T06:19:02.121612-05:00,2026-09-01T07:06:00-05:00,46.96,0,0,9
2026-09-01,3,2026-09-01T06:20:41.185155-05:00,2026-09-01T07:06:00-05:00,45.31,0,0,10
2026-09-01,4,2026-09-01T06:21:44.742727-05:00,2026-09-01T07:13:14.921185-05:00,51.5,0,0,5
2026-09-01,6,2026-09-01T06:22:18.558548-05:00,2026-09-01T07:14:00.865279-05:00,51.71,0,0,4
2026-09-01,61,2026-09-01T07:14:28.351144-05:00,2026-09-01T07:14:31.581970-05:00,0.05,1,1,7
2026-09-01,7,2026-09-01T06:27:59.118967-05:00,2026-09-01T07:15:01.968734-05:00,47.05,0,0,9
2026-09-01,8,2026-09-01T06:29:39.092744-05:00,2026-09-01T07:15:11.938030-05:00,45.55,0,0,3
2026-09-01,9,2026-09-01T06:30:10.357912-05:00,2026-09-01T07:19:12.944538-05:00,49.04,0,1,6
2026-09-01,10,2026-09-01T06:31:39.507214-05:00,2026-09-01T07:22:02.868211-05:00,50.39,0,0,2
2026-09-01,13,2026-09-01T06:32:37.349584-05:00,2026-09-01T07:22:19.412156-05:00,49.7,0,1,9
2026-09-01,11,2026-09-01T06:32:41.963258-05:00,2026-09-01T07:28:37.831175-05:00,55.93,0,1,3
2026-09-01,14,2026-09-01T06:33:54.029140-05:00,2026-09-01T07:29:24.327179-05:00,55.5,0,1,1
2026-09-01,15,2026-09-01T06:34:23.184828-05:00,2026-09-01T07:30:08.649336-05:00,55.76,0,1,10
2026-09-01,17,2026-09-01T06:37:40.990579-05:00,2026-09-01T07:30:30.154348-05:00,52.82,0,1,6
2026-09-01,75,2026-09-01T07:31:17.287483-05:00,2026-09-01T07:31:46.393635-05:00,0.49,1,0,8
2026-09-01,19,2026-09-01T06:38:11.386805-05:00,2026-09-01T07:31:46.555454-05:00,53.59,0,0,9
2026-09-01,18,2026-09-01T06:38:24.095723-05:00,2026-09-01T07:34:08.344616-05:00,55.74,0,0,5
2026-09-01,20,2026-09-01T06:39:15.189574-05:00,2026-09-01T07:34:52.350092-05:00,55.62,0,1,3
2026-09-01,21,2026-09-01T06:43:01.006519-05:00,2026-09-01T07:37:49.701478-05:00,54.81,0,0,9
2026-09-01,22,2026-09-01T06:43:56.078656-05:00,2026-09-01T07:39:16.964354-05:00,55.35,0,0,7
2026-09-01,23,2026-09-01T06:44:12.370738-05:00,2026-09-01T07:40:48.468191-05:00,56.6,0,0,4
2026-09-01,26,2026-09-01T06:44:35.348497-05:00,2026-09-01T07:41:11.562173-05:00,56.6,0,0,6
2026-09-01,24,2026-09-01T06:44:38.858072-05:00,2026-09-01T07:41:30.239577-05:00,56.86,0,1,1
2026-09-01,27,2026-09-01T06:44:41.403007-05:00,2026-09-01T07:42:30.673188-05:00,57.82,0,1,2
2026-09-01,25,2026-09-01T06:44:57.476832-05:00,2026-09-01T07:43:05.780093-05:00,58.14,0,0,10
2026-09-01,30,2026-09-01T06:45:02.713026-05:00,2026-09-01T07:43:12.089523-05:00,58.16,0,0,7
2026-09-01,29,2026-09-01T06:45:27.962155-05:00,2026-09-01T07:43:39.607358-05:00,58.19,0,0,8
2026-09-01,31,2026-09-01T06:46:42.638422-05:00,2026-09-01T07:44:19.351153-05:00,57.61,0,0,5
2026-09-01,32,2026-09-01T06:47:11.149871-05:00,2026-09-01T07:49:21.343239-05:00,62.17,0,0,9
2026-09-01,91,2026-09-01T07:50:51.077172-05:00,2026-09-01T07:52:50.481919-05:00,1.99,1,0,8
2026-09-01,33,2026-09-01T06:47:50.708609-05:00,2026-09-01T07:53:26.789190-05:00,65.6,0,0,2
2026-09-01,34,2026-09-01T06:48:34.838262-05:00,2026-09-01T07:54:10.515951-05:00,65.59,0,0,6
2026-09-01,35,2026-09-01T06:49:35.413672-05:00,2026-09-01T07:56:47.307468-05:00,67.2,0,0,5
2026-09-01,36,2026-09-01T06:49:50.251474-05:00,2026-09-01T07:56:50.672250-05:00,67.01,0,1,7
2026-09-01,97,2026-09-01T07:56:51.584828-05:00,2026-09-01T07:58:27.026321-05:00,1.59,1,0,9
2026-09-01,37,2026-09-01T06:50:18.832891-05:00,2026-09-01T07:59:49.523428-05:00,69.51,0,1,3
2026-09-01,38,2026-09-01T06:50:45.143589-05:00,2026-09-01T08:03:42.407241-05:00,72.95,0,0,1
2026-09-01,40,2026-09-01T06:51:03.671177-05:00,2026-09-01T08:04:12.411483-05:00,73.15,0,0,8
2026-09-01,41,2026-09-01T06:51:51.430818-05:00,2026-09-01T08:05:02.035124-05:00,73.18,0,0,4
2026-09-01,42,2026-09-01T06:52:32.632843-05:00,2026-09-01T08:06:03.831793-05:00,73.52,0,0,3
2026-09-01,102,2026-09-01T08:07:42.726988-05:00,2026-09-01T08:10:49.033553-05:00,3.11,1,0,7
2026-09-01,43,2026-09-01T06:57:10.963093-05:00,2026-09-01T08:10:55.502010-05:00,73.74,0,0,10
2026-09-01,44,2026-09-01T06:57:40.490283-05:00,2026-09-01T08:11:56.018374-05:00,74.26,0,1,8
2026-09-01,45,2026-09-01T06:58:47.797743-05:00,2026-09-01T08:12:22.328154-05:00,73.58,0,0,2
2026-09-01,46,2026-09-01T06:59:02.837427-05:00,2026-09-01T08:13:16.508206-05:00,74.23,0,0,9
2026-09-01,48,2026-09-01T07:02:45.543715-05:00,2026-09-01T08:16:41.828678-05:00,73.94,0,0,4
2026-09-01,49,2026-09-01T07:03:30.367828-05:00,2026-09-01T08:18:02.879199-05:00,74.54,0,0,6
2026-09-01,50,2026-09-01T07:04:41.466015-05:00,2026-09-01T08:20:48.893147-05:00,76.12,0,0,1
2026-09-01,52,2026-09-01T07:06:34.283870-05:00,2026-09-01T08:21:15.509262-05:00,74.69,0,0,5
2026-09-01,51,2026-09-01T07:06:49.265242-05:00,2026-09-01T08:22:22.663790-05:00,75.56,0,1,7
2026-09-01,53,2026-09-01T07:07:27.308517-05:00,2026-09-01T08:22:35.387269-05:00,75.13,0,0,3
2026-09-01,54,2026-09-01T07:08:01.553840-05:00,2026-09-01T08:24:20.740414-05:00,76.32,0,0,2
2026-09-01,55,2026-09-01T07:08:35.125634-05:00,2026-09-01T08:25:44.922893-05:00,77.16,0,0,9
2026-09-01,57,2026-09-01T07:09:03.176080-05:00,2026-09-01T08:25:57.648168-05:00,76.91,0,0,8
2026-09-01,56,2026-09-01T07:09:06.066657-05:00,2026-09-01T08:29:21.262299-05:00,80.25,0,0,2
2026-09-01,58,2026-09-01T07:09:42.220828-05:00,2026-09-01T08:30:42.759682-05:00,81.01,0,0,5
2026-09-01,59,2026-09-01T07:10:33.524431-05:00,2026-09-01T08:31:33.133907-05:00,80.99,0,0,9
2026-09-01,60,2026-09-01T07:11:41.837555-05:00,2026-09-01T08:31:50.517209-05:00,80.14,0,1,4
2026-09-01,62,2026-09-01T07:14:42.234141-05:00,2026-09-01T08:32:46.140097-05:00,78.07,0,1,3
2026-09-01,63,2026-09-01T07:16:47.386991-05:00,2026-09-01T08:33:20.104649-05:00,76.55,0,0,1
2026-09-01,64,2026-09-01T07:17:02.117214-05:00,2026-09-01T08:33:45.353745-05:00,76.72,0,0,10
2026-09-01,65,2026-09-01T07:18:48.485317-05:00,2026-09-01T08:35:34.513063-05:00,76.77,0,0,8
2026-09-01,66,2026-09-01T07:20:51.709850-05:00,2026-09-01T08:37:02.110198-05:00,76.17,0,1,7
2026-09-01,67,2026-09-01T07:21:10.314706-05:00,2026-09-01T08:38:02.032749-05:00,76.86,0,0,2
2026-09-01,68,2026-09-01T07:21:49.649455-05:00,2026-09-01T08:38:05.760271-05:00,76.27,0,0,5
2026-09-01,70,2026-09-01T07:24:24.256787-05:00,2026-09-01T08:42:40.255584-05:00,78.27,0,0,9
2026-09-01,69,2026-09-01T07:24:25.398855-05:00,2026-09-01T08:42:48.852636-05:00,78.39,0,1,8
2026-09-01,72,2026-09-01T07:27:03.047874-05:00,2026-09-01T08:43:06.441215-05:00,76.06,0,1,6
2026-09-01,71,2026-09-01T07:27:11.084625-05:00,2026-09-01T08:43:41.307640-05:00,76.5,0,1,10
2026-09-01,73,2026-09-01T07:28:18.242939-05:00,2026-09-01T08:44:25.583853-05:00,76.12,0,0,3
2026-09-01,74,2026-09-01T07:30:18.708389-05:00,2026-09-01T08:44:34.063061-05:00,74.26,0,1,1
2026-09-01,76,2026-09-01T07:33:02.005925-05:00,2026-09-01T08:45:20.129215-05:00,72.3,0,0,4
2026-09-01,77,2026-09-01T07:33:11.388728-05:00,2026-09-01T08:46:25.189703-05:00,73.23,0,1,5
2026-09-01,78,2026-09-01T07:35:16.806008-05:00,2026-09-01T08:50:10.460244-05:00,74.89,0,0,7
2026-09-01,79,2026-09-01T07:36:26.720461-05:00,2026-09-01T08:51:07.903331-05:00,74.69,0,0,6
2026-09-01,80,2026-09-01T07:37:11.963535-05:00,2026-09-01T08:51:25.861174-05:00,74.23,0,0,9
2026-09-01,81,2026-09-01T07:37:42.172178-05:00,2026-09-01T08:52:24.445543-05:00,74.7,0,0,10
2026-09-01,82,2026-09-01T07:38:18.076213-05:00,2026-09-01T08:53:30.075834-05:00,75.2,0,0,2
2026-09-01,83,2026-09-01T07:38:41.078670-05:00,2026-09-01T08:54:12.097940-05:00,75.52,0,0,4
2026-09-01,84,2026-09-01T07:38:46.220443-05:00,2026-09-01T08:55:06.942584-05:00,76.35,0,1,3
2026-09-01,85,2026-09-01T07:41:56.720787-05:00,2026-09-01T08:56:04.283185-05:00,74.13,0,0,8
2026-09-01,86,2026-09-01T07:42:36.714923-05:00,2026-09-01T08:56:08.692670-05:00,73.53,0,0,1
2026-09-01,87,2026-09-01T07:43:41.656761-05:00,2026-09-01T08:59:29.703263-05:00,75.8,0,0,5
2026-09-01,88,2026-09-01T07:44:05.215503-05:00,2026-09-01T09:01:04.793024-05:00,76.99,0,0,9
2026-09-01,89,2026-09-01T07:47:25.352062-05:00,2026-09-01T09:01:35.792826-05:00,74.17,0,0,2
2026-09-01,116,2026-09-01T09:01:57.749172-05:00,2026-09-01T09:04:41.890818-05:00,2.74,1,0,7
2026-09-01,90,2026-09-01T07:48:10.313266-05:00,2026-09-01T09:07:39.918459-05:00,79.49,0,0,6
2026-09-01,94,2026-09-01T07:54:19.881045-05:00,2026-09-01T09:08:14.657428-05:00,73.91,0,1,5
2026-09-01,92,2026-09-01T07:54:24.479470-05:00,2026-09-01T09:09:09.736785-05:00,74.75,0,0,9
2026-09-01,93,2026-09-01T07:54:27.857607-05:00,2026-09-01T09:10:08.401276-05:00,75.68,0,0,3
2026-09-01,95,2026-09-01T07:55:51.126224-05:00,2026-09-01T09:10:49.022232-05:00,74.96,0,1,4
2026-09-01,96,2026-09-01T07:56:47.128427-05:00,2026-09-01T09:10:53.923782-05:00,74.11,0,0,10
2026-09-01,98,2026-09-01T08:00:01.589097-05:00,2026-09-01T09:12:43.824359-05:00,72.7,0,1,1
2026-09-01,99,2026-09-01T08:00:40.974572-05:00,2026-09-01T09:13:07.646314-05:00,72.44,0,1,2
2026-09-01,100,2026-09-01T08:04:07.369701-05:00,2026-09-01T09:13:14.886646-05:00,69.13,0,1,7
2026-09-01,101,2026-09-01T08:04:30.147014-05:00,2026-09-01T09:16:57.607718-05:00,72.46,0,0,6
2026-09-01,103,2026-09-01T08:08:12.064046-05:00,2026-09-01T09:18:31.206292-05:00,70.32,0,1,8
2026-09-01,104,2026-09-01T08:09:01.290652-05:00,2026-09-01T09:19:00.978860-05:00,69.99,0,0,3
2026-09-01,105,2026-09-01T08:16:27.599468-05:00,2026-09-01T09:20:40.769151-05:00,64.22,0,0,9
2026-09-01,106,2026-09-01T08:18:54.900634-05:00,2026-09-01T09:20:47.479197-05:00,61.88,0,0,7
2026-09-01,107,2026-09-01T08:19:57.385616-05:00,2026-09-01T09:20:55.412662-05:00,60.97,0,0,5
2026-09-01,108,2026-09-01T08:20:15.423613-05:00,2026-09-01T09:22:45.561339-05:00,62.5,0,1,2
2026-09-01,109,2026-09-01T08:26:12.383247-05:00,2026-09-01T09:24:37.291054-05:00,58.42,0,0,4
2026-09-01,110,2026-09-01T08:31:30.521299-05:00,2026-09-01T09:24:42.794615-05:00,53.2,0,1,10
2026-09-01,111,2026-09-01T08:38:36.566508-05:00,2026-09-01T09:25:15.967269-05:00,46.66,0,1,8
2026-09-01,112,2026-09-01T08:40:04.535325-05:00,2026-09-01T09:25:28.808376-05:00,45.4,0,0,1
2026-09-01,113,2026-09-01T08:48:07.413349-05:00,2026-09-01T09:28:07.558128-05:00,40.0,0,0,6
2026-09-01,115,2026-09-01T08:48:30.252195-05:00,2026-09-01T09:33:03.494088-05:00,44.55,0,0,7
2026-09-01,114,2026-09-01T08:48:51.998623-05:00,2026-09-01T09:33:27.084970-05:00,44.58,0,0,2
2026-09-01,117,2026-09-01T09:08:34.483791-05:00,2026-09-01T09:35:05.297035-05:00,26.51,0,0,4
2026-09-01,118,2026-09-01T09:09:32.647729-05:00,2026-09-01T09:36:33.410007-05:00,27.01,0,1,8
2026-09-01,119,2026-09-01T09:11:46.636149-05:00,2026-09-01T09:37:03.181133-05:00,25.28,0,0,10
2026-09-01,120,2026-09-01T09:16:20.127502-05:00,2026-09-01T09:40:41.484891-05:00,24.36,0,0,7
2026-09-01,121,2026-09-01T09:16:48.027955-05:00,2026-09-01T09:41:01.652344-05:00,24.23,0,0,1
2026-09-01,122,2026-09-01T09:17:56.561453-05:00,2026-09-01T09:41:35.253788-05:00,23.64,0,0,6
2026-09-01,123,2026-09-01T09:27:18.888071-05:00,2026-09-01T09:42:32.861499-05:00,15.23,0,0,10
2026-09-01,124,2026-09-01T09:36:17.999921-05:00,2026-09-01T09:42:57.525265-05:00,6.66,0,0,5
2026-09-01,125,2026-09-01T09:36:23.176908-05:00,2026-09-01T09:44:55.707362-05:00,8.54,0,0,3
2026-09-01,126,2026-09-01T09:38:56.706374-05:00,2026-09-01T09:46:19.335068-05:00,7.38,0,0,2
2026-09-01,127,2026-09-01T09:43:15.076417-05:00,2026-09-01T09:46:58.478394-05:00,3.72,0,1,9
2026-09-01,128,2026-09-01T09:53:18.612593-05:00,2026-09-01T09:53:18.612593-05:00,0.0,0,1,1
2026-09-01,129,2026-09-01T09:55:58.212902-05:00,2026-09-01T09:55:58.212902-05:00,0.0,0,0,4
2026-09-01,130,2026-09-01T09:59:52.578345-05:00,2026-09-01T09:59:52.578345-05:00,0.0,0,0,2
2026-09-01,131,2026-09-01T10:04:52.471412-05:00,2026-09-01T10:04:52.471412-05:00,0.0,0,0,1
2026-09-01,132,2026-09-01T10:05:28.092056-05:00,2026-09-01T10:05:28.092056-05:00,0.0,0,0,3
2026-09-01,133,2026-09-01T10:07:12.613884-05:00,2026-09-01T10:07:12.613884-05:00,0.0,0,0,4
2026-09-01,134,2026-09-01T10:08:50.248229-05:00,2026-09-01T10:08:50.248229-05:00,0.0,0,0,5
2026-09-01,135,2026-09-01T10:14:53.642234-05:00,2026-09-01T10:14:53.642234-05:00,0.0,0,1,1
2026-09-01,136,2026-09-01T10:20:02.376609-05:00,2026-09-01T10:20:02.376609-05:00,0.0,0,1,2
2026-09-01,137,2026-09-01T10:23:55.415921-05:00,2026-09-01T10:23:55.415921-05:00,0.0,0,1,1
2026-09-01,138,2026-09-01T10:26:59.042745-05:00,2026-09-01T10:26:59.042745-05:00,0.0,0,0,5
2026-09-01,139,2026-09-01T10:28:54.467688-05:00,2026-09-01T10:28:54.467688-05:00,0.0,0,0,3
2026-09-01,140,2026-09-01T10:37:16.179422-05:00,2026-09-01T10:37:16.179422-05:00,0.0,0,1,2
2026-09-01,141,2026-09-01T10:42:01.220768-05:00,2026-09-01T10:42:01.220768-05:00,0.0,0,1,1
2026-09-01,142,2026-09-01T10:47:06.905624-05:00,2026-09-01T10:47:06.905624-05:00,0.0,0,0,2
2026-09-01,143,2026-09-01T10:48:00.167725-05:00,2026-09-01T10:48:00.167725-05:00,0.0,0,0,3
2026-09-01,144,2026-09-01T10:50:29.204018-05:00,2026-09-01T10:50:29.204018-05:00,0.0,0,0,4
2026-09-01,145,2026-09-01T10:52:05.848455-05:00,2026-09-01T10:52:05.848455-05:00,0.0,0,0,5
2026-09-01,146,2026-09-01T10:56:12.071601-05:00,2026-09-01T10:56:12.071601-05:00,0.0,0,0,1
2026-09-01,147,2026-09-01T11:00:15.484833-05:00,2026-09-01T11:00:15.484833-05:00,0.0,0,1,6
2026-09-01,148,2026-09-01T11:10:55.491784-05:00,2026-09-01T11:10:55.491784-05:00,0.0,0,0,1
2026-09-01,149,2026-09-01T11:15:45.709402-05:00,2026-09-01T11:15:45.709402-05:00,0.0,0,1,2
2026-09-01,150,2026-09-01T11:25:03.736829-05:00,2026-09-01T11:25:03.736829-05:00,0.0,0,1,3
2026-09-01,151,2026-09-01T11:30:47.282720-05:00,2026-09-01T11:30:47.282720-05:00,0.0,0,1,2
2026-09-01,152,2026-09-01T11:38:45.998160-05:00,2026-09-01T11:38:45.998160-05:00,0.0,0,0,1
2026-09-01,153,2026-09-01T11:42:19.803933-05:00,2026-09-01T11:42:19.803933-05:00,0.0,0,0,2
2026-09-01,154,2026-09-01T11:54:19.764752-05:00,2026-09-01T11:54:19.764752-05:00,0.0,1,0,1
2026-09-01,155,2026-09-01T12:18:58.461003-05:00,2026-09-01T12:18:58.461003-05:00,0.0,0,0,1
2026-09-01,156,2026-09-01T12:22:11.648912-05:00,2026-09-01T12:22:11.648912-05:00,0.0,0,1,2
2026-09-02,5,2026-09-02T06:26:38.660723-05:00,2026-09-02T07:06:00-05:00,39.36,1,1,1
2026-09-02,17,2026-09-02T06:35:01.457053-05:00,2026-09-02T07:06:00-05:00,30.98,1,0,2
2026-09-02,18,2026-09-02T06:35:05.240442-05:00,2026-09-02T07:06:00-05:00,30.91,1,0,3
2026-09-02,24,2026-09-02T06:39:52.214972-05:00,2026-09-02T07:06:00-05:00,26.13,1,0,4
2026-09-02,33,2026-09-02T06:47:30.240621-05:00,2026-09-02T07:06:00-05:00,18.5,1,0,5
2026-09-02,45,2026-09-02T06:58:31.467660-05:00,2026-09-02T07:06:00-05:00,7.48,1,1,6
2026-09-02,0,2026-09-02T06:17:43.323832-05:00,2026-09-02T07:06:00-05:00,48.28,0,1,7
2026-09-02,1,2026-09-02T06:18:40.793244-05:00,2026-09-02T07:06:00-05:00,47.32,0,0,8
2026-09-02,2,2026-09-02T06:21:54.908928-05:00,2026-09-02T07:06:00-05:00,44.08,0,1,9
2026-09-02,4,2026-09-02T06:26:07.612874-05:00,2026-09-02T07:06:00-05:00,39.87,0,0,10
2026-09-02,58,2026-09-02T07:06:14.741602-05:00,2026-09-02T07:11:40.704810-05:00,5.43,1,1,3
2026-09-02,64,2026-09-02T07:09:07.596849-05:00,2026-09-02T07:13:53.347909-05:00,4.76,1,0,6
2026-09-02,3,2026-09-02T06:26:15.073265-05:00,2026-09-02T07:15:42.383595-05:00,49.46,0,0,10
2026-09-02,71,2026-09-02T07:16:14.976824-05:00,2026-09-02T07:16:36.396418-05:00,0.36,1,0,4
2026-09-02,6,2026-09-02T06:27:13.179459-05:00,2026-09-02T07:17:48.257365-05:00,50.58,0,0,8
2026-09-02,7,2026-09-02T06:28:18.154227-05:00,2026-09-02T07:19:08.147358-05:00,50.83,0,0,9
2026-09-02,8,2026-09-02T06:29:09.271413-05:00,2026-09-02T07:19:29.201501-05:00,50.33,0,1,7
2026-09-02,9,2026-09-02T06:29:36.582651-05:00,2026-09-02T07:20:04.425059-05:00,50.46,0,1,3
2026-09-02,10,2026-09-02T06:30:30.790455-05:00,2026-09-02T07:22:34.323611-05:00,52.06,0,0,5
2026-09-02,11,2026-09-02T06:31:23.905536-05:00,2026-09-02T07:24:18.105048-05:00,52.9,0,1,10
2026-09-02,12,2026-09-02T06:32:29.977604-05:00,2026-09-02T07:25:30.506786-05:00,53.01,0,0,1
2026-09-02,13,2026-09-02T06:32:38.856862-05:00,2026-09-02T07:27:11.954908-05:00,54.55,0,0,7
2026-09-02,14,2026-09-02T06:33:49.157251-05:00,2026-09-02T07:27:28.289039-05:00,53.65,0,0,4
2026-09-02,15,2026-09-02T06:34:36.340773-05:00,2026-09-02T07:27:30.842442-05:00,52.91,0,1,8
2026-09-02,16,2026-09-02T06:34:59.980259-05:00,2026-09-02T07:30:12.104468-05:00,55.2,0,0,6
2026-09-02,19,2026-09-02T06:35:43.054199-05:00,2026-09-02T07:34:33.663309-05:00,58.84,0,1,3
2026-09-02,20,2026-09-02T06:35:48.505250-05:00,2026-09-02T07:35:36.915694-05:00,59.81,0,1,2
2026-09-02,21,2026-09-02T06:37:03.831277-05:00,2026-09-02T07:36:04.436642-05:00,59.01,0,0,5
2026-09-02,89,2026-09-02T07:36:16.824329-05:00,2026-09-02T07:37:14.008515-05:00,0.95,1,0,7
2026-09-02,22,2026-09-02T06:38:09.544789-05:00,2026-09-02T07:39:15.517505-05:00,61.1,0,0,4
2026-09-02,23,2026-09-02T06:39:51.810675-05:00,2026-09-02T07:42:29.945590-05:00,62.64,0,0,8
2026-09-02,25,2026-09-02T06:40:17.301604-05:00,2026-09-02T07:42:51.318610-05:00,62.57,0,0,10
2026-09-02,26,2026-09-02T06:44:04.131186-05:00,2026-09-02T07:44:47.425053-05:00,60.72,0,0,6
2026-09-02,27,2026-09-02T06:44:25.753928-05:00,2026-09-02T07:47:09.254724-05:00,62.73,0,1,5
2026-09-02,28,2026-09-02T06:44:31.965571-05:00,2026-09-02T07:47:22.016937-05:00,62.83,0,0,2
2026-09-02,30,2026-09-02T06:44:43.426218-05:00,2026-09-02T07:48:11.792417-05:00,63.47,0,1,9
2026-09-02,29,2026-09-02T06:44:54.187512-05:00,2026-09-02T07:48:57.418557-05:00,64.05,0,1,7
2026-09-02,31,2026-09-02T06:46:22.997334-05:00,2026-09-02T07:51:36.087571-05:00,65.22,0,1,6
2026-09-02,32,2026-09-02T06:46:38.090191-05:00,2026-09-02T07:52:07.858813-05:00,65.5,0,1,4
2026-09-02,35,2026-09-02T06:48:48.550771-05:00,2026-09-02T07:54:21.220353-05:00,65.54,0,1,8
2026-09-02,34,2026-09-02T06:48:50.379704-05:00,2026-09-02T07:54:56.413882-05:00,66.1,0,0,10
2026-09-02,36,2026-09-02T06:49:18.809157-05:00,2026-09-02T07:56:11.955085-05:00,66.89,0,0,3
2026-09-02,37,2026-09-02T06:51:34.687962-05:00,2026-09-02T07:56:34.981118-05:00,65.0,0,0,2
2026-09-02,38,2026-09-02T06:54:12.409948-05:00,2026-09-02T07:56:46.412971-05:00,62.57,0,0,5
2026-09-02,39,2026-09-02T06:55:14.244967-05:00,2026-09-02T08:00:47.863458-05:00,65.56,0,0,3
2026-09-02,40,2026-09-02T06:56:04.521380-05:00,2026-09-02T08:01:51.382498-05:00,65.78,0,0,7
2026-09-02,42,2026-09-02T06:56:32.291549-05:00,2026-09-02T08:02:35.102439-05:00,66.05,0,1,10
2026-09-02,43,2026-09-02T06:56:39.154188-05:00,2026-09-02T08:03:12.384172-05:00,66.55,0,0,1
2026-09-02,41,2026-09-02T06:56:58.504884-05:00,2026-09-02T08:03:24.458328-05:00,66.43,0,1,8
2026-09-02,44,2026-09-02T06:57:07.536726-05:00,2026-09-02T08:03:48.398068-05:00,66.68,0,1,4
2026-09-02,46,2026-09-02T06:59:20.998420-05:00,2026-09-02T08:04:57.001723-05:00,65.6,0,1,2
2026-09-02,47,2026-09-02T06:59:24.308886-05:00,2026-09-02T08:07:45.634534-05:00,68.36,0,1,6
2026-09-02,48,2026-09-02T06:59:33.779105-05:00,2026-09-02T08:11:13.613428-05:00,71.66,0,1,5
2026-09-02,49,2026-09-02T06:59:54.486351-05:00,2026-09-02T08:11:25.956255-05:00,71.52,0,0,1
2026-09-02,50,2026-09-02T07:01:31.809021-05:00,2026-09-02T08:13:13.458551-05:00,71.69,0,0,7
2026-09-02,52,2026-09-02T07:01:49.068603-05:00,2026-09-02T08:14:47.192370-05:00,72.97,0,1,3
2026-09-02,51,2026-09-02T07:01:56.978857-05:00,2026-09-02T08:15:24.822192-05:00,73.46,0,0,9
2026-09-02,53,2026-09-02T07:02:40.467463-05:00,2026-09-02T08:15:26.986642-05:00,72.78,0,0,8
2026-09-02,55,2026-09-02T07:03:02.775915-05:00,2026-09-02T08:16:37.816775-05:00,73.58,0,0,6
2026-09-02,54,2026-09-02T07:03:21.153190-05:00,2026-09-02T08:16:46.394214-05:00,73.42,0,1,2
2026-09-02,56,2026-09-02T07:03:47.477016-05:00,2026-09-02T08:21:03.912420-05:00,77.27,0,0,10
2026-09-02,57,2026-09-02T07:05:45.698536-05:00,2026-09-02T08:21:56.811026-05:00,76.19,0,1,7
2026-09-02,59,2026-09-02T07:06:53.571972-05:00,2026-09-02T08:22:28.717009-05:00,75.59,0,0,4
2026-09-02,60,2026-09-02T07:07:03.854271-05:00,2026-09-02T08:23:24.272995-05:00,76.34,0,1,1
2026-09-02,61,2026-09-02T07:07:22.738597-05:00,2026-09-02T08:24:57.880518-05:00,77.59,0,0,3
2026-09-02,62,2026-09-02T07:07:52.776830-05:00,2026-09-02T08:27:34.690304-05:00,79.7,0,1,6
2026-09-02,63,2026-09-02T07:08:42.874146-05:00,2026-09-02T08:29:17.198280-05:00,80.57,0,0,10
2026-09-02,65,2026-09-02T07:09:11.186199-05:00,2026-09-02T08:29:20.433966-05:00,80.15,0,0,9
2026-09-02,66,2026-09-02T07:10:49.943930-05:00,2026-09-02T08:29:34.848609-05:00,78.75,0,0,5
2026-09-02,67,2026-09-02T07:11:10.550569-05:00,2026-09-02T08:30:45.617049-05:00,79.58,0,1,8
2026-09-02,68,2026-09-02T07:12:31.401587-05:00,2026-09-02T08:30:54.521733-05:00,78.39,0,0,2
2026-09-02,69,2026-09-02T07:13:15.837559-05:00,2026-09-02T08:34:14.804184-05:00,80.98,0,0,4
2026-09-02,70,2026-09-02T07:14:22.968620-05:00,2026-09-02T08:38:19.542191-05:00,83.94,0,0,1
2026-09-02,72,2026-09-02T07:17:42.632513-05:00,2026-09-02T08:38:53.103395-05:00,81.17,0,0,10
2026-09-02,74,2026-09-02T07:20:06.965416-05:00,2026-09-02T08:39:07.263411-05:00,79.0,0,0,3
2026-09-02,73,2026-09-02T07:20:14.407645-05:00,2026-09-02T08:39:26.639364-05:00,79.2,0,1,7
2026-09-02,75,2026-09-02T07:21:04.627028-05:00,2026-09-02T08:40:13.173169-05:00,79.14,0,1,6
2026-09-02,76,2026-09-02T07:23:04.391366-05:00,2026-09-02T08:41:59.828382-05:00,78.92,0,0,2
2026-09-02,77,2026-09-02T07:24:06.695534-05:00,2026-09-02T08:44:49.959940-05:00,80.72,0,1,9
2026-09-02,78,2026-09-02T07:24:31.078568-05:00,2026-09-02T08:47:00.073821-05:00,82.48,0,1,1
2026-09-02,79,2026-09-02T07:25:39.825861-05:00,2026-09-02T08:48:27.662445-05:00,82.8,0,1,5
2026-09-02,80,2026-09-02T07:26:15.878147-05:00,2026-09-02T08:48:35.828286-05:00,82.33,0,0,8
2026-09-02,81,2026-09-02T07:26:40.190454-05:00,2026-09-02T08:49:08.427114-05:00,82.47,0,1,6
2026-09-02,82,2026-09-02T07:27:35.028992-05:00,2026-09-02T08:51:11.551936-05:00,83.61,0,0,3
2026-09-02,83,2026-09-02T07:28:45.033655-05:00,2026-09-02T08:52:44.903191-05:00,84.0,0,1,2
2026-09-02,84,2026-09-02T07:29:09.897768-05:00,2026-09-02T08:52:48.693213-05:00,83.65,0,0,4
2026-09-02,85,2026-09-02T07:29:24.493508-05:00,2026-09-02T08:53:11.957330-05:00,83.79,0,1,9
2026-09-02,86,2026-09-02T07:30:43.820665-05:00,2026-09-02T08:53:54.573629-05:00,83.18,0,1,7
2026-09-02,87,2026-09-02T07:32:24.152468-05:00,2026-09-02T08:56:42.755647-05:00,84.31,0,0,10
2026-09-02,88,2026-09-02T07:33:50.432097-05:00,2026-09-02T08:57:18.770605-05:00,83.47,0,0,3
2026-09-02,90,2026-09-02T07:36:23.530049-05:00,2026-09-02T08:59:16.632069-05:00,82.89,0,1,6
2026-09-02,91,2026-09-02T07:38:37.503736-05:00,2026-09-02T08:59:58.270617-05:00,81.35,0,1,8
2026-09-02,93,2026-09-02T07:39:07.532898-05:00,2026-09-02T09:00:41.803303-05:00,81.57,0,0,4
2026-09-02,92,2026-09-02T07:39:18.160537-05:00,2026-09-02T09:01:43.134871-05:00,82.42,0,1,5
2026-09-02,94,2026-09-02T07:41:43.058674-05:00,2026-09-02T09:03:05.585279-05:00,81.38,0,1,1
2026-09-02,96,2026-09-02T07:42:02.698580-05:00,2026-09-02T09:03:23.901646-05:00,81.35,0,0,7
2026-09-02,95,2026-09-02T07:42:08.740675-05:00,2026-09-02T09:03:52.156380-05:00,81.72,0,0,2
2026-09-02,97,2026-09-02T07:45:15.681117-05:00,2026-09-02T09:05:17.168517-05:00,80.02,0,1,3
2026-09-02,98,2026-09-02T07:45:45.727167-05:00,2026-09-02T09:06:01.049300-05:00,80.26,0,1,9
2026-09-02,99,2026-09-02T07:49:07.535827-05:00,2026-09-02T09:06:45.411870-05:00,77.63,0,0,10
2026-09-02,127,2026-09-02T09:07:01.598075-05:00,2026-09-02T09:07:10.518294-05:00,0.15,1,0,6
2026-09-02,100,2026-09-02T07:53:17.202750-05:00,2026-09-02T09:07:12.022923-05:00,73.91,0,0,8
2026-09-02,101,2026-09-02T07:55:20.587601-05:00,2026-09-02T09:09:40.915298-05:00,74.34,0,1,7
2026-09-02,102,2026-09-02T07:56:51.572904-05:00,2026-09-02T09:12:31.747871-05:00,75.67,0,0,5
2026-09-02,103,2026-09-02T07:57:05.738695-05:00,2026-09-02T09:14:17.345552-05:00,77.19,0,1,10
2026-09-02,105,2026-09-02T07:59:05.774600-05:00,2026-09-02T09:15:58.121337-05:00,76.87,0,0,3
2026-09-02,104,2026-09-02T07:59:23.456362-05:00,2026-09-02T09:16:03.681147-05:00,76.67,0,0,8
2026-09-02,129,2026-09-02T09:17:16.420035-05:00,2026-09-02T09:19:40.003186-05:00,2.39,1,1,4
2026-09-02,106,2026-09-02T08:02:55.992765-05:00,2026-09-02T09:20:48.779262-05:00,77.88,0,1,6
2026-09-02,107,2026-09-02T08:04:19.175001-05:00,2026-09-02T09:21:21.337299-05:00,77.04,0,0,2
2026-09-02,108,2026-09-02T08:05:20.411341-05:00,2026-09-02T09:21:50.142987-05:00,76.5,0,1,5
2026-09-02,109,2026-09-02T08:06:43.364632-05:00,2026-09-02T09:23:04.810127-05:00,76.36,0,0,1
2026-09-02,111,2026-09-02T08:07:14.913204-05:00,2026-09-02T09:25:13.377381-05:00,77.97,0,1,9
2026-09-02,110,2026-09-02T08:07:22.705090-05:00,2026-09-02T09:26:14.695842-05:00,78.87,0,1,7
2026-09-02,112,2026-09-02T08:15:22.778368-05:00,2026-09-02T09:27:24.884257-05:00,72.04,0,0,10
2026-09-02,113,2026-09-02T08:22:59.781523-05:00,2026-09-02T09:27:32.732271-05:00,64.55,0,1,3
2026-09-02,114,2026-09-02T08:25:05.920682-05:00,2026-09-02T09:27:50.290825-05:00,62.74,0,0,8
2026-09-02,115,2026-09-02T08:27:24.938411-05:00,2026-09-02T09:29:09.910136-05:00,61.75,0,1,4
2026-09-02,116,2026-09-02T08:27:59.737236-05:00,2026-09-02T09:29:44.131652-05:00,61.74,0,0,6
2026-09-02,117,2026-09-02T08:32:30.641867-05:00,2026-09-02T09:30:34.679550-05:00,58.07,0,1,5
2026-09-02,118,2026-09-02T08:36:11.128227-05:00,2026-09-02T09:33:53.552481-05:00,57.71,0,1,2
2026-09-02,119,2026-09-02T08:40:15.215069-05:00,2026-09-02T09:33:54.411386-05:00,53.65,0,0,10
2026-09-02,120,2026-09-02T08:42:49.580572-05:00,2026-09-02T09:35:20.962738-05:00,52.52,0,0,9
2026-09-02,121,2026-09-02T08:49:46.361743-05:00,2026-09-02T09:37:05.613281-05:00,47.32,0,0,6
2026-09-02,122,2026-09-02T08:52:01.222754-05:00,2026-09-02T09:37:34.270716-05:00,45.55,0,1,4
2026-09-02,123,2026-09-02T08:59:11.986008-05:00,2026-09-02T09:38:44.805178-05:00,39.55,0,1,7
2026-09-02,124,2026-09-02T09:02:39.086270-05:00,2026-09-02T09:39:28.101793-05:00,36.82,0,0,5
2026-09-02,134,2026-09-02T09:39:47.138290-05:00,2026-09-02T09:41:09.346753-05:00,1.37,1,0,1
2026-09-02,125,2026-09-02T09:04:54.920931-05:00,2026-09-02T09:41:20.870550-05:00,36.43,0,0,3
2026-09-02,126,2026-09-02T09:05:05.698944-05:00,2026-09-02T09:45:44.423451-05:00,40.65,0,0,8
2026-09-02,128,2026-09-02T09:08:26.812093-05:00,2026-09-02T09:50:52.856954-05:00,42.43,0,0,10
2026-09-02,130,2026-09-02T09:19:59.837267-05:00,2026-09-02T09:51:26.849479-05:00,31.45,0,1,6
2026-09-02,131,2026-09-02T09:22:15.042862-05:00,2026-09-02T09:52:26.776086-05:00,30.2,0,1,3
2026-09-02,132,2026-09-02T09:33:02.856233-05:00,2026-09-02T09:53:15.154448-05:00,20.2,0,0,7
2026-09-02,133,2026-09-02T09:36:16.109759-05:00,2026-09-02T09:53:27.903946-05:00,17.2,0,1,2
2026-09-02,135,2026-09-02T09:42:25.068838-05:00,2026-09-02T09:53:39.867642-05:00,11.25,0,0,1
2026-09-02,136,2026-09-02T09:43:05.456181-05:00,2026-09-02T09:54:22.234759-05:00,11.28,0,1,4
2026-09-02,137,2026-09-02T09:43:18.335367-05:00,2026-09-02T09:55:39.057251-05:00,12.35,0,0,9
2026-09-02,138,2026-09-02T09:43:35.823277-05:00,2026-09-02T09:57:15.763774-05:00,13.67,0,0,5
2026-09-02,139,2026-09-02T09:43:42.615380-05:00,2026-09-02T09:58:00.821986-05:00,14.3,0,0,8
2026-09-02,141,2026-09-02T09:44:10.871799-05:00,2026-09-02T09:59:34.183585-05:00,15.39,0,0,10
2026-09-02,140,2026-09-02T09:44:22.925503-05:00,2026-09-02T10:03:17.555403-05:00,18.91,0,1,3
2026-09-02,142,2026-09-02T09:48:51.872438-05:00,2026-09-02T10:03:30.848647-05:00,14.65,0,1,4
2026-09-02,143,2026-09-02T09:52:15.287939-05:00,2026-09-02T10:06:47.376448-05:00,14.53,0,1,7
2026-09-02,144,2026-09-02T09:54:37.355622-05:00,2026-09-02T10:07:01.224296-05:00,12.4,0,0,6
2026-09-02,145,2026-09-02T10:05:33.698453-05:00,2026-09-02T10:07:50.929340-05:00,2.29,0,0,8
2026-09-02,146,2026-09-02T10:11:16.679595-05:00,2026-09-02T10:11:16.679595-05:00,0.0,0,0,2
2026-09-02,147,2026-09-02T10:15:18.115379-05:00,2026-09-02T10:15:18.115379-05:00,0.0,0,0,5
2026-09-02,148,2026-09-02T10:15:43.341162-05:00,2026-09-02T10:15:43.341162-05:00,0.0,0,1,4
2026-09-02,149,2026-09-02T10:17:51.020878-05:00,2026-09-02T10:17:51.020878-05:00,0.0,1,0,3
2026-09-02,150,2026-09-02T10:24:24.908160-05:00,2026-09-02T10:24:24.908160-05:00,0.0,0,0,1
2026-09-02,151,2026-09-02T10:25:49.448081-05:00,2026-09-02T10:25:49.448081-05:00,0.0,0,0,5
2026-09-02,152,2026-09-02T10:28:21.056379-05:00,2026-09-02T10:28:21.056379-05:00,0.0,1,0,2
2026-09-02,153,2026-09-02T10:31:40.214954-05:00,2026-09-02T10:31:40.214954-05:00,0.0,0,0,1
2026-09-02,154,2026-09-02T10:40:53.498844-05:00,2026-09-02T10:40:53.498844-05:00,0.0,0,0,3
2026-09-02,155,2026-09-02T10:41:10.495184-05:00,2026-09-02T10:41:10.495184-05:00,0.0,0,0,4
2026-09-02,156,2026-09-02T10:44:30.649858-05:00,2026-09-02T10:44:30.649858-05:00,0.0,0,0,1
2026-09-02,157,2026-09-02T10:46:24.397866-05:00,2026-09-02T10:46:24.397866-05:00,0.0,0,0,2
2026-09-02,158,2026-09-02T10:50:58.267711-05:00,2026-09-02T10:50:58.267711-05:00,0.0,0,0,4
2026-09-02,159,2026-09-02T10:54:41.328457-05:00,2026-09-02T10:54:41.328457-05:00,0.0,0,0,3
2026-09-02,160,2026-09-02T10:55:03.856373-05:00,2026-09-02T10:55:03.856373-05:00,0.0,0,1,1
2026-09-02,161,2026-09-02T11:10:14.233401-05:00,2026-09-02T11:10:14.233401-05:00,0.0,0,1,1
2026-09-02,162,2026-09-02T11:10:25.554734-05:00,2026-09-02T11:10:25.554734-05:00,0.0,1,1,2
2026-09-02,163,2026-09-02T11:12:19.699990-05:00,2026-09-02T11:12:19.699990-05:00,0.0,0,0,3
2026-09-02,164,2026-09-02T11:16:04.197320-05:00,2026-09-02T11:16:04.197320-05:00,0.0,0,0,4
2026-09-02,165,2026-09-02T11:31:19.767914-05:00,2026-09-02T11:31:19.767914-05:00,0.0,0,1,1
2026-09-02,166,2026-09-02T12:01:11.899688-05:00,2026-09-02T12:01:11.899688-05:00,0.0,0,0,1
2026-09-02,167,2026-09-02T12:04:30.052927-05:00,2026-09-02T12:04:30.052927-05:00,0.0,0,1,2
2026-09-03,3,2026-09-03T06:21:12.390644-05:00,2026-09-03T07:06:00-05:00,44.79,1,0,1
2026-09-03,18,2026-09-03T06:36:46.346011-05:00,2026-09-03T07:06:00-05:00,29.23,1,0,2
2026-09-03,19,2026-09-03T06:37:32.930284-05:00,2026-09-03T07:06:00-05:00,28.45,1,1,3
2026-09-03,24,2026-09-03T06:44:11.867181-05:00,2026-09-03T07:06:00-05:00,21.8,1,0,4
2026-09-03,26,2026-09-03T06:45:44.260405-05:00,2026-09-03T07:06:00-05:00,20.26,1,1,5
2026-09-03,42,2026-09-03T06:55:29.919102-05:00,2026-09-03T07:06:00-05:00,10.5,1,0,6
2026-09-03,43,2026-09-03T06:55:39.979300-05:00,2026-09-03T07:06:00-05:00,10.33,1,0,7
2026-09-03,44,2026-09-03T06:56:24.570397-05:00,2026-09-03T07:06:00-05:00,9.59,1,0,8
2026-09-03,0,2026-09-03T06:14:28.107730-05:00,2026-09-03T07:06:00-05:00,51.53,0,0,9
2026-09-03,1,2026-09-03T06:19:17.600495-05:00,2026-09-03T07:06:00-05:00,46.71,0,0,10
2026-09-03,2,2026-09-03T06:19:56.608605-05:00,2026-09-03T07:09:52.163574-05:00,49.93,0,1,5
2026-09-03,4,2026-09-03T06:21:37.952310-05:00,2026-09-03T07:10:45.001997-05:00,49.12,0,0,3
2026-09-03,64,2026-09-03T07:11:08.291672-05:00,2026-09-03T07:14:12.441163-05:00,3.07,1,1,9
2026-09-03,5,2026-09-03T06:22:53.471381-05:00,2026-09-03T07:16:49.470938-05:00,53.93,0,0,10
2026-09-03,6,2026-09-03T06:24:04.224696-05:00,2026-09-03T07:16:55.226728-05:00,52.85,0,0,1
2026-09-03,7,2026-09-03T06:26:26.443727-05:00,2026-09-03T07:17:26.172874-05:00,51.0,0,1,2
2026-09-03,8,2026-09-03T06:26:31.598873-05:00,2026-09-03T07:17:50.092265-05:00,51.31,0,0,6
2026-09-03,69,2026-09-03T07:18:14.981547-05:00,2026-09-03T07:19:52.731016-05:00,1.63,1,0,3
2026-09-03,71,2026-09-03T07:19:15.340329-05:00,2026-09-03T07:22:14.629421-05:00,2.99,1,0,10
2026-09-03,10,2026-09-03T06:28:33.873992-05:00,2026-09-03T07:24:08.980056-05:00,55.59,0,0,9
2026-09-03,9,2026-09-03T06:28:38.732276-05:00,2026-09-03T07:24:36.068682-05:00,55.96,0,1,7
2026-09-03,11,2026-09-03T06:29:16.843872-05:00,2026-09-03T07:26:44.225946-05:00,57.46,0,0,4
2026-09-03,12,2026-09-03T06:29:51.417707-05:00,2026-09-03T07:27:47.767535-05:00,57.94,0,0,8
2026-09-03,13,2026-09-03T06:31:39.364269-05:00,2026-09-03T07:31:27.745072-05:00,59.81,0,0,5
2026-09-03,14,2026-09-03T06:32:16.478603-05:00,2026-09-03T07:31:34.715948-05:00,59.3,0,0,6
2026-09-03,15,2026-09-03T06:32:52.227311-05:00,2026-09-03T07:31:36.223575-05:00,58.73,0,0,1
2026-09-03,16,2026-09-03T06:32:56.463309-05:00,2026-09-03T07:32:07.427594-05:00,59.18,0,0,3
2026-09-03,17,2026-09-03T06:36:49.536394-05:00,2026-09-03T07:32:30.330096-05:00,55.68,0,1,7
2026-09-03,20,2026-09-03T06:38:39.443177-05:00,2026-09-03T07:33:49.172387-05:00,55.16,0,0,10
2026-09-03,21,2026-09-03T06:41:40.907883-05:00,2026-09-03T07:34:40.811565-05:00,53.0,0,0,2
2026-09-03,22,2026-09-03T06:41:49.937130-05:00,2026-09-03T07:37:04.841297-05:00,55.25,0,0,4
2026-09-03,23,2026-09-03T06:43:39.876641-05:00,2026-09-03T07:38:07.010645-05:00,54.45,0,0,5
2026-09-03,25,2026-09-03T06:45:23.758883-05:00,2026-09-03T07:41:09.251388-05:00,55.76,0,0,6
2026-09-03,27,2026-09-03T06:47:10.393094-05:00,2026-09-03T07:41:18.171956-05:00,54.13,0,1,10
2026-09-03,28,2026-09-03T06:47:44.736566-05:00,2026-09-03T07:41:26.648597-05:00,53.7,0,1,1
2026-09-03,30,2026-09-03T06:48:00.720357-05:00,2026-09-03T07:43:52.558293-05:00,55.86,0,1,8
2026-09-03,29,2026-09-03T06:48:12.692322-05:00,2026-09-03T07:44:48.612582-05:00,56.6,0,0,2
2026-09-03,32,2026-09-03T06:48:36.989787-05:00,2026-09-03T07:45:07.847944-05:00,56.51,0,0,7
2026-09-03,31,2026-09-03T06:48:56.319270-05:00,2026-09-03T07:45:50.590019-05:00,56.9,0,0,4
2026-09-03,33,2026-09-03T06:49:07.316006-05:00,2026-09-03T07:46:15.187404-05:00,57.13,0,1,3
2026-09-03,34,2026-09-03T06:49:33.170068-05:00,2026-09-03T07:46:40.826118-05:00,57.13,0,1,9
2026-09-03,35,2026-09-03T06:49:34.889888-05:00,2026-09-03T07:49:14.098509-05:00,59.65,0,0,5
2026-09-03,36,2026-09-03T06:51:23.602187-05:00,2026-09-03T07:49:46.861819-05:00,58.39,0,1,1
2026-09-03,39,2026-09-03T06:52:30.570262-05:00,2026-09-03T07:52:44.269619-05:00,60.23,0,1,2
2026-09-03,37,2026-09-03T06:52:32.335146-05:00,2026-09-03T07:52:46.781718-05:00,60.24,0,0,10
2026-09-03,91,2026-09-03T07:52:59.954282-05:00,2026-09-03T07:53:32.340454-05:00,0.54,1,0,6
2026-09-03,38,2026-09-03T06:52:51.807136-05:00,2026-09-03T07:53:45.570341-05:00,60.9,0,0,3
2026-09-03,92,2026-09-03T07:57:07.441430-05:00,2026-09-03T07:57:15.657020-05:00,0.14,1,0,5
2026-09-03,40,2026-09-03T06:53:33.222404-05:00,2026-09-03T07:57:24.695326-05:00,63.86,0,0,7
2026-09-03,41,2026-09-03T06:54:05.201897-05:00,2026-09-03T07:59:09.768323-05:00,65.08,0,1,9
2026-09-03,94,2026-09-03T07:59:49.459164-05:00,2026-09-03T07:59:55.775106-05:00,0.11,1,1,2
2026-09-03,45,2026-09-03T06:56:18.992801-05:00,2026-09-03T07:59:56.949612-05:00,63.63,0,1,4
2026-09-03,96,2026-09-03T08:01:18.799636-05:00,2026-09-03T08:03:46.049210-05:00,2.45,1,0,1
2026-09-03,46,2026-09-03T06:56:34.852578-05:00,2026-09-03T08:04:02.344817-05:00,67.46,0,0,8
2026-09-03,47,2026-09-03T06:57:34.972326-05:00,2026-09-03T08:06:19.637140-05:00,68.74,0,0,10
2026-09-03,48,2026-09-03T06:57:51.373301-05:00,2026-09-03T08:06:52.759625-05:00,69.02,0,0,5
2026-09-03,49,2026-09-03T06:59:50.113837-05:00,2026-09-03T08:09:42.534296-05:00,69.87,0,0,9
2026-09-03,50,2026-09-03T07:00:29.944251-05:00,2026-09-03T08:10:27.665811-05:00,69.96,0,1,2
2026-09-03,51,2026-09-03T07:00:58.074741-05:00,2026-09-03T08:11:00.441611-05:00,70.04,0,1,10
2026-09-03,52,2026-09-03T07:01:00.576114-05:00,2026-09-03T08:11:45.837916-05:00,70.75,0,0,1
2026-09-03,53,2026-09-03T07:02:51.095575-05:00,2026-09-03T08:11:53.095083-05:00,69.03,0,1,3
2026-09-03,54,2026-09-03T07:03:20.127577-05:00,2026-09-03T08:11:54.991866-05:00,68.58,0,0,7
2026-09-03,55,2026-09-03T07:03:27.841484-05:00,2026-09-03T08:14:27.331847-05:00,70.99,0,1,6
2026-09-03,56,2026-09-03T07:03:48.520007-05:00,2026-09-03T08:14:49.068956-05:00,71.01,0,0,4
2026-09-03,57,2026-09-03T07:04:11.629869-05:00,2026-09-03T08:16:25.677397-05:00,72.23,0,0,8
2026-09-03,104,2026-09-03T08:16:42.662322-05:00,2026-09-03T08:18:41.432325-05:00,1.98,1,0,9
2026-09-03,58,2026-09-03T07:04:44.622107-05:00,2026-09-03T08:19:06.865604-05:00,74.37,0,0,2
2026-09-03,59,2026-09-03T07:08:18.438005-05:00,2026-09-03T08:20:00.695897-05:00,71.7,0,1,5
2026-09-03,60,2026-09-03T07:08:32.510492-05:00,2026-09-03T08:20:06.137051-05:00,71.56,0,0,10
2026-09-03,61,2026-09-03T07:09:02.643882-05:00,2026-09-03T08:22:54.079383-05:00,73.86,0,1,1
2026-09-03,62,2026-09-03T07:09:36.221409-05:00,2026-09-03T08:23:55.340002-05:00,74.32,0,1,3
2026-09-03,63,2026-09-03T07:10:49.365681-05:00,2026-09-03T08:23:56.693319-05:00,73.12,0,0,4
2026-09-03,65,2026-09-03T07:12:17.303343-05:00,2026-09-03T08:25:59.439076-05:00,73.7,0,0,8
2026-09-03,66,2026-09-03T07:16:25.106590-05:00,2026-09-03T08:30:12.365991-05:00,73.79,0,0,5
2026-09-03,67,2026-09-03T07:16:35.064481-05:00,2026-09-03T08:30:49.846765-05:00,74.25,0,1,1
2026-09-03,68,2026-09-03T07:17:35.574710-05:00,2026-09-03T08:30:51.715269-05:00,73.27,0,1,10
2026-09-03,70,2026-09-03T07:18:28.103826-05:00,2026-09-03T08:30:55.925742-05:00,72.46,0,0,4
2026-09-03,72,2026-09-03T07:22:09.178642-05:00,2026-09-03T08:31:52.091783-05:00,69.72,0,0,3
2026-09-03,73,2026-09-03T07:22:59.175476-05:00,2026-09-03T08:32:00.084884-05:00,69.02,0,0,7
2026-09-03,74,2026-09-03T07:25:38.614305-05:00,2026-09-03T08:32:52.836689-05:00,67.24,0,1,9
2026-09-03,75,2026-09-03T07:26:25.175734-05:00,2026-09-03T08:38:30.044905-05:00,72.08,0,0,10
2026-09-03,76,2026-09-03T07:26:36.191503-05:00,2026-09-03T08:38:40.461246-05:00,72.07,0,0,8
2026-09-03,77,2026-09-03T07:27:00.448611-05:00,2026-09-03T08:40:17.260925-05:00,73.28,0,1,2
2026-09-03,78,2026-09-03T07:29:54.427690-05:00,2026-09-03T08:40:49.275424-05:00,70.91,0,1,9
2026-09-03,79,2026-09-03T07:30:20.524056-05:00,2026-09-03T08:41:18.828343-05:00,70.97,0,0,4
2026-09-03,80,2026-09-03T07:30:43.384191-05:00,2026-09-03T08:41:59.852950-05:00,71.27,0,0,3
2026-09-03,81,2026-09-03T07:33:25.419628-05:00,2026-09-03T08:42:24.865235-05:00,68.99,0,0,7
2026-09-03,82,2026-09-03T07:33:57.596842-05:00,2026-09-03T08:42:53.619766-05:00,68.93,0,0,6
2026-09-03,83,2026-09-03T07:38:57.081806-05:00,2026-09-03T08:43:32.337276-05:00,64.59,0,0,1
2026-09-03,84,2026-09-03T07:39:15.309225-05:00,2026-09-03T08:45:19.759259-05:00,66.07,0,1,10
2026-09-03,85,2026-09-03T07:39:47.481048-05:00,2026-09-03T08:45:26.373435-05:00,65.65,0,1,5
2026-09-03,86,2026-09-03T07:42:07.881451-05:00,2026-09-03T08:48:17.088137-05:00,66.15,0,1,8
2026-09-03,87,2026-09-03T07:43:36.790563-05:00,2026-09-03T08:49:29.294883-05:00,65.88,0,0,4
2026-09-03,88,2026-09-03T07:44:22.188050-05:00,2026-09-03T08:50:07.639876-05:00,65.76,0,0,2
2026-09-03,89,2026-09-03T07:48:05.439300-05:00,2026-09-03T08:50:58.378927-05:00,62.88,0,0,3
2026-09-03,90,2026-09-03T07:48:10.728358-05:00,2026-09-03T08:52:47.383418-05:00,64.61,0,0,10
2026-09-03,93,2026-09-03T07:58:17.384111-05:00,2026-09-03T08:54:33.274770-05:00,56.26,0,0,7
2026-09-03,95,2026-09-03T08:01:29.443774-05:00,2026-09-03T08:54:51.542699-05:00,53.37,0,0,1
2026-09-03,98,2026-09-03T08:03:40.144923-05:00,2026-09-03T08:57:37.953745-05:00,53.96,0,0,9
2026-09-03,97,2026-09-03T08:03:42.400588-05:00,2026-09-03T08:59:55.299454-05:00,56.21,0,1,4
2026-09-03,100,2026-09-03T08:07:41.246361-05:00,2026-09-03T09:00:11.351235-05:00,52.5,0,0,6
2026-09-03,99,2026-09-03T08:07:59.218318-05:00,2026-09-03T09:01:33.946700-05:00,53.58,0,0,8
2026-09-03,101,2026-09-03T08:10:04.817113-05:00,2026-09-03T09:02:25.419534-05:00,52.34,0,0,3
2026-09-03,102,2026-09-03T08:15:34.521767-05:00,2026-09-03T09:03:47.152795-05:00,48.21,0,0,5
2026-09-03,103,2026-09-03T08:16:35.284368-05:00,2026-09-03T09:07:29.063691-05:00,50.9,0,0,9
2026-09-03,105,2026-09-03T08:21:38.487710-05:00,2026-09-03T09:07:37.919958-05:00,45.99,0,0,6
2026-09-03,106,2026-09-03T08:24:19.516167-05:00,2026-09-03T09:08:21.033095-05:00,44.03,0,0,2
2026-09-03,107,2026-09-03T08:25:46.190786-05:00,2026-09-03T09:08:48.341215-05:00,43.04,0,0,7
2026-09-03,108,2026-09-03T08:27:19.327333-05:00,2026-09-03T09:09:15.897593-05:00,41.94,0,0,3
2026-09-03,109,2026-09-03T08:39:11.449597-05:00,2026-09-03T09:09:33.709560-05:00,30.37,0,0,1
2026-09-03,110,2026-09-03T08:46:35.163874-05:00,2026-09-03T09:09:56.446410-05:00,23.35,0,0,10
2026-09-03,111,2026-09-03T08:50:51.595397-05:00,2026-09-03T09:12:01.085589-05:00,21.16,0,1,8
2026-09-03,112,2026-09-03T08:52:16.675883-05:00,2026-09-03T09:13:09.390314-05:00,20.88,0,1,2
2026-09-03,113,2026-09-03T08:53:10.630144-05:00,2026-09-03T09:16:40.910563-05:00,23.5,0,1,5
2026-09-03,114,2026-09-03T09:01:18.525919-05:00,2026-09-03T09:16:44.758687-05:00,15.44,0,1,9
2026-09-03,115,2026-09-03T09:04:27.204569-05:00,2026-09-03T09:16:50.013190-05:00,12.38,0,1,1
2026-09-03,117,2026-09-03T09:07:04.828465-05:00,2026-09-03T09:18:18.990165-05:00,11.24,0,1,4
2026-09-03,116,2026-09-03T09:07:13.595441-05:00,2026-09-03T09:19:03.647956-05:00,11.83,0,0,7
2026-09-03,118,2026-09-03T09:14:01.648951-05:00,2026-09-03T09:21:27.892409-05:00,7.44,0,1,8
2026-09-03,119,2026-09-03T09:14:45.722276-05:00,2026-09-03T09:23:29.967685-05:00,8.74,0,0,3
2026-09-03,120,2026-09-03T09:16:22.402238-05:00,2026-09-03T09:24:10.780373-05:00,7.81,0,0,10
2026-09-03,121,2026-09-03T09:19:01.204752-05:00,2026-09-03T09:24:21.630709-05:00,5.34,0,0,4
2026-09-03,122,2026-09-03T09:20:57.579689-05:00,2026-09-03T09:25:37.204921-05:00,4.66,0,0,1
2026-09-03,124,2026-09-03T09:25:47.085214-05:00,2026-09-03T09:26:31.180439-05:00,0.73,1,0,2
2026-09-03,123,2026-09-03T09:23:49.776420-05:00,2026-09-03T09:27:26.798728-05:00,3.62,0,0,5
2026-09-03,125,2026-09-03T09:35:11.217100-05:00,2026-09-03T09:35:11.217100-05:00,0.0,1,0,1
2026-09-03,126,2026-09-03T09:38:52.268018-05:00,2026-09-03T09:38:52.268018-05:00,0.0,0,1,2
2026-09-03,128,2026-09-03T09:39:37.033125-05:00,2026-09-03T09:39:37.033125-05:00,0.0,0,1,3
2026-09-03,127,2026-09-03T09:39:53.332040-05:00,2026-09-03T09:39:53.332040-05:00,0.0,0,0,6
2026-09-03,129,2026-09-03T09:40:12.071168-05:00,2026-09-03T09:40:12.071168-05:00,0.0,0,0,7
2026-09-03,130,2026-09-03T09:41:48.029559-05:00,2026-09-03T09:41:48.029559-05:00,0.0,0,0,4
2026-09-03,131,2026-09-03T09:45:37.894814-05:00,2026-09-03T09:45:37.894814-05:00,0.0,0,1,5
2026-09-03,132,2026-09-03T09:48:57.624782-05:00,2026-09-03T09:48:57.624782-05:00,0.0,0,0,1
2026-09-03,133,2026-09-03T09:49:32.285267-05:00,2026-09-03T09:49:32.285267-05:00,0.0,1,1,8
2026-09-03,134,2026-09-03T09:50:32.981816-05:00,2026-09-03T09:50:32.981816-05:00,0.0,1,0,4
2026-09-03,135,2026-09-03T09:51:56.557644-05:00,2026-09-03T09:51:56.557644-05:00,0.0,0,0,2
2026-09-03,136,2026-09-03T09:56:20.169074-05:00,2026-09-03T09:56:20.169074-05:00,0.0,0,0,3
2026-09-03,137,2026-09-03T09:57:17.744620-05:00,2026-09-03T09:57:17.744620-05:00,0.0,0,0,1
2026-09-03,138,2026-09-03T10:03:21.605592-05:00,2026-09-03T10:03:21.605592-05:00,0.0,0,1,2
2026-09-03,139,2026-09-03T10:03:34.965746-05:00,2026-09-03T10:03:34.965746-05:00,0.0,0,1,4
2026-09-03,140,2026-09-03T10:04:50.519764-05:00,2026-09-03T10:04:50.519764-05:00,0.0,1,0,5
2026-09-03,141,2026-09-03T10:08:12.775380-05:00,2026-09-03T10:08:12.775380-05:00,0.0,0,0,1
2026-09-03,142,2026-09-03T10:13:53.431463-05:00,2026-09-03T10:13:53.431463-05:00,0.0,0,0,3
2026-09-03,144,2026-09-03T10:19:05.666591-05:00,2026-09-03T10:19:05.666591-05:00,0.0,0,0,2
2026-09-03,143,2026-09-03T10:19:07.124685-05:00,2026-09-03T10:19:07.124685-05:00,0.0,1,1,4
2026-09-03,145,2026-09-03T10:19:07.884679-05:00,2026-09-03T10:19:07.884679-05:00,0.0,0,1,6
2026-09-03,146,2026-09-03T10:21:33.318045-05:00,2026-09-03T10:21:33.318045-05:00,0.0,0,0,7
2026-09-03,147,2026-09-03T10:22:55.052789-05:00,2026-09-03T10:22:55.052789-05:00,0.0,0,0,5
2026-09-03,148,2026-09-03T10:27:27.861921-05:00,2026-09-03T10:27:27.861921-05:00,0.0,0,0,1
2026-09-03,149,2026-09-03T10:28:08.569021-05:00,2026-09-03T10:28:08.569021-05:00,0.0,0,0,3
2026-09-03,150,2026-09-03T10:29:58.240413-05:00,2026-09-03T10:29:58.240413-05:00,0.0,0,0,6
2026-09-03,151,2026-09-03T10:31:19.282206-05:00,2026-09-03T10:31:19.282206-05:00,0.0,0,0,8
2026-09-03,152,2026-09-03T10:34:55.743455-05:00,2026-09-03T10:34:55.743455-05:00,0.0,0,1,2
2026-09-03,153,2026-09-03T10:36:57.150276-05:00,2026-09-03T10:36:57.150276-05:00,0.0,0,0,4
2026-09-03,154,2026-09-03T10:41:08.029540-05:00,2026-09-03T10:41:08.029540-05:00,0.0,0,0,1
2026-09-03,155,2026-09-03T10:45:15.280820-05:00,2026-09-03T10:45:15.280820-05:00,0.0,1,0,2
2026-09-03,156,2026-09-03T10:46:52.746370-05:00,2026-09-03T10:46:52.746370-05:00,0.0,0,0,3
2026-09-03,157,2026-09-03T10:51:22.141228-05:00,2026-09-03T10:51:22.141228-05:00,0.0,0,0,1
2026-09-03,158,2026-09-03T10:56:52.156230-05:00,2026-09-03T10:56:52.156230-05:00,0.0,0,1,2
2026-09-03,159,2026-09-03T10:59:57.115309-05:00,2026-09-03T10:59:57.115309-05:00,0.0,0,0,4
2026-09-03,160,2026-09-03T11:02:29.331873-05:00,2026-09-03T11:02:29.331873-05:00,0.0,0,0,1
2026-09-03,161,2026-09-03T11:03:31.778627-05:00,2026-09-03T11:03:31.778627-05:00,0.0,0,0,5
2026-09-03,162,2026-09-03T11:18:00.240964-05:00,2026-09-03T11:18:00.240964-05:00,0.0,0,0,1
2026-09-03,163,2026-09-03T11:50:11.151800-05:00,2026-09-03T11:50:11.151800-05:00,0.0,0,1,1
2026-09-03,164,2026-09-03T11:53:05.428046-05:00,2026-09-03T11:53:05.428046-05:00,0.0,0,1,2
2026-09-03,165,2026-09-03T11:57:12.133106-05:00,2026-09-03T11:57:12.133106-05:00,0.0,0,1,3
2026-09-03,166,2026-09-03T12:14:15.044077-05:00,2026-09-03T12:14:15.044077-05:00,0.0,0,0,1
2026-09-03,167,2026-09-03T12:15:57.685552-05:00,2026-09-03T12:15:57.685552-05:00,0.0,0,0,2
2026-09-04,2,2026-09-04T06:21:13.731411-05:00,2026-09-04T07:06:00-05:00,44.77,1,0,1
2026-09-04,17,2026-09-04T06:33:31.632375-05:00,2026-09-04T07:06:00-05:00,32.47,1,0,2
2026-09-04,18,2026-09-04T06:34:30.636035-05:00,2026-09-04T07:06:00-05:00,31.49,1,0,3
2026-09-04,36,2026-09-04T06:46:05.475473-05:00,2026-09-04T07:06:00-05:00,19.91,1,0,4
2026-09-04,39,2026-09-04T06:51:45.650777-05:00,2026-09-04T07:06:00-05:00,14.24,1,0,5
2026-09-04,42,2026-09-04T06:54:28.929815-05:00,2026-09-04T07:06:00-05:00,11.52,1,0,6
2026-09-04,1,2026-09-04T06:20:00.150055-05:00,2026-09-04T07:06:00-05:00,46.0,0,1,7
2026-09-04,0,2026-09-04T06:20:01.064264-05:00,2026-09-04T07:06:00-05:00,45.98,0,0,8
2026-09-04,3,2026-09-04T06:21:11.259167-05:00,2026-09-04T07:06:00-05:00,44.81,0,1,9
2026-09-04,4,2026-09-04T06:24:03.468982-05:00,2026-09-04T07:06:00-05:00,41.94,0,0,10
2026-09-04,69,2026-09-04T07:06:40.488192-05:00,2026-09-04T07:16:12.031519-05:00,9.53,1,0,7
2026-09-04,77,2026-09-04T07:12:01.456642-05:00,2026-09-04T07:16:41.329675-05:00,4.66,1,0,2
2026-09-04,6,2026-09-04T06:27:56.032314-05:00,2026-09-04T07:17:14.761642-05:00,49.31,0,0,9
2026-09-04,5,2026-09-04T06:27:59.270320-05:00,2026-09-04T07:17:39.657748-05:00,49.67,0,0,6
2026-09-04,9,2026-09-04T06:30:01.514401-05:00,2026-09-04T07:17:41.388358-05:00,47.66,0,0,3
2026-09-04,7,2026-09-04T06:30:17.952603-05:00,2026-09-04T07:18:04.499974-05:00,47.78,0,0,10
2026-09-04,8,2026-09-04T06:30:19.927214-05:00,2026-09-04T07:18:24.231938-05:00,48.07,0,0,8
2026-09-04,85,2026-09-04T07:18:46.363344-05:00,2026-09-04T07:21:49.692067-05:00,3.06,1,0,4
2026-09-04,91,2026-09-04T07:20:37.871087-05:00,2026-09-04T07:22:14.700007-05:00,1.61,1,0,7
2026-09-04,10,2026-09-04T06:30:33.659656-05:00,2026-09-04T07:22:27.329457-05:00,51.89,0,0,9
2026-09-04,11,2026-09-04T06:31:43.996142-05:00,2026-09-04T07:23:21.447975-05:00,51.62,0,1,1
2026-09-04,12,2026-09-04T06:32:03.344215-05:00,2026-09-04T07:26:11.330643-05:00,54.13,0,1,3
2026-09-04,13,2026-09-04T06:32:20.604464-05:00,2026-09-04T07:27:23.224144-05:00,55.04,0,0,6
2026-09-04,14,2026-09-04T06:32:54.108339-05:00,2026-09-04T07:28:33.327615-05:00,55.65,0,1,8
2026-09-04,16,2026-09-04T06:32:57.970919-05:00,2026-09-04T07:28:42.138154-05:00,55.74,0,1,5
2026-09-04,15,2026-09-04T06:32:59.569194-05:00,2026-09-04T07:31:21.236834-05:00,58.36,0,0,10
2026-09-04,19,2026-09-04T06:34:30.348767-05:00,2026-09-04T07:32:07.566823-05:00,57.62,0,1,7
2026-09-04,20,2026-09-04T06:35:45.329151-05:00,2026-09-04T07:32:58.731963-05:00,57.22,0,1,9
2026-09-04,21,2026-09-04T06:35:50.279292-05:00,2026-09-04T07:33:33.906568-05:00,57.73,0,0,3
2026-09-04,22,2026-09-04T06:36:00.371107-05:00,2026-09-04T07:34:04.978973-05:00,58.08,0,0,2
2026-09-04,23,2026-09-04T06:36:00.869690-05:00,2026-09-04T07:34:08.370559-05:00,58.13,0,0,1
2026-09-04,99,2026-09-04T07:35:48.821188-05:00,2026-09-04T07:36:43.367246-05:00,0.91,1,1,6
2026-09-04,24,2026-09-04T06:37:54.339337-05:00,2026-09-04T07:38:09.355865-05:00,60.25,0,1,5
2026-09-04,25,2026-09-04T06:38:14.802103-05:00,2026-09-04T07:38:28.865961-05:00,60.23,0,1,4
2026-09-04,27,2026-09-04T06:38:20.941567-05:00,2026-09-04T07:38:39.704164-05:00,60.31,0,1,10
2026-09-04,26,2026-09-04T06:38:22.225746-05:00,2026-09-04T07:38:59.587916-05:00,60.62,0,0,7
2026-09-04,28,2026-09-04T06:38:37.297031-05:00,2026-09-04T07:40:55.106729-05:00,62.3,0,0,8
2026-09-04,29,2026-09-04T06:41:26.809471-05:00,2026-09-04T07:42:00.461127-05:00,60.56,0,0,3
2026-09-04,30,2026-09-04T06:42:46.456272-05:00,2026-09-04T07:45:13.520145-05:00,62.45,0,0,9
2026-09-04,31,2026-09-04T06:43:14.322846-05:00,2026-09-04T07:45:28.496317-05:00,62.24,0,0,2
2026-09-04,33,2026-09-04T06:43:31.223758-05:00,2026-09-04T07:46:10.591159-05:00,62.66,0,0,8
2026-09-04,32,2026-09-04T06:43:58.382175-05:00,2026-09-04T07:49:06.729905-05:00,65.14,0,0,6
2026-09-04,34,2026-09-04T06:44:55.274322-05:00,2026-09-04T07:50:36.513119-05:00,65.69,0,0,5
2026-09-04,35,2026-09-04T06:45:18.989942-05:00,2026-09-04T07:51:41.810363-05:00,66.38,0,0,1
2026-09-04,37,2026-09-04T06:49:20.561655-05:00,2026-09-04T07:51:50.044320-05:00,62.49,0,0,7
2026-09-04,38,2026-09-04T06:50:46.273469-05:00,2026-09-04T07:51:58.343624-05:00,61.2,0,0,10
2026-09-04,40,2026-09-04T06:52:04.653066-05:00,2026-09-04T07:52:58.819954-05:00,60.9,0,0,4
2026-09-04,41,2026-09-04T06:53:23.411220-05:00,2026-09-04T07:53:45.921574-05:00,60.38,0,0,8
2026-09-04,43,2026-09-04T06:54:44.980155-05:00,2026-09-04T07:57:29.756785-05:00,62.75,0,1,9
2026-09-04,44,2026-09-04T06:54:59.006824-05:00,2026-09-04T07:58:39.176425-05:00,63.67,0,0,3
2026-09-04,45,2026-09-04T06:55:17.497086-05:00,2026-09-04T08:00:27.393501-05:00,65.16,0,0,5
2026-09-04,46,2026-09-04T06:55:51.934074-05:00,2026-09-04T08:01:04.193717-05:00,65.2,0,0,6
2026-09-04,47,2026-09-04T06:56:28.072144-05:00,2026-09-04T08:01:12.625979-05:00,64.74,0,0,9
2026-09-04,48,2026-09-04T06:56:59.745039-05:00,2026-09-04T08:01:18.260614-05:00,64.31,0,0,2
2026-09-04,49,2026-09-04T06:57:54.390094-05:00,2026-09-04T08:02:58.920920-05:00,65.08,0,0,8
2026-09-04,51,2026-09-04T06:58:12.072587-05:00,2026-09-04T08:03:17.273240-05:00,65.09,0,1,1
2026-09-04,50,2026-09-04T06:58:25.379572-05:00,2026-09-04T08:05:02.725887-05:00,66.62,0,0,4
2026-09-04,52,2026-09-04T06:58:42.560996-05:00,2026-09-04T08:06:06.349903-05:00,67.4,0,0,10
2026-09-04,53,2026-09-04T06:59:05.483079-05:00,2026-09-04T08:08:52.711105-05:00,69.79,0,0,7
2026-09-04,54,2026-09-04T06:59:30.230350-05:00,2026-09-04T08:10:41.036126-05:00,71.18,0,0,9
2026-09-04,55,2026-09-04T07:00:18.508303-05:00,2026-09-04T08:12:24.909463-05:00,72.11,0,1,8
2026-09-04,56,2026-09-04T07:00:41.851242-05:00,2026-09-04T08:13:31.640041-05:00,72.83,0,0,10
2026-09-04,58,2026-09-04T07:01:10.076737-05:00,2026-09-04T08:13:48.323327-05:00,72.64,0,0,3
2026-09-04,57,2026-09-04T07:01:12.640304-05:00,2026-09-04T08:14:32.133466-05:00,73.32,0,0,6
2026-09-04,59,2026-09-04T07:02:09.919987-05:00,2026-09-04T08:14:47.378884-05:00,72.62,0,0,4
2026-09-04,61,2026-09-04T07:03:35.777752-05:00,2026-09-04T08:17:08.416678-05:00,73.54,0,1,2
2026-09-04,62,2026-09-04T07:03:48.078851-05:00,2026-09-04T08:17:21.654099-05:00,73.56,0,0,1
2026-09-04,60,2026-09-04T07:03:49.994117-05:00,2026-09-04T08:20:46.444357-05:00,76.94,0,0,7
2026-09-04,63,2026-09-04T07:04:12.740650-05:00,2026-09-04T08:22:05.135140-05:00,77.87,0,0,5
2026-09-04,64,2026-09-04T07:04:29.661831-05:00,2026-09-04T08:22:12.629978-05:00,77.72,0,1,8
2026-09-04,65,2026-09-04T07:04:43.532102-05:00,2026-09-04T08:22:18.582193-05:00,77.58,0,0,3
2026-09-04,66,2026-09-04T07:05:07.362050-05:00,2026-09-04T08:24:07.129682-05:00,79.0,0,0,6
2026-09-04,67,2026-09-04T07:05:48.340920-05:00,2026-09-04T08:25:46.024150-05:00,79.96,0,0,10
2026-09-04,68,2026-09-04T07:06:04.173607-05:00,2026-09-04T08:26:24.669158-05:00,80.34,0,1,4
2026-09-04,70,2026-09-04T07:06:37.140335-05:00,2026-09-04T08:27:23.397639-05:00,80.77,0,1,9
2026-09-04,71,2026-09-04T07:06:58.015527-05:00,2026-09-04T08:31:20.653641-05:00,84.38,0,1,7
2026-09-04,72,2026-09-04T07:08:14.267445-05:00,2026-09-04T08:32:26.157034-05:00,84.2,0,0,2
2026-09-04,73,2026-09-04T07:09:29.945144-05:00,2026-09-04T08:32:56.223678-05:00,83.44,0,0,6
2026-09-04,74,2026-09-04T07:10:26.803706-05:00,2026-09-04T08:33:09.428908-05:00,82.71,0,0,1
2026-09-04,75,2026-09-04T07:11:53.172160-05:00,2026-09-04T08:35:11.493772-05:00,83.31,0,1,8
2026-09-04,76,2026-09-04T07:12:10.482822-05:00,2026-09-04T08:35:44.149215-05:00,83.56,0,1,9
2026-09-04,78,2026-09-04T07:12:21.421963-05:00,2026-09-04T08:37:15.717723-05:00,84.9,0,0,3
2026-09-04,79,2026-09-04T07:13:09.991515-05:00,2026-09-04T08:38:51.239468-05:00,85.69,0,0,10
2026-09-04,80,2026-09-04T07:14:16.381935-05:00,2026-09-04T08:40:06.853770-05:00,85.84,0,0,6
2026-09-04,81,2026-09-04T07:14:44.403822-05:00,2026-09-04T08:41:31.995463-05:00,86.79,0,0,5
2026-09-04,82,2026-09-04T07:15:53.659349-05:00,2026-09-04T08:42:15.864051-05:00,86.37,0,0,2
2026-09-04,83,2026-09-04T07:16:32.567121-05:00,2026-09-04T08:45:24.482179-05:00,88.87,0,1,3
2026-09-04,84,2026-09-04T07:18:33.140712-05:00,2026-09-04T08:48:25.334624-05:00,89.87,0,0,1
2026-09-04,86,2026-09-04T07:18:39.051257-05:00,2026-09-04T08:49:01.071016-05:00,90.37,0,1,7
2026-09-04,87,2026-09-04T07:19:09.684903-05:00,2026-09-04T08:52:01.419854-05:00,92.86,0,0,9
2026-09-04,88,2026-09-04T07:19:16.846981-05:00,2026-09-04T08:52:15.292314-05:00,92.97,0,0,4
2026-09-04,89,2026-09-04T07:20:16.036792-05:00,2026-09-04T08:52:22.493379-05:00,92.11,0,0,10
2026-09-04,90,2026-09-04T07:20:34.103515-05:00,2026-09-04T08:52:31.714000-05:00,91.96,0,0,2
2026-09-04,93,2026-09-04T07:21:14.945515-05:00,2026-09-04T08:52:36.944171-05:00,91.37,0,0,5
2026-09-04,92,2026-09-04T07:21:24.712330-05:00,2026-09-04T08:55:19.759574-05:00,93.92,0,0,6
2026-09-04,118,2026-09-04T08:56:53.127999-05:00,2026-09-04T08:58:49.320760-05:00,1.94,1,0,1
2026-09-04,94,2026-09-04T07:21:40.874790-05:00,2026-09-04T09:00:08.781677-05:00,98.47,0,1,6
2026-09-04,95,2026-09-04T07:22:29.544382-05:00,2026-09-04T09:01:15.904935-05:00,98.77,0,1,2
2026-09-04,96,2026-09-04T07:22:49.634140-05:00,2026-09-04T09:01:33.270208-05:00,98.73,0,0,3
2026-09-04,97,2026-09-04T07:27:40.735907-05:00,2026-09-04T09:02:17.429824-05:00,94.61,0,1,4
2026-09-04,98,2026-09-04T07:32:51.842592-05:00,2026-09-04T09:04:20.843917-05:00,91.48,0,0,8
2026-09-04,100,2026-09-04T07:36:26.531902-05:00,2026-09-04T09:08:39.272292-05:00,92.21,0,1,10
2026-09-04,101,2026-09-04T07:36:31.305157-05:00,2026-09-04T09:09:06.298016-05:00,92.58,0,1,9
2026-09-04,102,2026-09-04T07:37:36.682665-05:00,2026-09-04T09:09:57.937959-05:00,92.35,0,0,5
2026-09-04,103,2026-09-04T07:38:20.964935-05:00,2026-09-04T09:11:07.443946-05:00,92.77,0,0,7
2026-09-04,104,2026-09-04T07:38:39.520060-05:00,2026-09-04T09:11:50.463818-05:00,93.18,0,0,4
2026-09-04,105,2026-09-04T07:41:41.757798-05:00,2026-09-04T09:13:30.456640-05:00,91.81,0,0,1
2026-09-04,106,2026-09-04T07:44:06.615370-05:00,2026-09-04T09:15:06.668474-05:00,91.0,0,0,2
2026-09-04,107,2026-09-04T07:46:27.734647-05:00,2026-09-04T09:16:26.781865-05:00,89.98,0,1,6
2026-09-04,108,2026-09-04T07:49:21.573101-05:00,2026-09-04T09:16:32.733243-05:00,87.19,0,1,8
2026-09-04,109,2026-09-04T07:51:55.938268-05:00,2026-09-04T09:16:57.989825-05:00,85.03,0,0,10
2026-09-04,110,2026-09-04T07:53:52.541952-05:00,2026-09-04T09:18:38.081260-05:00,84.76,0,0,5
2026-09-04,111,2026-09-04T07:58:11.525754-05:00,2026-09-04T09:21:41.394319-05:00,83.5,0,1,7
2026-09-04,112,2026-09-04T08:03:01.794575-05:00,2026-09-04T09:24:29.701689-05:00,81.47,0,0,10
2026-09-04,113,2026-09-04T08:09:55.214428-05:00,2026-09-04T09:25:00.579113-05:00,75.09,0,1,4
2026-09-04,114,2026-09-04T08:32:01.598065-05:00,2026-09-04T09:25:18.412407-05:00,53.28,0,0,5
2026-09-04,116,2026-09-04T08:44:30.221982-05:00,2026-09-04T09:26:29.564678-05:00,41.99,0,0,8
2026-09-04,115,2026-09-04T08:44:56.226115-05:00,2026-09-04T09:27:05.677303-05:00,42.16,0,1,9
2026-09-04,117,2026-09-04T08:55:01.870051-05:00,2026-09-04T09:27:15.870107-05:00,32.23,0,0,2
2026-09-04,119,2026-09-04T08:58:01.723382-05:00,2026-09-04T09:29:30.520073-05:00,31.48,0,0,7
2026-09-04,120,2026-09-04T09:01:38.908728-05:00,2026-09-04T09:30:12.387948-05:00,28.56,0,1,1
2026-09-04,127,2026-09-04T09:30:55.720038-05:00,2026-09-04T09:32:16.262392-05:00,1.34,1,1,8
2026-09-04,128,2026-09-04T09:32:32.367596-05:00,2026-09-04T09:33:37.306318-05:00,1.08,1,0,6
2026-09-04,121,2026-09-04T09:05:20.866966-05:00,2026-09-04T09:33:51.864973-05:00,28.52,0,0,10
2026-09-04,122,2026-09-04T09:10:08.895506-05:00,2026-09-04T09:35:06.089876-05:00,24.95,0,1,3
2026-09-04,123,2026-09-04T09:10:37.412914-05:00,2026-09-04T09:39:18.597256-05:00,28.69,0,1,9
2026-09-04,124,2026-09-04T09:14:38.684586-05:00,2026-09-04T09:40:03.117650-05:00,25.41,0,0,4
2026-09-04,125,2026-09-04T09:28:01.133427-05:00,2026-09-04T09:41:42.287875-05:00,13.69,0,0,2
2026-09-04,126,2026-09-04T09:29:32.614905-05:00,2026-09-04T09:42:35.907773-05:00,13.05,0,0,3
2026-09-04,129,2026-09-04T09:35:32.062639-05:00,2026-09-04T09:42:58.127065-05:00,7.43,0,0,5
2026-09-04,130,2026-09-04T09:36:38.438293-05:00,2026-09-04T09:43:56.870123-05:00,7.31,0,0,7
2026-09-04,131,2026-09-04T09:37:14.473477-05:00,2026-09-04T09:48:16.894859-05:00,11.04,0,1,4
2026-09-04,132,2026-09-04T09:37:59.665018-05:00,2026-09-04T09:48:47.394752-05:00,10.8,0,1,10
2026-09-04,133,2026-09-04T09:38:10.401195-05:00,2026-09-04T09:49:07.856769-05:00,10.96,0,1,2
2026-09-04,134,2026-09-04T09:42:45.359596-05:00,2026-09-04T09:51:41.346208-05:00,8.93,0,1,6
2026-09-04,135,2026-09-04T09:47:47.646052-05:00,2026-09-04T09:52:12.830751-05:00,4.42,0,0,8
2026-09-04,136,2026-09-04T09:49:16.038226-05:00,2026-09-04T09:52:53.104487-05:00,3.62,0,1,1
2026-09-04,137,2026-09-04T09:51:40.370194-05:00,2026-09-04T09:53:30.352475-05:00,1.83,0,0,9
2026-09-04,138,2026-09-04T09:57:29.722185-05:00,2026-09-04T09:57:29.722185-05:00,0.0,0,0,5
2026-09-04,139,2026-09-04T09:58:37.852241-05:00,2026-09-04T09:59:02.474984-05:00,0.41,0,0,8
2026-09-04,140,2026-09-04T09:59:17.793758-05:00,2026-09-04T09:59:17.793758-05:00,0.0,0,0,10
2026-09-04,141,2026-09-04T10:01:05.409020-05:00,2026-09-04T10:01:05.409020-05:00,0.0,0,0,1
2026-09-04,142,2026-09-04T10:04:02.755191-05:00,2026-09-04T10:04:02.755191-05:00,0.0,0,0,2
2026-09-04,143,2026-09-04T10:05:24.405201-05:00,2026-09-04T10:05:24.405201-05:00,0.0,0,0,3
2026-09-04,144,2026-09-04T10:05:36.590221-05:00,2026-09-04T10:05:36.590221-05:00,0.0,0,0,4
2026-09-04,145,2026-09-04T10:24:38.075038-05:00,2026-09-04T10:24:38.075038-05:00,0.0,0,0,1
2026-09-04,146,2026-09-04T10:30:14.564359-05:00,2026-09-04T10:30:14.564359-05:00,0.0,0,0,2
2026-09-04,147,2026-09-04T10:31:44.864519-05:00,2026-09-04T10:31:44.864519-05:00,0.0,0,0,3
2026-09-04,148,2026-09-04T10:32:16.251639-05:00,2026-09-04T10:32:16.251639-05:00,0.0,0,1,4
2026-09-04,149,2026-09-04T10:35:30.970088-05:00,2026-09-04T10:35:30.970088-05:00,0.0,0,0,1
2026-09-04,150,2026-09-04T10:41:06.519483-05:00,2026-09-04T10:41:06.519483-05:00,0.0,0,0,2
2026-09-04,151,2026-09-04T10:42:37.815894-05:00,2026-09-04T10:42:37.815894-05:00,0.0,0,0,3
2026-09-04,152,2026-09-04T10:42:44.957654-05:00,2026-09-04T10:42:44.957654-05:00,0.0,0,0,4
2026-09-04,153,2026-09-04T10:56:52.213536-05:00,2026-09-04T10:56:52.213536-05:00,0.0,1,1,1
2026-09-04,154,2026-09-04T10:57:29.707277-05:00,2026-09-04T10:57:29.707277-05:00,0.0,0,1,3
2026-09-04,155,2026-09-04T11:12:21.743686-05:00,2026-09-04T11:12:21.743686-05:00,0.0,0,0,1
2026-09-04,156,2026-09-04T11:29:31.225597-05:00,2026-09-04T11:29:31.225597-05:00,0.0,0,0,1
2026-09-04,157,2026-09-04T11:33:26.394265-05:00,2026-09-04T11:33:26.394265-05:00,0.0,0,0,2
2026-09-04,158,2026-09-04T11:39:22.006044-05:00,2026-09-04T11:39:22.006044-05:00,0.0,0,0,3
2026-09-04,160,2026-09-04T12:00:15.330409-05:00,2026-09-04T12:00:15.330409-05:00,0.0,0,0,1
2026-09-04,159,2026-09-04T12:00:18.303847-05:00,2026-09-04T12:00:18.303847-05:00,0.0,0,0,2
2026-09-04,161,2026-09-04T12:05:42.883699-05:00,2026-09-04T12:05:42.883699-05:00,0.0,0,1,3
2026-09-04,162,2026-09-04T12:11:15.677696-05:00,2026-09-04T12:11:15.677696-05:00,0.0,0,1,1
2026-09-04,163,2026-09-04T12:16:13.299159-05:00,2026-09-04T12:16:13.299159-05:00,0.0,0,1,2
2026-09-05,24,2026-09-05T06:44:00.328833-05:00,2026-09-05T07:06:00-05:00,21.99,1,0,1
2026-09-05,36,2026-09-05T06:49:54.987534-05:00,2026-09-05T07:06:00-05:00,16.08,1,1,2
2026-09-05,38,2026-09-05T06:52:06.738662-05:00,2026-09-05T07:06:00-05:00,13.89,1,1,3
2026-09-05,0,2026-09-05T06:13:33.900911-05:00,2026-09-05T07:06:00-05:00,52.43,0,1,4
2026-09-05,1,2026-09-05T06:14:30.275157-05:00,2026-09-05T07:06:00-05:00,51.5,0,1,5
2026-09-05,2,2026-09-05T06:14:45.859770-05:00,2026-09-05T07:06:00-05:00,51.24,0,1,6
2026-09-05,3,2026-09-05T06:16:20.920244-05:00,2026-09-05T07:06:00-05:00,49.65,0,0,7
2026-09-05,4,2026-09-05T06:18:02.787032-05:00,2026-09-05T07:06:00-05:00,47.95,0,0,8
2026-09-05,5,2026-09-05T06:25:43.015025-05:00,2026-09-05T07:06:00-05:00,40.28,0,0,9
2026-09-05,6,2026-09-05T06:26:30.307416-05:00,2026-09-05T07:06:00-05:00,39.49,0,0,10
2026-09-05,7,2026-09-05T06:28:25.363570-05:00,2026-09-05T07:15:26.555101-05:00,47.02,0,0,6
2026-09-05,8,2026-09-05T06:29:42.773698-05:00,2026-09-05T07:16:27.479724-05:00,46.75,0,0,3
2026-09-05,65,2026-09-05T07:16:30.396160-05:00,2026-09-05T07:16:39.360034-05:00,0.15,1,0,10
2026-09-05,66,2026-09-05T07:16:39.038908-05:00,2026-09-05T07:17:02.368133-05:00,0.39,1,0,5
2026-09-05,9,2026-09-05T06:33:18.314913-05:00,2026-09-05T07:17:39.591595-05:00,44.35,0,0,8
2026-09-05,10,2026-09-05T06:34:29.758767-05:00,2026-09-05T07:19:22.450087-05:00,44.88,0,0,9
2026-09-05,12,2026-09-05T06:35:33.869496-05:00,2026-09-05T07:19:44.600903-05:00,44.18,0,1,1
2026-09-05,13,2026-09-05T06:35:37.315757-05:00,2026-09-05T07:20:55.615120-05:00,45.3,0,0,4
2026-09-05,11,2026-09-05T06:35:42.854683-05:00,2026-09-05T07:21:54.457128-05:00,46.19,0,0,3
2026-09-05,14,2026-09-05T06:36:30.078087-05:00,2026-09-05T07:24:14.403271-05:00,47.74,0,0,7
2026-09-05,15,2026-09-05T06:36:54.996259-05:00,2026-09-05T07:24:26.220230-05:00,47.52,0,0,6
2026-09-05,16,2026-09-05T06:38:10.425459-05:00,2026-09-05T07:24:27.039004-05:00,46.28,0,1,2
2026-09-05,17,2026-09-05T06:38:18.150248-05:00,2026-09-05T07:27:43.879846-05:00,49.43,0,0,9
2026-09-05,18,2026-09-05T06:38:58.829696-05:00,2026-09-05T07:27:56.407290-05:00,48.96,0,0,8
2026-09-05,19,2026-09-05T06:39:19.696494-05:00,2026-09-05T07:28:17.498204-05:00,48.96,0,0,1
2026-09-05,21,2026-09-05T06:40:38.695466-05:00,2026-09-05T07:29:45.445272-05:00,49.11,0,0,5
2026-09-05,20,2026-09-05T06:40:48.289199-05:00,2026-09-05T07:30:55.962738-05:00,50.13,0,0,3
2026-09-05,22,2026-09-05T06:43:18.617011-05:00,2026-09-05T07:33:11.034123-05:00,49.87,0,1,4
2026-09-05,23,2026-09-05T06:44:11.403240-05:00,2026-09-05T07:36:04.358343-05:00,51.88,0,0,10
2026-09-05,25,2026-09-05T06:45:14.056343-05:00,2026-09-05T07:36:09.564584-05:00,50.93,0,0,6
2026-09-05,26,2026-09-05T06:45:18.009470-05:00,2026-09-05T07:36:17.586302-05:00,50.99,0,1,9
2026-09-05,28,2026-09-05T06:46:17.312649-05:00,2026-09-05T07:39:11.591076-05:00,52.9,0,1,1
2026-09-05,27,2026-09-05T06:46:19.449272-05:00,2026-09-05T07:40:47.706781-05:00,54.47,0,1,4
2026-09-05,29,2026-09-05T06:47:31.468751-05:00,2026-09-05T07:40:57.922603-05:00,53.44,0,0,2
2026-09-05,31,2026-09-05T06:48:03.614318-05:00,2026-09-05T07:42:15.702240-05:00,54.2,0,0,3
2026-09-05,30,2026-09-05T06:48:29.352531-05:00,2026-09-05T07:43:04.298745-05:00,54.58,0,0,7
2026-09-05,33,2026-09-05T06:48:47.354674-05:00,2026-09-05T07:45:13.029844-05:00,56.43,0,0,5
2026-09-05,32,2026-09-05T06:48:54.314928-05:00,2026-09-05T07:45:44.832610-05:00,56.84,0,1,8
2026-09-05,91,2026-09-05T07:46:18.204997-05:00,2026-09-05T07:46:22.303648-05:00,0.07,1,1,6
2026-09-05,34,2026-09-05T06:49:25.224710-05:00,2026-09-05T07:46:27.969011-05:00,57.05,0,1,10
2026-09-05,35,2026-09-05T06:49:52.411185-05:00,2026-09-05T07:48:13.025059-05:00,58.34,0,1,1
2026-09-05,93,2026-09-05T07:48:52.749076-05:00,2026-09-05T07:49:47.791405-05:00,0.92,1,0,9
2026-09-05,37,2026-09-05T06:52:06.662155-05:00,2026-09-05T07:50:06.507129-05:00,58.0,0,0,7
2026-09-05,39,2026-09-05T06:52:57.296044-05:00,2026-09-05T07:50:24.273497-05:00,57.45,0,0,3
2026-09-05,40,2026-09-05T06:53:20.845544-05:00,2026-09-05T07:54:34.645435-05:00,61.23,0,0,10
2026-09-05,41,2026-09-05T06:55:26.710658-05:00,2026-09-05T07:55:28.473301-05:00,60.03,0,0,2
2026-09-05,96,2026-09-05T07:58:13.668048-05:00,2026-09-05T07:58:50.830099-05:00,0.62,1,0,9
2026-09-05,42,2026-09-05T06:55:44.004043-05:00,2026-09-05T07:59:31.840503-05:00,63.8,0,1,6
2026-09-05,44,2026-09-05T06:56:07.033437-05:00,2026-09-05T08:00:10.984055-05:00,64.07,0,1,4
2026-09-05,43,2026-09-05T06:56:19.651873-05:00,2026-09-05T08:00:59.931155-05:00,64.67,0,1,3
2026-09-05,46,2026-09-05T06:57:03.978683-05:00,2026-09-05T08:01:10.535608-05:00,64.11,0,0,1
2026-09-05,45,2026-09-05T06:57:18.736814-05:00,2026-09-05T08:01:48.683681-05:00,64.5,0,1,2
2026-09-05,99,2026-09-05T08:01:57.839498-05:00,2026-09-05T08:04:02.698786-05:00,2.08,1,0,10
2026-09-05,47,2026-09-05T06:59:54.586295-05:00,2026-09-05T08:04:52.589420-05:00,64.97,0,1,8
2026-09-05,102,2026-09-05T08:06:14.290216-05:00,2026-09-05T08:09:55.260777-05:00,3.68,1,0,5
2026-09-05,48,2026-09-05T07:00:55.191114-05:00,2026-09-05T08:09:57.582498-05:00,69.04,0,1,9
2026-09-05,49,2026-09-05T07:02:42.489487-05:00,2026-09-05T08:12:10.652891-05:00,69.47,0,1,7
2026-09-05,50,2026-09-05T07:03:01.044695-05:00,2026-09-05T08:13:34.937788-05:00,70.56,0,1,2
2026-09-05,51,2026-09-05T07:03:30.804351-05:00,2026-09-05T08:14:24.121541-05:00,70.89,0,0,10
2026-09-05,52,2026-09-05T07:03:46.177803-05:00,2026-09-05T08:14:32.689977-05:00,70.78,0,0,1
2026-09-05,53,2026-09-05T07:04:57.642042-05:00,2026-09-05T08:14:47.790762-05:00,69.84,0,0,8
2026-09-05,54,2026-09-05T07:05:50.341517-05:00,2026-09-05T08:14:57.410172-05:00,69.12,0,0,6
2026-09-05,56,2026-09-05T07:06:44.528883-05:00,2026-09-05T08:16:51.855941-05:00,70.12,0,1,9
2026-09-05,55,2026-09-05T07:06:56.544584-05:00,2026-09-05T08:18:45.805437-05:00,71.82,0,1,4
2026-09-05,57,2026-09-05T07:07:45.631905-05:00,2026-09-05T08:21:30.340120-05:00,73.75,0,0,7
2026-09-05,58,2026-09-05T07:09:21.496939-05:00,2026-09-05T08:23:24.449393-05:00,74.05,0,0,10
2026-09-05,59,2026-09-05T07:11:31.367928-05:00,2026-09-05T08:23:48.908339-05:00,72.29,0,1,5
2026-09-05,60,2026-09-05T07:13:16.300267-05:00,2026-09-05T08:24:27.930399-05:00,71.19,0,0,2
2026-09-05,61,2026-09-05T07:13:25.821284-05:00,2026-09-05T08:25:08.552429-05:00,71.71,0,0,6
2026-09-05,62,2026-09-05T07:14:30.890938-05:00,2026-09-05T08:25:19.399366-05:00,70.81,0,0,1
2026-09-05,63,2026-09-05T07:16:27.178356-05:00,2026-09-05T08:27:47.424516-05:00,71.34,0,0,3
2026-09-05,67,2026-09-05T07:16:31.364471-05:00,2026-09-05T08:27:49.792825-05:00,71.31,0,1,7
2026-09-05,64,2026-09-05T07:16:50.577998-05:00,2026-09-05T08:28:38.169176-05:00,71.79,0,1,9
2026-09-05,70,2026-09-05T07:17:40.422331-05:00,2026-09-05T08:31:19.401070-05:00,73.65,0,0,2
2026-09-05,69,2026-09-05T07:17:43.549429-05:00,2026-09-05T08:31:48.149341-05:00,74.08,0,1,1
2026-09-05,68,2026-09-05T07:17:52.186016-05:00,2026-09-05T08:33:31.352551-05:00,75.65,0,0,8
2026-09-05,71,2026-09-05T07:19:43.186334-05:00,2026-09-05T08:33:44.294752-05:00,74.02,0,0,10
2026-09-05,72,2026-09-05T07:20:28.892712-05:00,2026-09-05T08:35:06.158340-05:00,74.62,0,0,3
2026-09-05,73,2026-09-05T07:20:34.440715-05:00,2026-09-05T08:36:43.241784-05:00,76.15,0,0,5
2026-09-05,114,2026-09-05T08:36:46.050585-05:00,2026-09-05T08:42:22.970690-05:00,5.62,1,0,4
2026-09-05,74,2026-09-05T07:21:52.272844-05:00,2026-09-05T08:43:11.093980-05:00,81.31,0,0,6
2026-09-05,75,2026-09-05T07:22:41.363421-05:00,2026-09-05T08:43:37.027390-05:00,80.93,0,0,8
2026-09-05,76,2026-09-05T07:23:08.057735-05:00,2026-09-05T08:43:52.945675-05:00,80.75,0,1,10
2026-09-05,78,2026-09-05T07:23:35.433134-05:00,2026-09-05T08:44:46.346444-05:00,81.18,0,0,7
2026-09-05,77,2026-09-05T07:23:59.983523-05:00,2026-09-05T08:46:25.183492-05:00,82.42,0,1,9
2026-09-05,79,2026-09-05T07:25:36.129530-05:00,2026-09-05T08:49:29.921774-05:00,83.9,0,0,2
2026-09-05,80,2026-09-05T07:29:14.388825-05:00,2026-09-05T08:49:46.441585-05:00,80.53,0,1,8
2026-09-05,81,2026-09-05T07:29:54.602486-05:00,2026-09-05T08:50:28.440656-05:00,80.56,0,0,3
2026-09-05,82,2026-09-05T07:30:05.033953-05:00,2026-09-05T08:51:17.721218-05:00,81.21,0,1,4
2026-09-05,83,2026-09-05T07:31:09.191325-05:00,2026-09-05T08:53:51.741199-05:00,82.71,0,0,6
2026-09-05,84,2026-09-05T07:32:06.777566-05:00,2026-09-05T08:57:20.828259-05:00,85.23,0,0,7
2026-09-05,85,2026-09-05T07:32:44.502551-05:00,2026-09-05T08:58:47.450736-05:00,86.05,0,1,5
2026-09-05,86,2026-09-05T07:33:53.795517-05:00,2026-09-05T08:58:52.176882-05:00,84.97,0,1,8
2026-09-05,87,2026-09-05T07:36:16.984530-05:00,2026-09-05T08:59:45.617616-05:00,83.48,0,0,10
2026-09-05,88,2026-09-05T07:38:06.631659-05:00,2026-09-05T08:59:52.805006-05:00,81.77,0,1,4
2026-09-05,89,2026-09-05T07:39:20.439816-05:00,2026-09-05T09:01:35.798527-05:00,82.26,0,0,2
2026-09-05,90,2026-09-05T07:46:02.597712-05:00,2026-09-05T09:01:53.029971-05:00,75.84,0,0,1
2026-09-05,92,2026-09-05T07:47:00.630531-05:00,2026-09-05T09:02:13.517732-05:00,75.21,0,0,9
2026-09-05,94,2026-09-05T07:51:42.986646-05:00,2026-09-05T09:04:27.395177-05:00,72.74,0,0,8
2026-09-05,95,2026-09-05T07:54:18.429969-05:00,2026-09-05T09:04:51.444252-05:00,70.55,0,1,6
2026-09-05,97,2026-09-05T07:58:38.657352-05:00,2026-09-05T09:06:57.536693-05:00,68.31,0,1,3
2026-09-05,120,2026-09-05T09:08:07.787838-05:00,2026-09-05T09:10:13.431150-05:00,2.09,1,0,2
2026-09-05,98,2026-09-05T08:01:55.260721-05:00,2026-09-05T09:10:33.526519-05:00,68.64,0,1,8
2026-09-05,100,2026-09-05T08:02:04.396805-05:00,2026-09-05T09:11:08.345332-05:00,69.07,0,0,10
2026-09-05,101,2026-09-05T08:04:46.438229-05:00,2026-09-05T09:14:40.644225-05:00,69.9,0,0,6
2026-09-05,103,2026-09-05T08:07:05.670661-05:00,2026-09-05T09:14:46.919379-05:00,67.69,0,0,3
2026-09-05,104,2026-09-05T08:11:46.717595-05:00,2026-09-05T09:16:10.646219-05:00,64.4,0,1,1
2026-09-05,105,2026-09-05T08:12:17.991775-05:00,2026-09-05T09:16:28.056234-05:00,64.17,0,0,4
2026-09-05,106,2026-09-05T08:16:19.970070-05:00,2026-09-05T09:17:00.102772-05:00,60.67,0,0,9
2026-09-05,107,2026-09-05T08:18:26.769147-05:00,2026-09-05T09:17:31.233193-05:00,59.07,0,0,5
2026-09-05,108,2026-09-05T08:20:17.674315-05:00,2026-09-05T09:18:18.143259-05:00,58.01,0,0,7
2026-09-05,125,2026-09-05T09:19:19.876841-05:00,2026-09-05T09:19:55.934884-05:00,0.6,1,0,6
2026-09-05,109,2026-09-05T08:21:01.760966-05:00,2026-09-05T09:25:04.660246-05:00,64.05,0,1,1
2026-09-05,111,2026-09-05T08:27:06.857183-05:00,2026-09-05T09:25:56.957397-05:00,58.84,0,0,8
2026-09-05,127,2026-09-05T09:26:10.202182-05:00,2026-09-05T09:27:03.839657-05:00,0.89,1,0,3
2026-09-05,110,2026-09-05T08:27:18.607493-05:00,2026-09-05T09:27:51.953001-05:00,60.56,0,1,5
2026-09-05,112,2026-09-05T08:27:45.725182-05:00,2026-09-05T09:29:23.308920-05:00,61.63,0,1,10
2026-09-05,129,2026-09-05T09:30:00.740552-05:00,2026-09-05T09:30:18.741032-05:00,0.3,1,0,9
2026-09-05,113,2026-09-05T08:32:06.498572-05:00,2026-09-05T09:32:34.890194-05:00,60.47,0,1,8
2026-09-05,115,2026-09-05T08:40:16.000730-05:00,2026-09-05T09:33:17.965578-05:00,53.03,0,1,2
2026-09-05,116,2026-09-05T08:49:20.238487-05:00,2026-09-05T09:34:19.164139-05:00,44.98,0,1,4
2026-09-05,117,2026-09-05T08:52:58.079834-05:00,2026-09-05T09:34:34.566815-05:00,41.61,0,0,1
2026-09-05,118,2026-09-05T08:56:30.347787-05:00,2026-09-05T09:35:39.504233-05:00,39.15,0,0,5
2026-09-05,119,2026-09-05T09:02:16.400062-05:00,2026-09-05T09:36:07.762437-05:00,33.86,0,1,3
2026-09-05,121,2026-09-05T09:11:49.711425-05:00,2026-09-05T09:36:39.063583-05:00,24.82,0,0,7
2026-09-05,132,2026-09-05T09:38:00.066623-05:00,2026-09-05T09:38:23.092454-05:00,0.38,1,0,6
2026-09-05,122,2026-09-05T09:13:09.788697-05:00,2026-09-05T09:41:57.000260-05:00,28.79,0,1,10
2026-09-05,133,2026-09-05T09:45:18.747399-05:00,2026-09-05T09:45:58.300741-05:00,0.66,1,0,1
2026-09-05,123,2026-09-05T09:14:41.420295-05:00,2026-09-05T09:46:48.478239-05:00,32.12,0,0,2
2026-09-05,124,2026-09-05T09:18:30.773672-05:00,2026-09-05T09:49:41.523455-05:00,31.18,0,0,4
2026-09-05,126,2026-09-05T09:22:56.746369-05:00,2026-09-05T09:49:50.664028-05:00,26.9,0,0,7
2026-09-05,128,2026-09-05T09:28:58.214757-05:00,2026-09-05T09:49:52.581452-05:00,20.91,0,0,9
2026-09-05,130,2026-09-05T09:30:57.402957-05:00,2026-09-05T09:49:55.403813-05:00,18.97,0,0,6
2026-09-05,131,2026-09-05T09:36:38.960749-05:00,2026-09-05T09:52:25.463001-05:00,15.78,0,1,8
2026-09-05,134,2026-09-05T09:45:01.191590-05:00,2026-09-05T09:52:40.362805-05:00,7.65,0,1,3
2026-09-05,135,2026-09-05T09:55:17.330096-05:00,2026-09-05T09:55:17.330096-05:00,0.0,0,0,5
2026-09-05,136,2026-09-05T09:56:34.268282-05:00,2026-09-05T09:58:09.945536-05:00,1.59,0,0,2
2026-09-05,137,2026-09-05T09:59:19.499244-05:00,2026-09-05T10:01:01.230189-05:00,1.7,0,0,4
2026-09-05,138,2026-09-05T10:00:09.910183-05:00,2026-09-05T10:01:17.908392-05:00,1.13,0,0,7
2026-09-05,139,2026-09-05T10:02:43.667312-05:00,2026-09-05T10:02:52.320652-05:00,0.14,1,0,6
2026-09-05,140,2026-09-05T10:07:12.479051-05:00,2026-09-05T10:07:12.479051-05:00,0.0,0,0,1
2026-09-05,141,2026-09-05T10:11:16.911982-05:00,2026-09-05T10:11:16.911982-05:00,0.0,0,0,2
2026-09-05,142,2026-09-05T10:14:26.739142-05:00,2026-09-05T10:14:26.739142-05:00,0.0,0,0,3
2026-09-05,143,2026-09-05T10:27:19.251784-05:00,2026-09-05T10:27:19.251784-05:00,0.0,1,1,1
2026-09-05,144,2026-09-05T10:37:52.060063-05:00,2026-09-05T10:37:52.060063-05:00,0.0,0,1,2
2026-09-05,145,2026-09-05T10:38:13.900424-05:00,2026-09-05T10:38:13.900424-05:00,0.0,0,1,3
2026-09-05,146,2026-09-05T10:45:00.346047-05:00,2026-09-05T10:45:00.346047-05:00,0.0,0,0,1
2026-09-05,147,2026-09-05T10:49:17.661391-05:00,2026-09-05T10:49:17.661391-05:00,0.0,0,0,2
2026-09-05,148,2026-09-05T10:50:07.965946-05:00,2026-09-05T10:50:07.965946-05:00,0.0,0,0,3
2026-09-05,149,2026-09-05T10:53:17.991765-05:00,2026-09-05T10:53:17.991765-05:00,0.0,0,1,4
2026-09-05,150,2026-09-05T11:03:24.769853-05:00,2026-09-05T11:03:24.769853-05:00,0.0,0,0,3
2026-09-05,151,2026-09-05T11:08:47.043072-05:00,2026-09-05T11:08:47.043072-05:00,0.0,1,0,1
2026-09-05,152,2026-09-05T11:12:21.458401-05:00,2026-09-05T11:12:21.458401-05:00,0.0,0,0,2
2026-09-05,153,2026-09-05T11:12:24.685893-05:00,2026-09-05T11:12:24.685893-05:00,0.0,0,1,4
2026-09-05,154,2026-09-05T11:14:36.151723-05:00,2026-09-05T11:14:36.151723-05:00,0.0,0,0,5
2026-09-05,155,2026-09-05T11:18:25.305021-05:00,2026-09-05T11:18:25.305021-05:00,0.0,0,1,6
2026-09-05,156,2026-09-05T11:40:00.397708-05:00,2026-09-05T11:40:00.397708-05:00,0.0,0,0,1
2026-09-05,158,2026-09-05T11:42:15.484775-05:00,2026-09-05T11:42:15.484775-05:00,0.0,0,1,2
2026-09-05,157,2026-09-05T11:42:18.867751-05:00,2026-09-05T11:42:18.867751-05:00,0.0,0,0,3
2026-09-05,159,2026-09-05T11:46:32.960941-05:00,2026-09-05T11:46:32.960941-05:00,0.0,0,0,4
2026-09-05,160,2026-09-05T11:50:04.636163-05:00,2026-09-05T11:50:04.636163-05:00,0.0,0,1,1
2026-09-05,161,2026-09-05T11:50:38.556858-05:00,2026-09-05T11:50:38.556858-05:00,0.0,0,0,5
2026-09-05,162,2026-09-05T11:53:30.993048-05:00,2026-09-05T11:53:30.993048-05:00,0.0,0,1,6
2026-09-05,163,2026-09-05T11:57:59.931576-05:00,2026-09-05T11:57:59.931576-05:00,0.0,0,0,1
2026-09-05,164,2026-09-05T12:03:01.286290-05:00,2026-09-05T12:03:01.286290-05:00,0.0,0,0,2
2026-09-07,3,2026-09-07T06:19:02.588369-05:00,2026-09-07T07:06:00-05:00,46.96,1,0,1
2026-09-07,6,2026-09-07T06:23:12.354713-05:00,2026-09-07T07:06:00-05:00,42.79,1,0,2
2026-09-07,11,2026-09-07T06:26:36.900211-05:00,2026-09-07T07:06:00-05:00,39.38,1,1,3
2026-09-07,14,2026-09-07T06:29:06.929690-05:00,2026-09-07T07:06:00-05:00,36.88,1,1,4
2026-09-07,35,2026-09-07T06:49:19.053152-05:00,2026-09-07T07:06:00-05:00,16.68,1,1,5
2026-09-07,46,2026-09-07T06:57:05.756830-05:00,2026-09-07T07:06:00-05:00,8.9,1,1,6
2026-09-07,0,2026-09-07T06:12:07.134344-05:00,2026-09-07T07:06:00-05:00,53.88,0,0,7
2026-09-07,1,2026-09-07T06:14:13.785112-05:00,2026-09-07T07:06:00-05:00,51.77,0,0,8
2026-09-07,2,2026-09-07T06:16:51.496339-05:00,2026-09-07T07:06:00-05:00,49.14,0,0,9
2026-09-07,4,2026-09-07T06:21:16.270714-05:00,2026-09-07T07:06:00-05:00,44.73,0,0,10
2026-09-07,5,2026-09-07T06:21:43.352846-05:00,2026-09-07T07:14:52.461793-05:00,53.15,0,1,1
2026-09-07,7,2026-09-07T06:23:04.558613-05:00,2026-09-07T07:15:16.615204-05:00,52.2,0,0,8
2026-09-07,8,2026-09-07T06:23:06.706832-05:00,2026-09-07T07:16:14.203735-05:00,53.12,0,1,7
2026-09-07,9,2026-09-07T06:24:38.229646-05:00,2026-09-07T07:16:31.945190-05:00,51.9,0,1,3
2026-09-07,10,2026-09-07T06:26:54.527209-05:00,2026-09-07T07:16:41.087810-05:00,49.78,0,0,9
2026-09-07,12,2026-09-07T06:27:44.832520-05:00,2026-09-07T07:18:26.731436-05:00,50.7,0,0,6
2026-09-07,13,2026-09-07T06:28:14.835444-05:00,2026-09-07T07:19:28.893944-05:00,51.23,0,0,10
2026-09-07,15,2026-09-07T06:30:12.753185-05:00,2026-09-07T07:20:11.520294-05:00,49.98,0,0,4
2026-09-07,16,2026-09-07T06:30:22.007937-05:00,2026-09-07T07:21:53.495786-05:00,51.52,0,0,2
2026-09-07,19,2026-09-07T06:30:33.501804-05:00,2026-09-07T07:22:56.423190-05:00,52.38,0,0,8
2026-09-07,18,2026-09-07T06:30:38.721441-05:00,2026-09-07T07:24:15.196454-05:00,53.61,0,1,9
2026-09-07,17,2026-09-07T06:30:42.265151-05:00,2026-09-07T07:24:53.186315-05:00,54.18,0,0,5
2026-09-07,20,2026-09-07T06:31:43.307591-05:00,2026-09-07T07:26:16.557134-05:00,54.55,0,0,6
2026-09-07,21,2026-09-07T06:32:46.392160-05:00,2026-09-07T07:26:45.481349-05:00,53.98,0,1,1
2026-09-07,22,2026-09-07T06:33:58.700764-05:00,2026-09-07T07:27:27.521586-05:00,53.48,0,1,7
2026-09-07,23,2026-09-07T06:35:25.804487-05:00,2026-09-07T07:28:19.768294-05:00,52.9,0,0,4
2026-09-07,24,2026-09-07T06:36:47.955033-05:00,2026-09-07T07:30:21.552669-05:00,53.56,0,0,3
2026-09-07,25,2026-09-07T06:37:45.025802-05:00,2026-09-07T07:30:30.183265-05:00,52.75,0,0,10
2026-09-07,26,2026-09-07T06:39:28.935095-05:00,2026-09-07T07:31:46.410881-05:00,52.29,0,1,2
2026-09-07,84,2026-09-07T07:33:38.572271-05:00,2026-09-07T07:37:23.923262-05:00,3.76,1,1,5
2026-09-07,85,2026-09-07T07:33:48.915838-05:00,2026-09-07T07:37:45.354345-05:00,3.94,1,0,4
2026-09-07,27,2026-09-07T06:41:22.336886-05:00,2026-09-07T07:38:37.817251-05:00,57.26,0,0,8
2026-09-07,28,2026-09-07T06:43:02.607041-05:00,2026-09-07T07:39:56.708816-05:00,56.9,0,0,7
2026-09-07,29,2026-09-07T06:44:48.140376-05:00,2026-09-07T07:41:48.598249-05:00,57.01,0,0,2
2026-09-07,30,2026-09-07T06:46:11.994340-05:00,2026-09-07T07:42:02.150696-05:00,55.84,0,0,1
2026-09-07,31,2026-09-07T06:46:53.871315-05:00,2026-09-07T07:43:00.275534-05:00,56.11,0,0,3
2026-09-07,32,2026-09-07T06:47:32.335537-05:00,2026-09-07T07:43:36.300222-05:00,56.07,0,0,6
2026-09-07,34,2026-09-07T06:47:41.994934-05:00,2026-09-07T07:44:13.192079-05:00,56.52,0,0,5
2026-09-07,33,2026-09-07T06:47:51.507888-05:00,2026-09-07T07:45:21.449598-05:00,57.5,0,1,4
2026-09-07,37,2026-09-07T06:51:17.444176-05:00,2026-09-07T07:46:14.711031-05:00,54.95,0,0,10
2026-09-07,36,2026-09-07T06:51:22.075306-05:00,2026-09-07T07:48:14.374483-05:00,56.87,0,0,9
2026-09-07,38,2026-09-07T06:51:59.999723-05:00,2026-09-07T07:50:02.680294-05:00,58.04,0,1,2
2026-09-07,39,2026-09-07T06:52:13.491700-05:00,2026-09-07T07:50:46.716088-05:00,58.55,0,0,8
2026-09-07,100,2026-09-07T07:53:52.527218-05:00,2026-09-07T07:54:31.215895-05:00,0.64,1,0,7
2026-09-07,40,2026-09-07T06:53:00.584634-05:00,2026-09-07T07:54:49.922570-05:00,61.82,0,1,5
2026-09-07,41,2026-09-07T06:54:07.583245-05:00,2026-09-07T07:58:38.801885-05:00,64.52,0,1,6
2026-09-07,43,2026-09-07T06:55:44.354709-05:00,2026-09-07T07:59:02.588894-05:00,63.3,0,1,8
2026-09-07,42,2026-09-07T06:55:52.126202-05:00,2026-09-07T08:01:20.291203-05:00,65.47,0,1,1
2026-09-07,44,2026-09-07T06:56:10.579592-05:00,2026-09-07T08:01:21.799323-05:00,65.19,0,0,4
2026-09-07,45,2026-09-07T06:56:56.712271-05:00,2026-09-07T08:02:02.083265-05:00,65.09,0,0,9
2026-09-07,47,2026-09-07T06:58:00.329700-05:00,2026-09-07T08:02:20.440658-05:00,64.34,0,1,3
2026-09-07,48,2026-09-07T07:00:09.383105-05:00,2026-09-07T08:05:16.172520-05:00,65.11,0,0,10
2026-09-07,49,2026-09-07T07:00:19.939234-05:00,2026-09-07T08:07:21.396615-05:00,67.02,0,1,8
2026-09-07,50,2026-09-07T07:02:07.796824-05:00,2026-09-07T08:07:35.571424-05:00,65.46,0,0,1
2026-09-07,51,2026-09-07T07:02:13.417505-05:00,2026-09-07T08:08:35.269935-05:00,66.36,0,0,5
2026-09-07,53,2026-09-07T07:03:37.991623-05:00,2026-09-07T08:10:03.285048-05:00,66.42,0,1,7
2026-09-07,52,2026-09-07T07:03:52.111241-05:00,2026-09-07T08:12:36.115597-05:00,68.73,0,0,4
2026-09-07,107,2026-09-07T08:13:12.745253-05:00,2026-09-07T08:14:38.702713-05:00,1.43,1,0,3
2026-09-07,54,2026-09-07T07:05:11.117231-05:00,2026-09-07T08:15:04.887843-05:00,69.9,0,1,9
2026-09-07,56,2026-09-07T07:05:33.374081-05:00,2026-09-07T08:17:41.799824-05:00,72.14,0,0,6
2026-09-07,55,2026-09-07T07:05:49.079384-05:00,2026-09-07T08:19:17.602185-05:00,73.48,0,0,1
2026-09-07,57,2026-09-07T07:09:04.532969-05:00,2026-09-07T08:19:40.511741-05:00,70.6,0,0,5
2026-09-07,59,2026-09-07T07:09:32.183724-05:00,2026-09-07T08:21:03.206568-05:00,71.52,0,1,3
2026-09-07,58,2026-09-07T07:09:45.359692-05:00,2026-09-07T08:21:48.515387-05:00,72.05,0,0,10
2026-09-07,61,2026-09-07T07:10:17.709235-05:00,2026-09-07T08:23:40.204257-05:00,73.37,0,0,8
2026-09-07,60,2026-09-07T07:10:29.734531-05:00,2026-09-07T08:24:54.497357-05:00,74.41,0,0,6
2026-09-07,62,2026-09-07T07:13:06.266782-05:00,2026-09-07T08:25:39.250994-05:00,72.55,0,1,2
2026-09-07,63,2026-09-07T07:14:17.154208-05:00,2026-09-07T08:26:33.069768-05:00,72.27,0,1,9
2026-09-07,64,2026-09-07T07:14:53.474693-05:00,2026-09-07T08:29:20.448696-05:00,74.45,0,0,7
2026-09-07,65,2026-09-07T07:15:59.958014-05:00,2026-09-07T08:29:49.239985-05:00,73.82,0,0,4
2026-09-07,66,2026-09-07T07:17:01.258330-05:00,2026-09-07T08:30:27.595120-05:00,73.44,0,1,5
2026-09-07,67,2026-09-07T07:17:30.202898-05:00,2026-09-07T08:32:09.092324-05:00,74.65,0,0,9
2026-09-07,68,2026-09-07T07:17:34.393813-05:00,2026-09-07T08:34:38.322246-05:00,77.07,0,1,6
2026-09-07,71,2026-09-07T07:18:11.847817-05:00,2026-09-07T08:35:53.695971-05:00,77.7,0,0,8
2026-09-07,69,2026-09-07T07:18:16.409388-05:00,2026-09-07T08:36:23.534676-05:00,78.12,0,1,1
2026-09-07,70,2026-09-07T07:18:20.194297-05:00,2026-09-07T08:36:23.782749-05:00,78.06,0,0,4
2026-09-07,72,2026-09-07T07:19:45.686661-05:00,2026-09-07T08:38:29.664368-05:00,78.73,0,0,2
2026-09-07,73,2026-09-07T07:21:17.407950-05:00,2026-09-07T08:40:51.158913-05:00,79.56,0,0,10
2026-09-07,74,2026-09-07T07:21:34.463105-05:00,2026-09-07T08:41:09.678384-05:00,79.59,0,1,9
2026-09-07,76,2026-09-07T07:23:20.663730-05:00,2026-09-07T08:41:13.627663-05:00,77.88,0,1,5
2026-09-07,75,2026-09-07T07:23:25.319127-05:00,2026-09-07T08:44:49.805863-05:00,81.41,0,0,6
2026-09-07,77,2026-09-07T07:24:40.025553-05:00,2026-09-07T08:45:56.721520-05:00,81.28,0,0,8
2026-09-07,78,2026-09-07T07:25:10.797307-05:00,2026-09-07T08:45:57.913603-05:00,80.79,0,1,3
2026-09-07,79,2026-09-07T07:26:23.260521-05:00,2026-09-07T08:47:05.221372-05:00,80.7,0,1,1
2026-09-07,80,2026-09-07T07:27:28.924553-05:00,2026-09-07T08:47:22.525129-05:00,79.89,0,0,4
2026-09-07,81,2026-09-07T07:29:43.600751-05:00,2026-09-07T08:48:07.940937-05:00,78.41,0,0,7
2026-09-07,82,2026-09-07T07:30:31.273278-05:00,2026-09-07T08:49:10.481704-05:00,78.65,0,1,5
2026-09-07,83,2026-09-07T07:33:04.335835-05:00,2026-09-07T08:52:44.981971-05:00,79.68,0,0,10
2026-09-07,86,2026-09-07T07:34:07.256790-05:00,2026-09-07T08:53:17.431309-05:00,79.17,0,1,2
2026-09-07,87,2026-09-07T07:34:18.858437-05:00,2026-09-07T08:54:00.912397-05:00,79.7,0,0,8
2026-09-07,119,2026-09-07T08:54:09.521951-05:00,2026-09-07T08:54:37.651942-05:00,0.47,1,1,7
2026-09-07,88,2026-09-07T07:36:28.701485-05:00,2026-09-07T08:54:52.748975-05:00,78.4,0,0,9
2026-09-07,89,2026-09-07T07:36:37.113106-05:00,2026-09-07T08:55:12.720625-05:00,78.59,0,0,4
2026-09-07,90,2026-09-07T07:37:04.167275-05:00,2026-09-07T08:56:12.328280-05:00,79.14,0,0,3
2026-09-07,91,2026-09-07T07:40:01.037255-05:00,2026-09-07T08:57:02.732083-05:00,77.03,0,0,5
2026-09-07,92,2026-09-07T07:41:23.326222-05:00,2026-09-07T08:58:49.352963-05:00,77.43,0,0,1
2026-09-07,93,2026-09-07T07:43:59.050425-05:00,2026-09-07T09:00:21.191995-05:00,76.37,0,0,10
2026-09-07,94,2026-09-07T07:44:21.768468-05:00,2026-09-07T09:02:27.195440-05:00,78.09,0,0,6
2026-09-07,125,2026-09-07T09:05:09.188594-05:00,2026-09-07T09:06:21.283156-05:00,1.2,1,0,2
2026-09-07,95,2026-09-07T07:44:38.732011-05:00,2026-09-07T09:08:26.999279-05:00,83.8,0,0,8
2026-09-07,96,2026-09-07T07:45:45.866861-05:00,2026-09-07T09:09:02.145276-05:00,83.27,0,0,5
2026-09-07,97,2026-09-07T07:49:25.181761-05:00,2026-09-07T09:09:41.496061-05:00,80.27,0,1,7
2026-09-07,98,2026-09-07T07:49:57.224240-05:00,2026-09-07T09:10:06.543581-05:00,80.16,0,0,9
2026-09-07,99,2026-09-07T07:53:24.126990-05:00,2026-09-07T09:10:40.372140-05:00,77.27,0,0,3
2026-09-07,101,2026-09-07T07:54:25.085798-05:00,2026-09-07T09:12:10.328119-05:00,77.75,0,0,4
2026-09-07,102,2026-09-07T07:57:04.145892-05:00,2026-09-07T09:13:59.685482-05:00,76.93,0,0,10
2026-09-07,103,2026-09-07T08:03:32.810829-05:00,2026-09-07T09:13:59.965156-05:00,70.45,0,1,1
2026-09-07,104,2026-09-07T08:07:55.373631-05:00,2026-09-07T09:16:26.923807-05:00,68.53,0,0,6
2026-09-07,105,2026-09-07T08:09:17.718689-05:00,2026-09-07T09:20:57.797034-05:00,71.67,0,0,9
2026-09-07,106,2026-09-07T08:09:54.474424-05:00,2026-09-07T09:21:07.128882-05:00,71.21,0,0,7
2026-09-07,108,2026-09-07T08:13:51.020375-05:00,2026-09-07T09:21:38.641225-05:00,67.79,0,0,4
2026-09-07,109,2026-09-07T08:14:02.695899-05:00,2026-09-07T09:22:21.574502-05:00,68.31,0,1,2
2026-09-07,110,2026-09-07T08:24:22.591701-05:00,2026-09-07T09:23:31.036578-05:00,59.14,0,0,5
2026-09-07,130,2026-09-07T09:23:41.419343-05:00,2026-09-07T09:24:41.787663-05:00,1.01,1,0,10
2026-09-07,111,2026-09-07T08:27:24.884522-05:00,2026-09-07T09:28:27.775785-05:00,61.05,0,0,8
2026-09-07,112,2026-09-07T08:28:11.527529-05:00,2026-09-07T09:28:31.123007-05:00,60.33,0,0,6
2026-09-07,113,2026-09-07T08:29:02.755507-05:00,2026-09-07T09:28:36.225405-05:00,59.56,0,0,3
2026-09-07,114,2026-09-07T08:39:27.877234-05:00,2026-09-07T09:29:37.750083-05:00,50.16,0,0,9
2026-09-07,115,2026-09-07T08:46:59.759679-05:00,2026-09-07T09:30:06.741284-05:00,43.12,0,1,7
2026-09-07,116,2026-09-07T08:48:20.702258-05:00,2026-09-07T09:32:35.399211-05:00,44.24,0,1,1
2026-09-07,117,2026-09-07T08:48:46.459719-05:00,2026-09-07T09:33:47.640050-05:00,45.02,0,0,8
2026-09-07,118,2026-09-07T08:52:09.006709-05:00,2026-09-07T09:33:53.065027-05:00,41.73,0,0,2
2026-09-07,120,2026-09-07T08:56:36.878757-05:00,2026-09-07T09:34:31.511136-05:00,37.91,0,0,10
2026-09-07,121,2026-09-07T08:58:06.940750-05:00,2026-09-07T09:38:34.542859-05:00,40.46,0,0,5
2026-09-07,122,2026-09-07T09:00:25.973765-05:00,2026-09-07T09:39:51.163252-05:00,39.42,0,0,7
2026-09-07,123,2026-09-07T09:01:53.351093-05:00,2026-09-07T09:41:11.497202-05:00,39.3,0,1,3
2026-09-07,124,2026-09-07T09:04:22.366000-05:00,2026-09-07T09:42:22.818260-05:00,38.01,0,0,9
2026-09-07,126,2026-09-07T09:09:09.750850-05:00,2026-09-07T09:43:57.448640-05:00,34.79,0,0,8
2026-09-07,127,2026-09-07T09:16:17.567049-05:00,2026-09-07T09:48:08.797193-05:00,31.85,0,0,5
2026-09-07,129,2026-09-07T09:17:49.596031-05:00,2026-09-07T09:48:37.898826-05:00,30.81,0,0,8
2026-09-07,137,2026-09-07T09:48:58.742947-05:00,2026-09-07T09:49:08.155959-05:00,0.16,1,0,1
2026-09-07,128,2026-09-07T09:17:58.899441-05:00,2026-09-07T09:49:19.095089-05:00,31.34,0,1,6
2026-09-07,131,2026-09-07T09:30:03.725901-05:00,2026-09-07T09:49:33.315573-05:00,19.49,0,1,7
2026-09-07,132,2026-09-07T09:30:52.117012-05:00,2026-09-07T09:51:40.939833-05:00,20.81,0,0,10
2026-09-07,133,2026-09-07T09:34:48.014495-05:00,2026-09-07T09:51:45.696736-05:00,16.96,0,0,2
2026-09-07,134,2026-09-07T09:37:26.640757-05:00,2026-09-07T09:54:10.236658-05:00,16.73,0,1,3
2026-09-07,135,2026-09-07T09:46:34.830431-05:00,2026-09-07T09:54:46.172618-05:00,8.19,0,0,4
2026-09-07,136,2026-09-07T09:46:43.688565-05:00,2026-09-07T09:55:50.661172-05:00,9.12,0,0,9
2026-09-07,138,2026-09-07T10:11:28.877524-05:00,2026-09-07T10:11:28.877524-05:00,0.0,1,0,1
2026-09-07,139,2026-09-07T10:12:50.642830-05:00,2026-09-07T10:12:50.642830-05:00,0.0,0,0,2
2026-09-07,140,2026-09-07T10:14:41.756707-05:00,2026-09-07T10:14:41.756707-05:00,0.0,0,1,3
2026-09-07,141,2026-09-07T10:16:33.535124-05:00,2026-09-07T10:16:33.535124-05:00,0.0,0,1,4
2026-09-07,142,2026-09-07T10:22:21.638494-05:00,2026-09-07T10:22:21.638494-05:00,0.0,0,0,1
2026-09-07,144,2026-09-07T10:22:35.981747-05:00,2026-09-07T10:22:35.981747-05:00,0.0,0,0,2
2026-09-07,143,2026-09-07T10:22:36.150777-05:00,2026-09-07T10:22:36.150777-05:00,0.0,0,1,5
2026-09-07,145,2026-09-07T10:22:38.080657-05:00,2026-09-07T10:22:38.080657-05:00,0.0,0,0,6
2026-09-07,146,2026-09-07T10:30:22.332758-05:00,2026-09-07T10:30:22.332758-05:00,0.0,0,1,6
2026-09-07,147,2026-09-07T10:40:35.212862-05:00,2026-09-07T10:40:35.212862-05:00,0.0,0,1,1
2026-09-07,148,2026-09-07T10:41:26.872576-05:00,2026-09-07T10:41:26.872576-05:00,0.0,0,0,3
2026-09-07,149,2026-09-07T10:44:42.780518-05:00,2026-09-07T10:44:42.780518-05:00,0.0,0,0,2
2026-09-07,150,2026-09-07T10:51:46.929739-05:00,2026-09-07T10:51:46.929739-05:00,0.0,0,1,4
2026-09-07,151,2026-09-07T10:53:54.581582-05:00,2026-09-07T10:53:54.581582-05:00,0.0,0,0,1
2026-09-07,152,2026-09-07T10:56:58.306646-05:00,2026-09-07T10:56:58.306646-05:00,0.0,0,0,2
2026-09-07,153,2026-09-07T11:00:35.376779-05:00,2026-09-07T11:00:35.376779-05:00,0.0,0,0,3
2026-09-07,154,2026-09-07T11:06:29.191574-05:00,2026-09-07T11:06:29.191574-05:00,0.0,0,0,4
2026-09-07,155,2026-09-07T11:08:15.826857-05:00,2026-09-07T11:08:15.826857-05:00,0.0,0,0,2
2026-09-07,156,2026-09-07T11:10:28.057707-05:00,2026-09-07T11:10:28.057707-05:00,0.0,0,1,5
2026-09-07,157,2026-09-07T11:15:45.982898-05:00,2026-09-07T11:15:45.982898-05:00,0.0,0,1,1
2026-09-07,158,2026-09-07T11:16:42.428658-05:00,2026-09-07T11:16:42.428658-05:00,0.0,0,0,3
2026-09-07,160,2026-09-07T11:18:27.018719-05:00,2026-09-07T11:18:27.018719-05:00,0.0,0,0,6
2026-09-07,159,2026-09-07T11:18:28.488066-05:00,2026-09-07T11:18:28.488066-05:00,0.0,0,0,7
2026-09-07,161,2026-09-07T11:25:05.089962-05:00,2026-09-07T11:25:05.089962-05:00,0.0,0,0,2
2026-09-07,162,2026-09-07T11:27:25.876223-05:00,2026-09-07T11:27:25.876223-05:00,0.0,0,0,3
2026-09-07,163,2026-09-07T11:28:56.077461-05:00,2026-09-07T11:28:56.077461-05:00,0.0,0,1,4
2026-09-07,164,2026-09-07T11:32:40.076008-05:00,2026-09-07T11:32:40.076008-05:00,0.0,0,0,5
2026-09-07,165,2026-09-07T11:34:31.449229-05:00,2026-09-07T11:34:31.449229-05:00,0.0,0,1,1
2026-09-07,166,2026-09-07T12:13:27.284453-05:00,2026-09-07T12:13:27.284453-05:00,0.0,0,1,1
2026-09-07,167,2026-09-07T12:16:15.460269-05:00,2026-09-07T12:16:15.460269-05:00,0.0,0,0,2
2026-09-07,168,2026-09-07T12:24:28.036909-05:00,2026-09-07T12:24:28.036909-05:00,0.0,0,1,1
2026-09-07,169,2026-09-07T12:25:53.642245-05:00,2026-09-07T12:25:53.642245-05:00,0.0,0,1,3
2026-09-07,170,2026-09-07T12:29:44.573902-05:00,2026-09-07T12:29:44.573902-05:00,0.0,1,0,4
2026-09-08,25,2026-09-08T06:44:15.357083-05:00,2026-09-08T07:06:00-05:00,21.74,1,1,1
2026-09-08,0,2026-09-08T06:12:06.736308-05:00,2026-09-08T07:06:00-05:00,53.89,0,0,2
2026-09-08,1,2026-09-08T06:16:44.211726-05:00,2026-09-08T07:06:00-05:00,49.26,0,0,3
2026-09-08,2,2026-09-08T06:19:24.610466-05:00,2026-09-08T07:06:00-05:00,46.59,0,0,4
2026-09-08,3,2026-09-08T06:25:09.551622-05:00,2026-09-08T07:06:00-05:00,40.84,0,0,5
2026-09-08,4,2026-09-08T06:25:50.600959-05:00,2026-09-08T07:06:00-05:00,40.16,0,0,6
2026-09-08,5,2026-09-08T06:26:10.854702-05:00,2026-09-08T07:06:00-05:00,39.82,0,0,7
2026-09-08,6,2026-09-08T06:26:23.579593-05:00,2026-09-08T07:06:00-05:00,39.61,0,0,8
2026-09-08,7,2026-09-08T06:28:01.396416-05:00,2026-09-08T07:06:00-05:00,37.98,0,0,9
2026-09-08,8,2026-09-08T06:29:09.225718-05:00,2026-09-08T07:06:00-05:00,36.85,0,1,10
2026-09-08,63,2026-09-08T07:11:40.358533-05:00,2026-09-08T07:12:02.545826-05:00,0.37,1,0,8
2026-09-08,9,2026-09-08T06:30:27.841894-05:00,2026-09-08T07:13:40.406329-05:00,43.21,0,1,3
2026-09-08,10,2026-09-08T06:30:41.275480-05:00,2026-09-08T07:14:17.867633-05:00,43.61,0,0,2
2026-09-08,66,2026-09-08T07:14:47.934229-05:00,2026-09-08T07:16:45.029711-05:00,1.95,1,0,10
2026-09-08,11,2026-09-08T06:32:26.782773-05:00,2026-09-08T07:17:02.967583-05:00,44.6,0,0,7
2026-09-08,12,2026-09-08T06:32:34.892715-05:00,2026-09-08T07:17:53.185053-05:00,45.3,0,0,1
2026-09-08,13,2026-09-08T06:33:53.410262-05:00,2026-09-08T07:18:01.678304-05:00,44.14,0,0,4
2026-09-08,14,2026-09-08T06:36:31.226128-05:00,2026-09-08T07:18:17.045905-05:00,41.76,0,0,5
2026-09-08,70,2026-09-08T07:18:23.461514-05:00,2026-09-08T07:19:20.402623-05:00,0.95,1,1,9
2026-09-08,75,2026-09-08T07:20:26.002270-05:00,2026-09-08T07:25:28.287957-05:00,5.04,1,0,1
2026-09-08,81,2026-09-08T07:23:58.742737-05:00,2026-09-08T07:27:49.377942-05:00,3.84,1,0,10
2026-09-08,15,2026-09-08T06:37:24.084130-05:00,2026-09-08T07:27:57.736263-05:00,50.56,0,0,2
2026-09-08,16,2026-09-08T06:38:40.760703-05:00,2026-09-08T07:29:04.107037-05:00,50.39,0,0,3
2026-09-08,17,2026-09-08T06:39:16.233628-05:00,2026-09-08T07:30:03.042612-05:00,50.78,0,0,8
2026-09-08,88,2026-09-08T07:31:18.263803-05:00,2026-09-08T07:31:22.909589-05:00,0.08,1,1,9
2026-09-08,18,2026-09-08T06:39:48.034219-05:00,2026-09-08T07:32:35.601835-05:00,52.79,0,0,6
2026-09-08,19,2026-09-08T06:41:08.555866-05:00,2026-09-08T07:33:58.699835-05:00,52.84,0,0,1
2026-09-08,20,2026-09-08T06:41:59.308298-05:00,2026-09-08T07:34:04.978316-05:00,52.09,0,0,2
2026-09-08,94,2026-09-08T07:36:27.492651-05:00,2026-09-08T07:36:29.439497-05:00,0.03,1,0,10
2026-09-08,22,2026-09-08T06:43:47.003837-05:00,2026-09-08T07:36:40.644811-05:00,52.89,0,1,5
2026-09-08,21,2026-09-08T06:43:47.455327-05:00,2026-09-08T07:39:24.848140-05:00,55.62,0,1,8
2026-09-08,23,2026-09-08T06:43:58.716147-05:00,2026-09-08T07:42:33.132367-05:00,58.57,0,1,7
2026-09-08,24,2026-09-08T06:44:15.542421-05:00,2026-09-08T07:42:43.415568-05:00,58.46,0,0,3
2026-09-08,26,2026-09-08T06:45:27.283637-05:00,2026-09-08T07:44:14.332728-05:00,58.78,0,0,6
2026-09-08,27,2026-09-08T06:45:38.662230-05:00,2026-09-08T07:44:42.105123-05:00,59.06,0,0,2
2026-09-08,28,2026-09-08T06:45:44.357129-05:00,2026-09-08T07:45:01.704088-05:00,59.29,0,0,9
2026-09-08,29,2026-09-08T06:46:08.037529-05:00,2026-09-08T07:46:44.672332-05:00,60.61,0,0,8
2026-09-08,30,2026-09-08T06:46:50.583254-05:00,2026-09-08T07:47:35.308333-05:00,60.75,0,0,10
2026-09-08,31,2026-09-08T06:48:23.631102-05:00,2026-09-08T07:48:16.071332-05:00,59.87,0,0,4
2026-09-08,33,2026-09-08T06:48:37.518773-05:00,2026-09-08T07:50:47.469227-05:00,62.17,0,0,1
2026-09-08,32,2026-09-08T06:48:40.397855-05:00,2026-09-08T07:52:27.451166-05:00,63.78,0,1,8
2026-09-08,34,2026-09-08T06:50:01.268807-05:00,2026-09-08T07:54:50.480385-05:00,64.82,0,1,5
2026-09-08,35,2026-09-08T06:50:37.710471-05:00,2026-09-08T07:56:16.695644-05:00,65.65,0,0,4
2026-09-08,36,2026-09-08T06:51:24.255167-05:00,2026-09-08T07:56:38.005940-05:00,65.23,0,0,10
2026-09-08,37,2026-09-08T06:53:12.276807-05:00,2026-09-08T07:56:49.258805-05:00,63.62,0,0,3
2026-09-08,38,2026-09-08T06:53:18.545352-05:00,2026-09-08T07:57:12.359378-05:00,63.9,0,0,7
2026-09-08,39,2026-09-08T06:53:28.616027-05:00,2026-09-08T07:57:59.377474-05:00,64.51,0,0,1
2026-09-08,40,2026-09-08T06:54:01.285911-05:00,2026-09-08T07:58:52.612392-05:00,64.86,0,0,9
2026-09-08,41,2026-09-08T06:54:40.750938-05:00,2026-09-08T07:59:47.373414-05:00,65.11,0,0,2
2026-09-08,42,2026-09-08T06:55:17.181969-05:00,2026-09-08T08:01:57.763423-05:00,66.68,0,0,6
2026-09-08,43,2026-09-08T06:56:10.846495-05:00,2026-09-08T08:05:44.737444-05:00,69.56,0,1,5
2026-09-08,44,2026-09-08T06:56:31.125954-05:00,2026-09-08T08:08:32.527839-05:00,72.02,0,1,7
2026-09-08,46,2026-09-08T06:57:14.199109-05:00,2026-09-08T08:09:18.531305-05:00,72.07,0,0,8
2026-09-08,45,2026-09-08T06:57:19.403551-05:00,2026-09-08T08:10:59.579337-05:00,73.67,0,0,10
2026-09-08,47,2026-09-08T06:57:50.821312-05:00,2026-09-08T08:11:11.173200-05:00,73.34,0,0,1
2026-09-08,48,2026-09-08T06:59:21.733556-05:00,2026-09-08T08:11:17.876417-05:00,71.94,0,0,2
2026-09-08,49,2026-09-08T06:59:22.678800-05:00,2026-09-08T08:11:51.147014-05:00,72.47,0,1,4
2026-09-08,50,2026-09-08T07:01:24.126791-05:00,2026-09-08T08:12:36.091657-05:00,71.2,0,0,5
2026-09-08,51,2026-09-08T07:03:17.456389-05:00,2026-09-08T08:15:34.209914-05:00,72.28,0,0,6
2026-09-08,52,2026-09-08T07:04:13.017000-05:00,2026-09-08T08:15:46.565215-05:00,71.56,0,1,3
2026-09-08,53,2026-09-08T07:05:03.160120-05:00,2026-09-08T08:16:06.377195-05:00,71.05,0,0,8
2026-09-08,54,2026-09-08T07:05:31.298690-05:00,2026-09-08T08:19:22.589558-05:00,73.85,0,1,4
2026-09-08,55,2026-09-08T07:05:46.082992-05:00,2026-09-08T08:20:00.552825-05:00,74.24,0,0,5
2026-09-08,56,2026-09-08T07:06:25.532176-05:00,2026-09-08T08:20:38.212292-05:00,74.21,0,1,2
2026-09-08,57,2026-09-08T07:07:08.411988-05:00,2026-09-08T08:21:06.174161-05:00,73.96,0,0,7
2026-09-08,59,2026-09-08T07:07:32.817281-05:00,2026-09-08T08:25:41.545530-05:00,78.15,0,1,1
2026-09-08,58,2026-09-08T07:07:42.023374-05:00,2026-09-08T08:26:33.723522-05:00,78.86,0,1,4
2026-09-08,60,2026-09-08T07:08:18.194346-05:00,2026-09-08T08:26:55.427207-05:00,78.62,0,0,3
2026-09-08,61,2026-09-08T07:08:56.648044-05:00,2026-09-08T08:27:01.437613-05:00,78.08,0,1,10
2026-09-08,62,2026-09-08T07:11:24.806658-05:00,2026-09-08T08:27:11.895998-05:00,75.78,0,0,5
2026-09-08,64,2026-09-08T07:12:25.698086-05:00,2026-09-08T08:27:52.447644-05:00,75.45,0,0,9
2026-09-08,65,2026-09-08T07:13:32.554271-05:00,2026-09-08T08:29:32.134370-05:00,75.99,0,1,8
2026-09-08,67,2026-09-08T07:15:27.323718-05:00,2026-09-08T08:30:48.724559-05:00,75.36,0,0,6
2026-09-08,68,2026-09-08T07:15:32.863288-05:00,2026-09-08T08:32:09.637922-05:00,76.61,0,0,7
2026-09-08,69,2026-09-08T07:16:37.330181-05:00,2026-09-08T08:32:47.552010-05:00,76.17,0,0,2
2026-09-08,71,2026-09-08T07:18:40.826279-05:00,2026-09-08T08:33:53.194065-05:00,75.21,0,0,3
2026-09-08,73,2026-09-08T07:18:53.471507-05:00,2026-09-08T08:35:24.934376-05:00,76.52,0,0,4
2026-09-08,72,2026-09-08T07:18:54.161225-05:00,2026-09-08T08:37:42.448068-05:00,78.8,0,1,9
2026-09-08,74,2026-09-08T07:19:55.852045-05:00,2026-09-08T08:38:05.504112-05:00,78.16,0,1,1
2026-09-08,76,2026-09-08T07:20:44.839087-05:00,2026-09-08T08:39:10.641430-05:00,78.43,0,0,5
2026-09-08,78,2026-09-08T07:22:13.927182-05:00,2026-09-08T08:39:46.191867-05:00,77.54,0,0,6
2026-09-08,77,2026-09-08T07:22:27.276912-05:00,2026-09-08T08:40:27.909506-05:00,78.01,0,1,4
2026-09-08,79,2026-09-08T07:23:06.163377-05:00,2026-09-08T08:40:48.508838-05:00,77.71,0,1,8
2026-09-08,120,2026-09-08T08:41:34.094581-05:00,2026-09-08T08:42:07.459167-05:00,0.56,1,0,10
2026-09-08,80,2026-09-08T07:23:23.078579-05:00,2026-09-08T08:43:43.117475-05:00,80.33,0,0,2
2026-09-08,82,2026-09-08T07:24:48.752645-05:00,2026-09-08T08:45:27.136145-05:00,80.64,0,1,3
2026-09-08,83,2026-09-08T07:24:51.067949-05:00,2026-09-08T08:47:03.027536-05:00,82.2,0,1,7
2026-09-08,84,2026-09-08T07:25:05.409052-05:00,2026-09-08T08:47:18.083449-05:00,82.21,0,0,9
2026-09-08,85,2026-09-08T07:28:26.559983-05:00,2026-09-08T08:47:22.811587-05:00,78.94,0,1,6
2026-09-08,86,2026-09-08T07:28:32.098029-05:00,2026-09-08T08:51:27.636177-05:00,82.93,0,0,4
2026-09-08,87,2026-09-08T07:29:53.253692-05:00,2026-09-08T08:51:52.197411-05:00,81.98,0,0,3
2026-09-08,90,2026-09-08T07:31:00.770198-05:00,2026-09-08T08:54:43.309304-05:00,83.71,0,0,8
2026-09-08,89,2026-09-08T07:31:09.769747-05:00,2026-09-08T08:54:55.548979-05:00,83.76,0,0,10
2026-09-08,91,2026-09-08T07:31:51.773702-05:00,2026-09-08T08:55:54.450237-05:00,84.04,0,0,9
2026-09-08,92,2026-09-08T07:33:13.590856-05:00,2026-09-08T08:56:10.116583-05:00,82.94,0,1,5
2026-09-08,93,2026-09-08T07:34:48.563030-05:00,2026-09-08T08:56:45.265442-05:00,81.95,0,0,7
2026-09-08,95,2026-09-08T07:40:27.448960-05:00,2026-09-08T08:57:29.453098-05:00,77.03,0,0,1
2026-09-08,96,2026-09-08T07:40:46.696783-05:00,2026-09-08T08:57:59.603971-05:00,77.22,0,0,2
2026-09-08,97,2026-09-08T07:43:41.473314-05:00,2026-09-08T08:58:49.561379-05:00,75.13,0,0,6
2026-09-08,98,2026-09-08T07:44:23.220252-05:00,2026-09-08T09:04:25.377801-05:00,80.04,0,1,10
2026-09-08,99,2026-09-08T07:50:02.152717-05:00,2026-09-08T09:05:58.185035-05:00,75.93,0,0,4
2026-09-08,100,2026-09-08T07:50:52.934774-05:00,2026-09-08T09:07:02.135447-05:00,76.15,0,0,7
2026-09-08,101,2026-09-08T07:51:30.920256-05:00,2026-09-08T09:09:09.809038-05:00,77.65,0,0,3
2026-09-08,102,2026-09-08T07:52:38.524676-05:00,2026-09-08T09:10:24.030240-05:00,77.76,0,1,1
2026-09-08,103,2026-09-08T07:53:05.614306-05:00,2026-09-08T09:10:30.311087-05:00,77.41,0,1,2
2026-09-08,104,2026-09-08T07:53:30.583169-05:00,2026-09-08T09:10:39.841633-05:00,77.15,0,1,9
2026-09-08,105,2026-09-08T07:53:41.395322-05:00,2026-09-08T09:15:10.687359-05:00,81.49,0,1,6
2026-09-08,106,2026-09-08T07:55:39.506581-05:00,2026-09-08T09:15:37.391743-05:00,79.96,0,0,10
2026-09-08,107,2026-09-08T08:02:05.063079-05:00,2026-09-08T09:16:42.063802-05:00,74.62,0,1,8
2026-09-08,109,2026-09-08T08:03:14.158477-05:00,2026-09-08T09:16:45.577943-05:00,73.52,0,1,4
2026-09-08,108,2026-09-08T08:03:21.683998-05:00,2026-09-08T09:18:01.743348-05:00,74.67,0,0,9
2026-09-08,110,2026-09-08T08:05:08.623198-05:00,2026-09-08T09:20:48.489522-05:00,75.66,0,1,1
2026-09-08,112,2026-09-08T08:07:05.801170-05:00,2026-09-08T09:22:14.386608-05:00,75.14,0,1,7
2026-09-08,111,2026-09-08T08:07:08.808216-05:00,2026-09-08T09:23:22.935782-05:00,76.24,0,0,3
2026-09-08,113,2026-09-08T08:10:49.604407-05:00,2026-09-08T09:24:43.221374-05:00,73.89,0,0,6
2026-09-08,114,2026-09-08T08:17:46.194740-05:00,2026-09-08T09:25:39.314244-05:00,67.89,0,0,1
2026-09-08,115,2026-09-08T08:21:40.502363-05:00,2026-09-08T09:26:33.550540-05:00,64.88,0,1,10
2026-09-08,116,2026-09-08T08:28:08.288307-05:00,2026-09-08T09:27:22.055619-05:00,59.23,0,1,9
2026-09-08,117,2026-09-08T08:28:56.221522-05:00,2026-09-08T09:28:40.712509-05:00,59.74,0,1,4
2026-09-08,118,2026-09-08T08:35:39.868612-05:00,2026-09-08T09:33:07.956135-05:00,57.47,0,0,5
2026-09-08,119,2026-09-08T08:40:09.934068-05:00,2026-09-08T09:34:39.481115-05:00,54.49,0,0,2
2026-09-08,121,2026-09-08T08:43:18.887727-05:00,2026-09-08T09:37:32.310023-05:00,54.22,0,1,3
2026-09-08,122,2026-09-08T08:43:37.093281-05:00,2026-09-08T09:37:45.400510-05:00,54.14,0,1,6
2026-09-08,123,2026-09-08T08:45:07.653842-05:00,2026-09-08T09:38:17.512795-05:00,53.16,0,1,8
2026-09-08,124,2026-09-08T08:48:15.987660-05:00,2026-09-08T09:39:00.932614-05:00,50.75,0,0,10
2026-09-08,125,2026-09-08T08:51:08.827058-05:00,2026-09-08T09:39:35.533151-05:00,48.45,0,1,9
2026-09-08,135,2026-09-08T09:44:25.960359-05:00,2026-09-08T09:45:07.993650-05:00,0.7,1,0,6
2026-09-08,126,2026-09-08T08:55:18.130212-05:00,2026-09-08T09:45:48.973686-05:00,50.51,0,0,10
2026-09-08,127,2026-09-08T09:01:20.380652-05:00,2026-09-08T09:45:58.793057-05:00,44.64,0,0,7
2026-09-08,128,2026-09-08T09:04:21.711175-05:00,2026-09-08T09:46:26.713712-05:00,42.08,0,1,1
2026-09-08,129,2026-09-08T09:16:27.523541-05:00,2026-09-08T09:47:08.862469-05:00,30.69,0,0,3
2026-09-08,131,2026-09-08T09:26:34.636384-05:00,2026-09-08T09:47:44.758911-05:00,21.17,0,0,5
2026-09-08,130,2026-09-08T09:26:49.643431-05:00,2026-09-08T09:49:34.156251-05:00,22.74,0,0,2
2026-09-08,132,2026-09-08T09:28:27.433729-05:00,2026-09-08T09:50:15.857011-05:00,21.81,0,0,4
2026-09-08,133,2026-09-08T09:39:06.486498-05:00,2026-09-08T09:57:17.411385-05:00,18.18,0,1,9
2026-09-08,134,2026-09-08T09:41:36.002266-05:00,2026-09-08T09:57:27.974839-05:00,15.87,0,1,2
2026-09-08,136,2026-09-08T09:46:03.835837-05:00,2026-09-08T09:58:50.560158-05:00,12.78,0,0,3
2026-09-08,137,2026-09-08T09:47:08.132801-05:00,2026-09-08T09:59:12.576809-05:00,12.07,0,0,4
2026-09-08,138,2026-09-08T09:54:00.525498-05:00,2026-09-08T10:00:29.861895-05:00,6.49,0,1,10
2026-09-08,139,2026-09-08T09:54:46.445773-05:00,2026-09-08T10:03:16.960443-05:00,8.51,0,0,5
2026-09-08,140,2026-09-08T10:02:12.304304-05:00,2026-09-08T10:03:35.554701-05:00,1.39,0,1,6
2026-09-08,141,2026-09-08T10:07:54.118731-05:00,2026-09-08T10:07:54.118731-05:00,0.0,0,1,7
2026-09-08,142,2026-09-08T10:09:42.693061-05:00,2026-09-08T10:09:42.693061-05:00,0.0,0,0,1
2026-09-08,143,2026-09-08T10:10:58.607893-05:00,2026-09-08T10:10:58.607893-05:00,0.0,0,1,9
2026-09-08,144,2026-09-08T10:13:24.842895-05:00,2026-09-08T10:13:24.842895-05:00,0.0,0,0,4
2026-09-08,145,2026-09-08T10:16:14.449995-05:00,2026-09-08T10:16:14.449995-05:00,0.0,0,0,2
2026-09-08,146,2026-09-08T10:17:49.434564-05:00,2026-09-08T10:17:49.434564-05:00,0.0,0,0,3
2026-09-08,147,2026-09-08T10:21:53.353338-05:00,2026-09-08T10:21:53.353338-05:00,0.0,0,0,4
2026-09-08,148,2026-09-08T10:28:34.896377-05:00,2026-09-08T10:28:34.896377-05:00,0.0,0,0,2
2026-09-08,149,2026-09-08T10:39:08.878604-05:00,2026-09-08T10:39:08.878604-05:00,0.0,0,0,1
2026-09-08,151,2026-09-08T10:40:22.232939-05:00,2026-09-08T10:40:22.232939-05:00,0.0,0,1,2
2026-09-08,150,2026-09-08T10:40:24.065064-05:00,2026-09-08T10:40:24.065064-05:00,0.0,0,0,3
2026-09-08,152,2026-09-08T10:42:56.460352-05:00,2026-09-08T10:42:56.460352-05:00,0.0,0,1,4
2026-09-08,153,2026-09-08T10:43:51.498175-05:00,2026-09-08T10:43:51.498175-05:00,0.0,0,0,5
2026-09-08,154,2026-09-08T10:44:07.008674-05:00,2026-09-08T10:44:07.008674-05:00,0.0,1,1,6
2026-09-08,156,2026-09-08T10:45:04.985565-05:00,2026-09-08T10:45:04.985565-05:00,0.0,0,0,7
2026-09-08,155,2026-09-08T10:45:09.461339-05:00,2026-09-08T10:45:09.461339-05:00,0.0,0,0,8
2026-09-08,157,2026-09-08T10:47:31.017999-05:00,2026-09-08T10:47:31.017999-05:00,0.0,0,1,1
2026-09-08,158,2026-09-08T10:51:01.993064-05:00,2026-09-08T10:51:01.993064-05:00,0.0,1,0,3
2026-09-08,159,2026-09-08T10:51:25.448639-05:00,2026-09-08T10:51:25.448639-05:00,0.0,0,0,9
2026-09-08,160,2026-09-08T10:53:47.765312-05:00,2026-09-08T10:53:47.765312-05:00,0.0,0,0,2
2026-09-08,161,2026-09-08T11:05:02.911426-05:00,2026-09-08T11:05:02.911426-05:00,0.0,1,1,1
2026-09-08,162,2026-09-08T11:09:43.393969-05:00,2026-09-08T11:09:43.393969-05:00,0.0,0,1,2
2026-09-08,163,2026-09-08T11:12:50.532041-05:00,2026-09-08T11:12:50.532041-05:00,0.0,0,0,4
2026-09-08,164,2026-09-08T11:24:43.792481-05:00,2026-09-08T11:24:43.792481-05:00,0.0,0,1,1
2026-09-08,166,2026-09-08T11:27:31.621296-05:00,2026-09-08T11:27:31.621296-05:00,0.0,0,1,2
2026-09-08,165,2026-09-08T11:27:40.988345-05:00,2026-09-08T11:27:40.988345-05:00,0.0,0,0,3
2026-09-08,167,2026-09-08T11:31:43.141195-05:00,2026-09-08T11:31:43.141195-05:00,0.0,0,0,4
2026-09-08,168,2026-09-08T11:33:52.166485-05:00,2026-09-08T11:33:52.166485-05:00,0.0,0,0,5
2026-09-08,169,2026-09-08T11:35:57.885277-05:00,2026-09-08T11:35:57.885277-05:00,0.0,1,1,1
2026-09-08,170,2026-09-08T11:36:06.402821-05:00,2026-09-08T11:36:06.402821-05:00,0.0,0,0,6
2026-09-08,171,2026-09-08T11:50:48.946822-05:00,2026-09-08T11:50:48.946822-05:00,0.0,0,0,4
2026-09-08,172,2026-09-08T12:02:22.769839-05:00,2026-09-08T12:02:22.769839-05:00,0.0,0,0,1
2026-09-08,173,2026-09-08T12:04:29.426982-05:00,2026-09-08T12:04:29.426982-05:00,0.0,0,1,2
2026-09-08,174,2026-09-08T12:05:44.968563-05:00,2026-09-08T12:05:44.968563-05:00,0.0,0,0,3
2026-09-08,175,2026-09-08T12:14:06.340966-05:00,2026-09-08T12:14:06.340966-05:00,0.0,0,1,1
2026-09-08,176,2026-09-08T12:21:56.968747-05:00,2026-09-08T12:21:56.968747-05:00,0.0,0,0,2
2026-09-09,43,2026-09-09T06:57:02.579266-05:00,2026-09-09T07:06:00-05:00,8.96,1,0,1
2026-09-09,48,2026-09-09T07:01:04.006916-05:00,2026-09-09T07:06:00-05:00,4.93,1,0,2
2026-09-09,49,2026-09-09T07:01:28.902240-05:00,2026-09-09T07:06:00-05:00,4.52,1,1,3
2026-09-09,55,2026-09-09T07:05:14.327031-05:00,2026-09-09T07:06:00-05:00,0.76,1,0,4
2026-09-09,0,2026-09-09T06:12:30.771790-05:00,2026-09-09T07:06:00-05:00,53.49,0,0,5
2026-09-09,1,2026-09-09T06:12:48.538790-05:00,2026-09-09T07:06:00-05:00,53.19,0,1,6
2026-09-09,2,2026-09-09T06:13:27.664260-05:00,2026-09-09T07:06:00-05:00,52.54,0,0,7
2026-09-09,4,2026-09-09T06:14:00.961384-05:00,2026-09-09T07:06:00-05:00,51.98,0,1,8
2026-09-09,3,2026-09-09T06:14:20.133386-05:00,2026-09-09T07:06:00-05:00,51.66,0,0,9
2026-09-09,6,2026-09-09T06:17:07.136343-05:00,2026-09-09T07:06:00-05:00,48.88,0,0,10
2026-09-09,62,2026-09-09T07:09:40.548225-05:00,2026-09-09T07:12:09.077498-05:00,2.48,1,0,10
2026-09-09,66,2026-09-09T07:11:09.802105-05:00,2026-09-09T07:12:32.752127-05:00,1.38,1,0,3
2026-09-09,5,2026-09-09T06:17:21.671998-05:00,2026-09-09T07:12:59.445599-05:00,55.63,0,0,8
2026-09-09,7,2026-09-09T06:19:42.247659-05:00,2026-09-09T07:14:14.672865-05:00,54.54,0,0,9
2026-09-09,8,2026-09-09T06:21:15.956893-05:00,2026-09-09T07:14:31.403801-05:00,53.26,0,1,7
2026-09-09,10,2026-09-09T06:29:33.725225-05:00,2026-09-09T07:16:11.021149-05:00,46.62,0,1,1
2026-09-09,9,2026-09-09T06:29:48.431555-05:00,2026-09-09T07:20:12.540882-05:00,50.4,0,0,10
2026-09-09,13,2026-09-09T06:32:20.063770-05:00,2026-09-09T07:21:01.782382-05:00,48.7,0,0,3
2026-09-09,11,2026-09-09T06:32:24.452349-05:00,2026-09-09T07:21:21.373194-05:00,48.95,0,0,7
2026-09-09,12,2026-09-09T06:32:24.822372-05:00,2026-09-09T07:23:43.039043-05:00,51.3,0,0,6
2026-09-09,14,2026-09-09T06:32:31.154662-05:00,2026-09-09T07:24:13.696872-05:00,51.71,0,0,2
2026-09-09,16,2026-09-09T06:33:04.503629-05:00,2026-09-09T07:26:54.071431-05:00,53.83,0,1,9
2026-09-09,17,2026-09-09T06:33:08.262081-05:00,2026-09-09T07:27:46.051072-05:00,54.63,0,1,1
2026-09-09,15,2026-09-09T06:33:25.735377-05:00,2026-09-09T07:27:50.804029-05:00,54.42,0,1,8
2026-09-09,84,2026-09-09T07:28:12.147077-05:00,2026-09-09T07:28:14.399147-05:00,0.04,1,0,5
2026-09-09,18,2026-09-09T06:34:48.842269-05:00,2026-09-09T07:29:27.238746-05:00,54.64,0,1,3
2026-09-09,19,2026-09-09T06:35:34.494211-05:00,2026-09-09T07:31:35.766220-05:00,56.02,0,1,10
2026-09-09,20,2026-09-09T06:37:10.889984-05:00,2026-09-09T07:32:07.646123-05:00,54.95,0,0,7
2026-09-09,21,2026-09-09T06:37:29.256165-05:00,2026-09-09T07:32:31.533202-05:00,55.04,0,0,2
2026-09-09,22,2026-09-09T06:38:17.302023-05:00,2026-09-09T07:35:10.248883-05:00,56.88,0,0,4
2026-09-09,23,2026-09-09T06:38:25.425428-05:00,2026-09-09T07:38:50.630758-05:00,60.42,0,1,3
2026-09-09,24,2026-09-09T06:38:47.147245-05:00,2026-09-09T07:40:57.480209-05:00,62.17,0,0,7
2026-09-09,25,2026-09-09T06:39:50.906742-05:00,2026-09-09T07:41:01.852430-05:00,61.18,0,0,10
2026-09-09,26,2026-09-09T06:41:08.090833-05:00,2026-09-09T07:41:16.514980-05:00,60.14,0,0,6
2026-09-09,27,2026-09-09T06:43:07.692505-05:00,2026-09-09T07:41:33.675574-05:00,58.43,0,0,5
2026-09-09,95,2026-09-09T07:42:03.253040-05:00,2026-09-09T07:42:40.085435-05:00,0.61,1,0,1
2026-09-09,102,2026-09-09T07:44:11.724992-05:00,2026-09-09T07:44:37.161633-05:00,0.42,1,0,8
2026-09-09,28,2026-09-09T06:44:03.774064-05:00,2026-09-09T07:45:56.340499-05:00,61.88,0,1,4
2026-09-09,29,2026-09-09T06:44:21.757046-05:00,2026-09-09T07:46:11.925394-05:00,61.84,0,1,9
2026-09-09,30,2026-09-09T06:44:26.184406-05:00,2026-09-09T07:46:16.629802-05:00,61.84,0,1,2
2026-09-09,31,2026-09-09T06:44:54.784704-05:00,2026-09-09T07:48:50.784945-05:00,63.93,0,0,6
2026-09-09,32,2026-09-09T06:45:24.003253-05:00,2026-09-09T07:49:15.493206-05:00,63.86,0,0,10
2026-09-09,33,2026-09-09T06:47:14.077036-05:00,2026-09-09T07:51:02.703828-05:00,63.81,0,0,3
2026-09-09,34,2026-09-09T06:47:37.544309-05:00,2026-09-09T07:53:11.076210-05:00,65.56,0,1,5
2026-09-09,35,2026-09-09T06:51:20.244042-05:00,2026-09-09T07:53:39.516690-05:00,62.32,0,0,2
2026-09-09,36,2026-09-09T06:52:59.187718-05:00,2026-09-09T07:53:51.465093-05:00,60.87,0,1,9
2026-09-09,38,2026-09-09T06:54:04.649937-05:00,2026-09-09T07:54:16.102572-05:00,60.19,0,0,8
2026-09-09,37,2026-09-09T06:54:11.907532-05:00,2026-09-09T07:55:01.833212-05:00,60.83,0,1,6
2026-09-09,39,2026-09-09T06:56:22.069913-05:00,2026-09-09T07:56:52.737456-05:00,60.51,0,0,1
2026-09-09,40,2026-09-09T06:56:22.468986-05:00,2026-09-09T07:58:02.046752-05:00,61.66,0,1,7
2026-09-09,41,2026-09-09T06:56:40.501355-05:00,2026-09-09T07:59:34.115024-05:00,62.89,0,0,8
2026-09-09,109,2026-09-09T08:00:20.143998-05:00,2026-09-09T08:00:37.409819-05:00,0.29,1,0,3
2026-09-09,42,2026-09-09T06:57:06.712104-05:00,2026-09-09T08:04:22.478844-05:00,67.26,0,0,10
2026-09-09,44,2026-09-09T06:57:44.312475-05:00,2026-09-09T08:05:43.573714-05:00,67.99,0,0,5
2026-09-09,46,2026-09-09T06:57:58.920235-05:00,2026-09-09T08:06:46.167473-05:00,68.79,0,0,9
2026-09-09,45,2026-09-09T06:57:59.950890-05:00,2026-09-09T08:07:24.225630-05:00,69.4,0,1,6
2026-09-09,47,2026-09-09T06:59:18.581492-05:00,2026-09-09T08:07:43.185387-05:00,68.41,0,1,4
2026-09-09,50,2026-09-09T07:01:40.648361-05:00,2026-09-09T08:10:39.169577-05:00,68.98,0,0,7
2026-09-09,51,2026-09-09T07:01:57.521825-05:00,2026-09-09T08:11:57.795344-05:00,70.0,0,0,8
2026-09-09,52,2026-09-09T07:01:59.429940-05:00,2026-09-09T08:12:36.958011-05:00,70.63,0,0,4
2026-09-09,53,2026-09-09T07:02:18.910237-05:00,2026-09-09T08:16:22.889532-05:00,74.07,0,0,1
2026-09-09,54,2026-09-09T07:03:58.795624-05:00,2026-09-09T08:18:42.099223-05:00,74.72,0,1,10
2026-09-09,58,2026-09-09T07:05:36.357883-05:00,2026-09-09T08:18:52.953191-05:00,73.28,0,1,2
2026-09-09,56,2026-09-09T07:05:49.245177-05:00,2026-09-09T08:19:13.676549-05:00,73.41,0,0,3
2026-09-09,57,2026-09-09T07:05:53.621668-05:00,2026-09-09T08:19:20.307215-05:00,73.44,0,0,7
2026-09-09,59,2026-09-09T07:06:15.150314-05:00,2026-09-09T08:19:51.981265-05:00,73.61,0,1,5
2026-09-09,60,2026-09-09T07:07:31.099624-05:00,2026-09-09T08:20:09.014042-05:00,72.63,0,0,4
2026-09-09,118,2026-09-09T08:21:50.536272-05:00,2026-09-09T08:22:09.798431-05:00,0.32,1,0,8
2026-09-09,63,2026-09-09T07:09:52.122219-05:00,2026-09-09T08:23:20.443138-05:00,73.47,0,0,9
2026-09-09,61,2026-09-09T07:09:58.269727-05:00,2026-09-09T08:24:22.977836-05:00,74.41,0,0,6
2026-09-09,64,2026-09-09T07:10:37.788026-05:00,2026-09-09T08:27:13.402585-05:00,76.59,0,0,7
2026-09-09,65,2026-09-09T07:11:18.061708-05:00,2026-09-09T08:28:07.410082-05:00,76.82,0,0,5
2026-09-09,67,2026-09-09T07:11:18.531058-05:00,2026-09-09T08:28:10.562280-05:00,76.87,0,0,10
2026-09-09,68,2026-09-09T07:11:53.283414-05:00,2026-09-09T08:28:55.633048-05:00,77.04,0,1,3
2026-09-09,69,2026-09-09T07:12:00.802010-05:00,2026-09-09T08:29:08.543801-05:00,77.13,0,1,4
2026-09-09,70,2026-09-09T07:13:10.311822-05:00,2026-09-09T08:29:48.595868-05:00,76.64,0,0,1
2026-09-09,71,2026-09-09T07:15:14.972144-05:00,2026-09-09T08:34:07.580688-05:00,78.88,0,0,2
2026-09-09,72,2026-09-09T07:16:51.513612-05:00,2026-09-09T08:34:35.416786-05:00,77.73,0,0,5
2026-09-09,73,2026-09-09T07:17:01.404926-05:00,2026-09-09T08:35:26.903529-05:00,78.42,0,0,6
2026-09-09,74,2026-09-09T07:17:39.702708-05:00,2026-09-09T08:37:56.504653-05:00,80.28,0,1,7
2026-09-09,75,2026-09-09T07:17:57.982896-05:00,2026-09-09T08:40:05.718150-05:00,82.13,0,0,8
2026-09-09,77,2026-09-09T07:20:22.601648-05:00,2026-09-09T08:40:07.432189-05:00,79.75,0,0,10
2026-09-09,76,2026-09-09T07:20:29.932347-05:00,2026-09-09T08:40:49.357511-05:00,80.32,0,0,4
2026-09-09,78,2026-09-09T07:20:31.668415-05:00,2026-09-09T08:41:06.441014-05:00,80.58,0,1,2
2026-09-09,79,2026-09-09T07:21:26.212233-05:00,2026-09-09T08:41:16.713869-05:00,79.84,0,0,9
2026-09-09,80,2026-09-09T07:22:52.473545-05:00,2026-09-09T08:41:17.090003-05:00,78.41,0,0,3
2026-09-09,81,2026-09-09T07:24:24.611724-05:00,2026-09-09T08:42:59.955285-05:00,78.59,0,1,5
2026-09-09,82,2026-09-09T07:27:12.948000-05:00,2026-09-09T08:45:17.887265-05:00,78.08,0,0,7
2026-09-09,83,2026-09-09T07:28:23.535211-05:00,2026-09-09T08:46:33.215428-05:00,78.16,0,1,1
2026-09-09,85,2026-09-09T07:28:57.173932-05:00,2026-09-09T08:48:00.939922-05:00,79.06,0,0,8
2026-09-09,86,2026-09-09T07:29:53.390364-05:00,2026-09-09T08:51:31.897187-05:00,81.64,0,1,6
2026-09-09,87,2026-09-09T07:30:13.603488-05:00,2026-09-09T08:51:44.046773-05:00,81.51,0,1,10
2026-09-09,88,2026-09-09T07:30:13.822719-05:00,2026-09-09T08:52:02.372779-05:00,81.81,0,1,3
2026-09-09,89,2026-09-09T07:33:58.996197-05:00,2026-09-09T08:53:35.669438-05:00,79.61,0,0,5
2026-09-09,90,2026-09-09T07:34:22.316903-05:00,2026-09-09T08:54:15.401975-05:00,79.88,0,0,8
2026-09-09,91,2026-09-09T07:34:40.106729-05:00,2026-09-09T08:54:16.592225-05:00,79.61,0,0,9
2026-09-09,92,2026-09-09T07:36:59.270317-05:00,2026-09-09T08:54:21.970400-05:00,77.38,0,0,2
2026-09-09,93,2026-09-09T07:37:26.307611-05:00,2026-09-09T08:56:54.714538-05:00,79.47,0,0,10
2026-09-09,94,2026-09-09T07:41:11.538314-05:00,2026-09-09T08:58:15.092525-05:00,77.06,0,0,4
2026-09-09,96,2026-09-09T07:42:02.048590-05:00,2026-09-09T09:00:04.641518-05:00,78.04,0,0,2
2026-09-09,98,2026-09-09T07:42:41.038772-05:00,2026-09-09T09:04:40.976739-05:00,82.0,0,0,3
2026-09-09,97,2026-09-09T07:42:53.062844-05:00,2026-09-09T09:04:44.956379-05:00,81.86,0,0,8
2026-09-09,99,2026-09-09T07:43:01.509609-05:00,2026-09-09T09:05:25.228410-05:00,82.4,0,1,7
2026-09-09,101,2026-09-09T07:44:05.637636-05:00,2026-09-09T09:05:57.087020-05:00,81.86,0,1,9
2026-09-09,100,2026-09-09T07:44:08.827761-05:00,2026-09-09T09:08:02.676549-05:00,83.9,0,0,1
2026-09-09,103,2026-09-09T07:47:17.847883-05:00,2026-09-09T09:08:17.813601-05:00,81.0,0,0,10
2026-09-09,104,2026-09-09T07:49:53.553897-05:00,2026-09-09T09:08:51.097334-05:00,78.96,0,0,6
2026-09-09,105,2026-09-09T07:51:22.364556-05:00,2026-09-09T09:08:52.274369-05:00,77.5,0,1,4
2026-09-09,106,2026-09-09T07:52:11.748530-05:00,2026-09-09T09:12:19.250251-05:00,80.13,0,1,5
2026-09-09,107,2026-09-09T07:53:16.591980-05:00,2026-09-09T09:13:09.265447-05:00,79.88,0,0,2
2026-09-09,108,2026-09-09T07:53:39.019524-05:00,2026-09-09T09:15:17.220871-05:00,81.64,0,0,9
2026-09-09,110,2026-09-09T08:01:16.561887-05:00,2026-09-09T09:18:21.634709-05:00,77.08,0,0,3
2026-09-09,111,2026-09-09T08:01:49.878224-05:00,2026-09-09T09:19:20.470617-05:00,77.51,0,0,8
2026-09-09,112,2026-09-09T08:02:30.179996-05:00,2026-09-09T09:19:32.007326-05:00,77.03,0,1,1
2026-09-09,113,2026-09-09T08:10:54.653909-05:00,2026-09-09T09:20:01.198603-05:00,69.11,0,0,2
2026-09-09,114,2026-09-09T08:11:59.624957-05:00,2026-09-09T09:22:14.300529-05:00,70.24,0,0,6
2026-09-09,115,2026-09-09T08:12:47.038862-05:00,2026-09-09T09:22:57.719439-05:00,70.18,0,0,10
2026-09-09,116,2026-09-09T08:18:10.736313-05:00,2026-09-09T09:23:22.775865-05:00,65.2,0,0,9
2026-09-09,117,2026-09-09T08:20:47.062529-05:00,2026-09-09T09:23:31.515767-05:00,62.74,0,0,7
2026-09-09,119,2026-09-09T08:31:32.878566-05:00,2026-09-09T09:25:27.024464-05:00,53.9,0,0,1
2026-09-09,120,2026-09-09T08:34:09.718072-05:00,2026-09-09T09:28:02.345205-05:00,53.88,0,1,2
2026-09-09,135,2026-09-09T09:28:16.590852-05:00,2026-09-09T09:29:31.667308-05:00,1.25,1,1,5
2026-09-09,121,2026-09-09T08:41:44.852992-05:00,2026-09-09T09:30:26.280390-05:00,48.69,0,1,4
2026-09-09,122,2026-09-09T08:43:02.264320-05:00,2026-09-09T09:30:38.793741-05:00,47.61,0,0,3
2026-09-09,123,2026-09-09T08:49:37.128529-05:00,2026-09-09T09:34:33.943314-05:00,44.95,0,1,7
2026-09-09,124,2026-09-09T08:50:23.151129-05:00,2026-09-09T09:35:05.183321-05:00,44.7,0,0,10
2026-09-09,125,2026-09-09T08:50:58.148227-05:00,2026-09-09T09:35:33.112266-05:00,44.58,0,1,4
2026-09-09,126,2026-09-09T09:08:03.761813-05:00,2026-09-09T09:35:41.981335-05:00,27.64,0,0,8
2026-09-09,127,2026-09-09T09:15:07.314676-05:00,2026-09-09T09:36:02.749083-05:00,20.92,0,0,5
2026-09-09,128,2026-09-09T09:15:46.965132-05:00,2026-09-09T09:36:56.639028-05:00,21.16,0,0,6
2026-09-09,142,2026-09-09T09:39:25.922173-05:00,2026-09-09T09:39:47.785916-05:00,0.36,1,1,9
2026-09-09,129,2026-09-09T09:16:33.592622-05:00,2026-09-09T09:39:48.378878-05:00,23.25,0,0,1
2026-09-09,130,2026-09-09T09:17:28.283488-05:00,2026-09-09T09:40:33.767767-05:00,23.09,0,0,3
2026-09-09,131,2026-09-09T09:17:34.619129-05:00,2026-09-09T09:45:27.905043-05:00,27.89,0,1,5
2026-09-09,132,2026-09-09T09:18:12.810533-05:00,2026-09-09T09:45:53.509341-05:00,27.68,0,0,6
2026-09-09,133,2026-09-09T09:18:50.988556-05:00,2026-09-09T09:46:08.940376-05:00,27.3,0,0,10
2026-09-09,134,2026-09-09T09:20:49.662939-05:00,2026-09-09T09:46:19.082044-05:00,25.49,0,0,2
2026-09-09,136,2026-09-09T09:29:16.590485-05:00,2026-09-09T09:47:31.425631-05:00,18.25,0,0,4
2026-09-09,137,2026-09-09T09:30:54.000318-05:00,2026-09-09T09:48:09.427560-05:00,17.26,0,0,1
2026-09-09,138,2026-09-09T09:31:03.578965-05:00,2026-09-09T09:48:24.648792-05:00,17.35,0,0,7
2026-09-09,139,2026-09-09T09:33:14.846904-05:00,2026-09-09T09:50:19.062446-05:00,17.07,0,0,8
2026-09-09,140,2026-09-09T09:34:42.535251-05:00,2026-09-09T09:50:35.394177-05:00,15.88,0,0,9
2026-09-09,145,2026-09-09T09:52:48.827749-05:00,2026-09-09T09:54:43.109336-05:00,1.9,1,0,2
2026-09-09,141,2026-09-09T09:37:00.608215-05:00,2026-09-09T09:56:26.786145-05:00,19.44,0,0,1
2026-09-09,148,2026-09-09T09:56:59.545346-05:00,2026-09-09T09:57:03.187555-05:00,0.06,1,1,10
2026-09-09,143,2026-09-09T09:45:15.906865-05:00,2026-09-09T09:57:34.879362-05:00,12.32,0,1,4
2026-09-09,144,2026-09-09T09:52:46.635209-05:00,2026-09-09T09:58:08.727204-05:00,5.37,0,1,6
2026-09-09,146,2026-09-09T09:53:22.840398-05:00,2026-09-09T09:59:07.387674-05:00,5.74,0,0,3
2026-09-09,147,2026-09-09T09:55:13.243201-05:00,2026-09-09T10:01:03.134435-05:00,5.83,0,1,2
2026-09-09,149,2026-09-09T09:57:47.434556-05:00,2026-09-09T10:01:08.095839-05:00,3.34,0,1,9
2026-09-09,150,2026-09-09T10:05:18.461643-05:00,2026-09-09T10:05:18.461643-05:00,0.0,0,0,5
2026-09-09,151,2026-09-09T10:06:52.782818-05:00,2026-09-09T10:06:52.782818-05:00,0.0,0,0,1
2026-09-09,152,2026-09-09T10:10:44.914562-05:00,2026-09-09T10:10:44.914562-05:00,0.0,0,0,4
2026-09-09,153,2026-09-09T10:11:12.852651-05:00,2026-09-09T10:11:12.852651-05:00,0.0,0,0,5
2026-09-09,154,2026-09-09T10:16:17.683500-05:00,2026-09-09T10:16:17.683500-05:00,0.0,0,0,2
2026-09-09,156,2026-09-09T10:21:10.819501-05:00,2026-09-09T10:21:10.819501-05:00,0.0,0,1,3
2026-09-09,155,2026-09-09T10:21:23.191249-05:00,2026-09-09T10:21:23.191249-05:00,0.0,0,1,6
2026-09-09,157,2026-09-09T10:21:34.597875-05:00,2026-09-09T10:21:34.597875-05:00,0.0,0,0,7
2026-09-09,158,2026-09-09T10:23:00.274505-05:00,2026-09-09T10:23:00.274505-05:00,0.0,0,1,8
2026-09-09,159,2026-09-09T10:26:24.901689-05:00,2026-09-09T10:26:24.901689-05:00,0.0,0,0,1
2026-09-09,160,2026-09-09T10:28:57.982588-05:00,2026-09-09T10:28:57.982588-05:00,0.0,0,0,4
2026-09-09,161,2026-09-09T10:33:27.447874-05:00,2026-09-09T10:33:27.447874-05:00,0.0,0,0,1
2026-09-09,162,2026-09-09T10:40:51.265355-05:00,2026-09-09T10:40:51.265355-05:00,0.0,0,1,1
2026-09-09,163,2026-09-09T10:42:36.100678-05:00,2026-09-09T10:42:36.100678-05:00,0.0,0,0,2
2026-09-09,164,2026-09-09T10:43:19.849072-05:00,2026-09-09T10:43:19.849072-05:00,0.0,0,0,3
2026-09-09,165,2026-09-09T10:43:42.170712-05:00,2026-09-09T10:43:42.170712-05:00,0.0,0,0,4
2026-09-09,166,2026-09-09T10:54:09.623538-05:00,2026-09-09T10:54:09.623538-05:00,0.0,0,0,5
2026-09-09,167,2026-09-09T10:57:27.773978-05:00,2026-09-09T10:57:27.773978-05:00,0.0,0,0,1
2026-09-09,168,2026-09-09T10:58:05.742720-05:00,2026-09-09T10:58:05.742720-05:00,0.0,0,0,4
2026-09-09,169,2026-09-09T10:59:40.152312-05:00,2026-09-09T10:59:40.152312-05:00,0.0,0,0,3
2026-09-09,170,2026-09-09T11:05:12.469843-05:00,2026-09-09T11:05:12.469843-05:00,0.0,0,0,2
2026-09-09,171,2026-09-09T11:07:55.203375-05:00,2026-09-09T11:07:55.203375-05:00,0.0,0,0,1
2026-09-09,172,2026-09-09T11:11:24.631349-05:00,2026-09-09T11:11:24.631349-05:00,0.0,0,1,3
2026-09-09,173,2026-09-09T11:15:39.247837-05:00,2026-09-09T11:15:39.247837-05:00,0.0,0,1,2
2026-09-09,174,2026-09-09T11:18:54.003766-05:00,2026-09-09T11:18:54.003766-05:00,0.0,0,1,4
2026-09-09,175,2026-09-09T11:21:20.850853-05:00,2026-09-09T11:21:20.850853-05:00,0.0,0,1,5
2026-09-09,176,2026-09-09T11:49:17.963122-05:00,2026-09-09T11:49:17.963122-05:00,0.0,0,0,1
2026-09-09,177,2026-09-09T11:55:48.215306-05:00,2026-09-09T11:55:48.215306-05:00,0.0,0,0,2
2026-09-09,178,2026-09-09T12:07:25.652132-05:00,2026-09-09T12:07:25.652132-05:00,0.0,1,0,1
2026-09-09,179,2026-09-09T12:22:00.051551-05:00,2026-09-09T12:22:00.051551-05:00,0.0,0,1,2
2026-09-10,0,2026-09-10T06:13:39.600507-05:00,2026-09-10T07:06:00-05:00,52.34,1,0,1
2026-09-10,2,2026-09-10T06:18:44.671724-05:00,2026-09-10T07:06:00-05:00,47.26,1,0,2
2026-09-10,29,2026-09-10T06:48:38.101497-05:00,2026-09-10T07:06:00-05:00,17.36,1,0,3
2026-09-10,35,2026-09-10T06:51:55.432897-05:00,2026-09-10T07:06:00-05:00,14.08,1,0,4
2026-09-10,34,2026-09-10T06:51:57.708048-05:00,2026-09-10T07:06:00-05:00,14.04,1,1,5
2026-09-10,39,2026-09-10T06:54:16.824831-05:00,2026-09-10T07:06:00-05:00,11.72,1,0,6
2026-09-10,42,2026-09-10T06:54:41.393657-05:00,2026-09-10T07:06:00-05:00,11.31,1,1,7
2026-09-10,45,2026-09-10T06:57:11.252785-05:00,2026-09-10T07:06:00-05:00,8.81,1,0,8
2026-09-10,52,2026-09-10T07:00:36.148751-05:00,2026-09-10T07:06:00-05:00,5.4,1,1,9
2026-09-10,1,2026-09-10T06:16:20.013505-05:00,2026-09-10T07:06:00-05:00,49.67,0,1,10
2026-09-10,3,2026-09-10T06:18:44.194016-05:00,2026-09-10T07:11:56.563442-05:00,53.21,0,0,10
2026-09-10,64,2026-09-10T07:13:52.106247-05:00,2026-09-10T07:14:24.231167-05:00,0.54,1,0,6
2026-09-10,5,2026-09-10T06:19:38.399373-05:00,2026-09-10T07:16:06.170649-05:00,56.46,0,1,2
2026-09-10,4,2026-09-10T06:19:41.041241-05:00,2026-09-10T07:16:43.353488-05:00,57.04,0,0,8
2026-09-10,6,2026-09-10T06:20:13.744552-05:00,2026-09-10T07:16:52.553867-05:00,56.65,0,1,4
2026-09-10,7,2026-09-10T06:20:32.372184-05:00,2026-09-10T07:17:51.272430-05:00,57.32,0,0,1
2026-09-10,69,2026-09-10T07:18:05.519610-05:00,2026-09-10T07:18:20.945854-05:00,0.26,1,0,9
2026-09-10,8,2026-09-10T06:23:57.017041-05:00,2026-09-10T07:18:44.515985-05:00,54.79,0,1,3
2026-09-10,9,2026-09-10T06:24:39.799408-05:00,2026-09-10T07:18:54.202239-05:00,54.24,0,0,7
2026-09-10,71,2026-09-10T07:19:15.620717-05:00,2026-09-10T07:21:24.029483-05:00,2.14,1,1,10
2026-09-10,74,2026-09-10T07:20:38.586546-05:00,2026-09-10T07:23:14.751550-05:00,2.6,1,0,6
2026-09-10,75,2026-09-10T07:20:52.698783-05:00,2026-09-10T07:23:49.089487-05:00,2.94,1,0,2
2026-09-10,77,2026-09-10T07:22:37.012649-05:00,2026-09-10T07:24:44.228378-05:00,2.12,1,0,3
2026-09-10,10,2026-09-10T06:24:54.176054-05:00,2026-09-10T07:25:16.838479-05:00,60.38,0,0,4
2026-09-10,82,2026-09-10T07:25:48.997909-05:00,2026-09-10T07:25:58.625476-05:00,0.16,1,1,8
2026-09-10,12,2026-09-10T06:26:02.685874-05:00,2026-09-10T07:26:22.829884-05:00,60.34,0,0,5
2026-09-10,11,2026-09-10T06:26:19.369170-05:00,2026-09-10T07:27:16.289741-05:00,60.95,0,1,1
2026-09-10,13,2026-09-10T06:27:11.598776-05:00,2026-09-10T07:29:49.696172-05:00,62.63,0,0,9
2026-09-10,14,2026-09-10T06:28:08.978546-05:00,2026-09-10T07:29:54.244009-05:00,61.75,0,1,7
2026-09-10,15,2026-09-10T06:28:49.314418-05:00,2026-09-10T07:33:37.609903-05:00,64.8,0,0,10
2026-09-10,16,2026-09-10T06:29:26.049399-05:00,2026-09-10T07:33:46.793010-05:00,64.35,0,0,5
2026-09-10,17,2026-09-10T06:30:40.311183-05:00,2026-09-10T07:36:38.157700-05:00,65.96,0,0,2
2026-09-10,19,2026-09-10T06:31:52.936193-05:00,2026-09-10T07:37:02.603154-05:00,65.16,0,1,1
2026-09-10,18,2026-09-10T06:31:54.682489-05:00,2026-09-10T07:38:18.811679-05:00,66.4,0,0,9
2026-09-10,20,2026-09-10T06:33:16.068456-05:00,2026-09-10T07:38:49.700617-05:00,65.56,0,0,8
2026-09-10,21,2026-09-10T06:34:42.768604-05:00,2026-09-10T07:40:18.032708-05:00,65.59,0,1,4
2026-09-10,22,2026-09-10T06:35:16.338448-05:00,2026-09-10T07:40:55.123987-05:00,65.65,0,0,6
2026-09-10,23,2026-09-10T06:38:33.548853-05:00,2026-09-10T07:41:41.403523-05:00,63.13,0,0,3
2026-09-10,92,2026-09-10T07:42:10.877504-05:00,2026-09-10T07:43:32.277258-05:00,1.36,1,1,7
2026-09-10,24,2026-09-10T06:39:31.546712-05:00,2026-09-10T07:44:42.069200-05:00,65.18,0,0,10
2026-09-10,25,2026-09-10T06:42:00.785152-05:00,2026-09-10T07:48:03.566282-05:00,66.05,0,0,5
2026-09-10,26,2026-09-10T06:42:53.112901-05:00,2026-09-10T07:48:10.418340-05:00,65.29,0,0,2
2026-09-10,27,2026-09-10T06:44:43.227309-05:00,2026-09-10T07:51:01.769121-05:00,66.31,0,0,4
2026-09-10,28,2026-09-10T06:48:28.358446-05:00,2026-09-10T07:52:48.495621-05:00,64.34,0,0,7
2026-09-10,30,2026-09-10T06:48:30.861320-05:00,2026-09-10T07:53:47.409822-05:00,65.28,0,1,3
2026-09-10,31,2026-09-10T06:49:10.251944-05:00,2026-09-10T07:53:58.328061-05:00,64.8,0,0,1
2026-09-10,32,2026-09-10T06:49:41.762689-05:00,2026-09-10T07:54:29.094151-05:00,64.79,0,1,10
2026-09-10,33,2026-09-10T06:50:01.662896-05:00,2026-09-10T07:55:03.123470-05:00,65.02,0,1,2
2026-09-10,37,2026-09-10T06:52:34.306222-05:00,2026-09-10T07:55:20.684062-05:00,62.77,0,0,9
2026-09-10,36,2026-09-10T06:52:58.266324-05:00,2026-09-10T08:01:06.321292-05:00,68.13,0,1,1
2026-09-10,38,2026-09-10T06:53:53.136211-05:00,2026-09-10T08:01:25.375030-05:00,67.54,0,0,7
2026-09-10,40,2026-09-10T06:54:05.107237-05:00,2026-09-10T08:01:35.041735-05:00,67.5,0,0,6
2026-09-10,41,2026-09-10T06:54:57.598713-05:00,2026-09-10T08:05:43.758829-05:00,70.77,0,0,3
2026-09-10,43,2026-09-10T06:55:22.426325-05:00,2026-09-10T08:07:20.337931-05:00,71.97,0,1,10
2026-09-10,44,2026-09-10T06:56:20.972224-05:00,2026-09-10T08:07:33.510589-05:00,71.21,0,1,5
2026-09-10,47,2026-09-10T06:57:50.098267-05:00,2026-09-10T08:07:51.579167-05:00,70.02,0,0,8
2026-09-10,46,2026-09-10T06:57:52.825596-05:00,2026-09-10T08:08:07.172243-05:00,70.24,0,0,1
2026-09-10,48,2026-09-10T06:59:26.359191-05:00,2026-09-10T08:08:25.236281-05:00,68.98,0,0,2
2026-09-10,49,2026-09-10T06:59:27.324617-05:00,2026-09-10T08:09:00.559788-05:00,69.55,0,1,9
2026-09-10,50,2026-09-10T07:00:10.928207-05:00,2026-09-10T08:16:50.854538-05:00,76.67,0,0,4
2026-09-10,51,2026-09-10T07:00:15.682591-05:00,2026-09-10T08:17:52.349105-05:00,77.61,0,1,2
2026-09-10,53,2026-09-10T07:03:52.276912-05:00,2026-09-10T08:18:18.843608-05:00,74.44,0,1,5
2026-09-10,55,2026-09-10T07:05:34.140909-05:00,2026-09-10T08:20:33.818083-05:00,74.99,0,0,8
2026-09-10,54,2026-09-10T07:05:40.502958-05:00,2026-09-10T08:20:39.991192-05:00,74.99,0,0,10
2026-09-10,56,2026-09-10T07:07:09.131514-05:00,2026-09-10T08:21:29.221368-05:00,74.33,0,0,1
2026-09-10,57,2026-09-10T07:07:58.634776-05:00,2026-09-10T08:22:24.541295-05:00,74.43,0,0,6
2026-09-10,59,2026-09-10T07:09:08.081633-05:00,2026-09-10T08:23:52.791432-05:00,74.75,0,0,9
2026-09-10,58,2026-09-10T07:09:11.206098-05:00,2026-09-10T08:28:21.571054-05:00,79.17,0,1,3
2026-09-10,60,2026-09-10T07:09:35.608704-05:00,2026-09-10T08:31:15.817614-05:00,81.67,0,0,6
2026-09-10,61,2026-09-10T07:11:06.410297-05:00,2026-09-10T08:32:10.697640-05:00,81.07,0,0,10
2026-09-10,62,2026-09-10T07:12:23.763945-05:00,2026-09-10T08:32:39.489003-05:00,80.26,0,1,7
2026-09-10,63,2026-09-10T07:12:40.908825-05:00,2026-09-10T08:34:04.093089-05:00,81.39,0,0,9
2026-09-10,65,2026-09-10T07:15:15.313207-05:00,2026-09-10T08:35:23.679890-05:00,80.14,0,1,8
2026-09-10,66,2026-09-10T07:15:57.365619-05:00,2026-09-10T08:35:39.930436-05:00,79.71,0,0,3
2026-09-10,67,2026-09-10T07:16:23.242604-05:00,2026-09-10T08:36:07.976588-05:00,79.75,0,0,2
2026-09-10,68,2026-09-10T07:17:08.223759-05:00,2026-09-10T08:37:11.026544-05:00,80.05,0,0,5
2026-09-10,70,2026-09-10T07:18:50.849929-05:00,2026-09-10T08:41:08.181935-05:00,82.29,0,0,10
2026-09-10,72,2026-09-10T07:19:53.000753-05:00,2026-09-10T08:41:18.922214-05:00,81.43,0,0,9
2026-09-10,105,2026-09-10T08:41:19.080698-05:00,2026-09-10T08:41:19.655232-05:00,0.01,1,0,4
2026-09-10,73,2026-09-10T07:20:00.831979-05:00,2026-09-10T08:41:42.551132-05:00,81.7,0,0,1
2026-09-10,76,2026-09-10T07:21:40.748133-05:00,2026-09-10T08:43:22.577222-05:00,81.7,0,0,3
2026-09-10,79,2026-09-10T07:24:16.394260-05:00,2026-09-10T08:47:48.315087-05:00,83.53,0,0,7
2026-09-10,78,2026-09-10T07:24:23.228961-05:00,2026-09-10T08:47:55.716318-05:00,83.54,0,1,10
2026-09-10,80,2026-09-10T07:25:13.580373-05:00,2026-09-10T08:51:09.187642-05:00,85.93,0,1,6
2026-09-10,81,2026-09-10T07:25:47.557539-05:00,2026-09-10T08:51:52.349805-05:00,86.08,0,0,8
2026-09-10,83,2026-09-10T07:26:37.518719-05:00,2026-09-10T08:52:04.924647-05:00,85.46,0,0,1
2026-09-10,84,2026-09-10T07:27:47.921091-05:00,2026-09-10T08:52:24.514779-05:00,84.61,0,0,4
2026-09-10,85,2026-09-10T07:27:58.385226-05:00,2026-09-10T08:52:38.568032-05:00,84.67,0,0,2
2026-09-10,86,2026-09-10T07:29:47.929209-05:00,2026-09-10T08:54:02.660067-05:00,84.25,0,0,9
2026-09-10,87,2026-09-10T07:32:49.370743-05:00,2026-09-10T08:56:15.141848-05:00,83.43,0,0,5
2026-09-10,88,2026-09-10T07:33:16.617612-05:00,2026-09-10T08:57:15.251315-05:00,83.98,0,1,3
2026-09-10,89,2026-09-10T07:33:27.198306-05:00,2026-09-10T08:58:21.495989-05:00,84.9,0,1,10
2026-09-10,91,2026-09-10T07:35:13.798563-05:00,2026-09-10T08:58:50.230589-05:00,83.61,0,1,7
2026-09-10,90,2026-09-10T07:35:17.145810-05:00,2026-09-10T09:00:33.927223-05:00,85.28,0,0,1
2026-09-10,93,2026-09-10T07:45:09.294993-05:00,2026-09-10T09:02:30.504456-05:00,77.35,0,0,2
2026-09-10,94,2026-09-10T07:50:14.488452-05:00,2026-09-10T09:04:05.335033-05:00,73.85,0,0,6
2026-09-10,95,2026-09-10T07:50:22.404769-05:00,2026-09-10T09:06:48.326898-05:00,76.43,0,0,4
2026-09-10,96,2026-09-10T07:54:27.488665-05:00,2026-09-10T09:07:35.551390-05:00,73.13,0,0,8
2026-09-10,97,2026-09-10T08:00:18.870975-05:00,2026-09-10T09:08:04.057494-05:00,67.75,0,0,6
2026-09-10,98,2026-09-10T08:07:28.188752-05:00,2026-09-10T09:08:07.474424-05:00,60.65,0,0,1
2026-09-10,99,2026-09-10T08:09:21.709332-05:00,2026-09-10T09:08:55.198600-05:00,59.56,0,0,10
2026-09-10,100,2026-09-10T08:16:02.947356-05:00,2026-09-10T09:12:20.989327-05:00,56.3,0,0,5
2026-09-10,101,2026-09-10T08:19:20.673750-05:00,2026-09-10T09:13:03.945028-05:00,53.72,0,0,2
2026-09-10,102,2026-09-10T08:33:42.189923-05:00,2026-09-10T09:14:26.990670-05:00,40.75,0,0,7
2026-09-10,103,2026-09-10T08:36:11.016359-05:00,2026-09-10T09:19:16.779021-05:00,43.1,0,1,9
2026-09-10,104,2026-09-10T08:37:54.792191-05:00,2026-09-10T09:19:27.751649-05:00,41.55,0,1,3
2026-09-10,106,2026-09-10T08:42:44.180174-05:00,2026-09-10T09:21:21.684674-05:00,38.63,0,0,5
2026-09-10,107,2026-09-10T08:46:26.892961-05:00,2026-09-10T09:21:37.254632-05:00,35.17,0,0,1
2026-09-10,108,2026-09-10T08:53:31.327205-05:00,2026-09-10T09:21:44.387066-05:00,28.22,0,0,10
2026-09-10,109,2026-09-10T09:10:23.288476-05:00,2026-09-10T09:22:20.054741-05:00,11.95,0,0,6
2026-09-10,110,2026-09-10T09:12:38.443755-05:00,2026-09-10T09:22:38.174874-05:00,10.0,0,0,7
2026-09-10,111,2026-09-10T09:16:14.716395-05:00,2026-09-10T09:23:36.832742-05:00,7.37,0,1,2
2026-09-10,112,2026-09-10T09:18:09.523193-05:00,2026-09-10T09:30:03.513733-05:00,11.9,0,0,3
2026-09-10,113,2026-09-10T09:18:43.009322-05:00,2026-09-10T09:30:08.988393-05:00,11.43,0,0,8
2026-09-10,114,2026-09-10T09:19:04.429486-05:00,2026-09-10T09:30:14.720102-05:00,11.17,0,0,4
2026-09-10,115,2026-09-10T09:23:48.735425-05:00,2026-09-10T09:30:30.028632-05:00,6.69,0,0,1
2026-09-10,116,2026-09-10T09:27:02.740133-05:00,2026-09-10T09:31:14.529424-05:00,4.2,0,1,5
2026-09-10,117,2026-09-10T09:27:41.820550-05:00,2026-09-10T09:33:23.423968-05:00,5.69,0,0,2
2026-09-10,118,2026-09-10T09:27:48.334448-05:00,2026-09-10T09:34:51.779965-05:00,7.06,0,0,10
2026-09-10,119,2026-09-10T09:32:41.956517-05:00,2026-09-10T09:37:59.004190-05:00,5.28,0,0,8
2026-09-10,120,2026-09-10T09:36:08.129487-05:00,2026-09-10T09:38:34.358648-05:00,2.44,0,0,9
2026-09-10,121,2026-09-10T09:36:10.034802-05:00,2026-09-10T09:41:35.438950-05:00,5.42,0,1,7
2026-09-10,122,2026-09-10T09:37:25.449188-05:00,2026-09-10T09:42:24.049294-05:00,4.98,0,1,6
2026-09-10,123,2026-09-10T09:41:13.408904-05:00,2026-09-10T09:43:28.044434-05:00,2.24,0,0,3
2026-09-10,125,2026-09-10T09:46:35.905285-05:00,2026-09-10T09:46:35.905285-05:00,0.0,0,1,1
2026-09-10,124,2026-09-10T09:46:37.763164-05:00,2026-09-10T09:46:37.763164-05:00,0.0,0,1,5
2026-09-10,126,2026-09-10T09:49:16.258726-05:00,2026-09-10T09:49:16.258726-05:00,0.0,0,1,2
2026-09-10,127,2026-09-10T09:49:51.466634-05:00,2026-09-10T09:49:51.466634-05:00,0.0,0,1,4
2026-09-10,128,2026-09-10T10:00:34.457261-05:00,2026-09-10T10:00:34.457261-05:00,0.0,0,0,1
2026-09-10,129,2026-09-10T10:11:14.147006-05:00,2026-09-10T10:11:14.147006-05:00,0.0,0,1,2
2026-09-10,130,2026-09-10T10:17:32.499519-05:00,2026-09-10T10:17:32.499519-05:00,0.0,0,1,1
2026-09-10,131,2026-09-10T10:25:51.130895-05:00,2026-09-10T10:25:51.130895-05:00,0.0,0,0,2
2026-09-10,132,2026-09-10T10:28:15.559849-05:00,2026-09-10T10:28:15.559849-05:00,0.0,0,1,1
2026-09-10,133,2026-09-10T10:39:51.874508-05:00,2026-09-10T10:39:51.874508-05:00,0.0,0,0,1
2026-09-10,134,2026-09-10T10:40:06.181021-05:00,2026-09-10T10:40:06.181021-05:00,0.0,0,0,2
2026-09-10,135,2026-09-10T10:47:12.345236-05:00,2026-09-10T10:47:12.345236-05:00,0.0,0,0,3
2026-09-10,137,2026-09-10T10:53:08.843710-05:00,2026-09-10T10:53:08.843710-05:00,0.0,0,0,4
2026-09-10,136,2026-09-10T10:53:26.089958-05:00,2026-09-10T10:53:26.089958-05:00,0.0,0,1,5
2026-09-10,138,2026-09-10T10:53:52.489503-05:00,2026-09-10T10:53:52.489503-05:00,0.0,0,1,6
2026-09-10,139,2026-09-10T10:58:52.160903-05:00,2026-09-10T10:58:52.160903-05:00,0.0,0,0,2
2026-09-10,140,2026-09-10T11:07:38.763212-05:00,2026-09-10T11:07:38.763212-05:00,0.0,0,0,1
2026-09-10,141,2026-09-10T11:09:46.876864-05:00,2026-09-10T11:09:46.876864-05:00,0.0,0,0,3
2026-09-10,142,2026-09-10T11:13:58.711801-05:00,2026-09-10T11:13:58.711801-05:00,0.0,0,0,2
2026-09-10,143,2026-09-10T11:42:43.723385-05:00,2026-09-10T11:42:43.723385-05:00,0.0,0,0,1
2026-09-10,144,2026-09-10T11:46:00.074162-05:00,2026-09-10T11:46:00.074162-05:00,0.0,0,0,2
2026-09-10,145,2026-09-10T11:50:51.500039-05:00,2026-09-10T11:50:51.500039-05:00,0.0,0,0,1
2026-09-10,146,2026-09-10T11:51:15.301454-05:00,2026-09-10T11:51:15.301454-05:00,0.0,0,0,3
2026-09-10,147,2026-09-10T11:54:41.696663-05:00,2026-09-10T11:54:41.696663-05:00,0.0,0,1,2
2026-09-10,148,2026-09-10T12:11:46.971415-05:00,2026-09-10T12:11:46.971415-05:00,0.0,0,0,1
2026-09-10,149,2026-09-10T12:14:46.226514-05:00,2026-09-10T12:14:46.226514-05:00,0.0,0,1,2
2026-09-10,150,2026-09-10T12:16:03.236073-05:00,2026-09-10T12:16:03.236073-05:00,0.0,0,0,3
2026-09-10,151,2026-09-10T12:29:15.809517-05:00,2026-09-10T12:29:15.809517-05:00,0.0,0,0,1
2026-09-11,7,2026-09-11T06:28:32.669086-05:00,2026-09-11T07:06:00-05:00,37.46,1,1,1
2026-09-11,20,2026-09-11T06:41:17.932342-05:00,2026-09-11T07:06:00-05:00,24.7,1,1,2
2026-09-11,41,2026-09-11T06:59:24.265390-05:00,2026-09-11T07:06:00-05:00,6.6,1,1,3
2026-09-11,42,2026-09-11T07:02:46.532273-05:00,2026-09-11T07:06:00-05:00,3.22,1,0,4
2026-09-11,0,2026-09-11T06:12:06.258239-05:00,2026-09-11T07:06:00-05:00,53.9,0,0,5
2026-09-11,1,2026-09-11T06:14:35.932720-05:00,2026-09-11T07:06:00-05:00,51.4,0,0,6
2026-09-11,2,2026-09-11T06:18:27.517271-05:00,2026-09-11T07:06:00-05:00,47.54,0,1,7
2026-09-11,3,2026-09-11T06:18:56.326755-05:00,2026-09-11T07:06:00-05:00,47.06,0,0,8
2026-09-11,4,2026-09-11T06:21:13.277943-05:00,2026-09-11T07:06:00-05:00,44.78,0,1,9
2026-09-11,5,2026-09-11T06:22:04.517787-05:00,2026-09-11T07:06:00-05:00,43.92,0,1,10
2026-09-11,46,2026-09-11T07:07:34.487581-05:00,2026-09-11T07:14:16.466630-05:00,6.7,1,0,10
2026-09-11,6,2026-09-11T06:28:12.057457-05:00,2026-09-11T07:14:48.908923-05:00,46.61,0,0,8
2026-09-11,8,2026-09-11T06:29:12.120036-05:00,2026-09-11T07:15:53.408687-05:00,46.69,0,1,1
2026-09-11,9,2026-09-11T06:30:01.823896-05:00,2026-09-11T07:16:57.407542-05:00,46.93,0,0,2
2026-09-11,10,2026-09-11T06:30:40.708949-05:00,2026-09-11T07:17:00.785047-05:00,46.33,0,0,5
2026-09-11,11,2026-09-11T06:33:31.702864-05:00,2026-09-11T07:17:13.831939-05:00,43.7,0,0,7
2026-09-11,12,2026-09-11T06:35:01.247014-05:00,2026-09-11T07:18:31.378707-05:00,43.5,0,1,4
2026-09-11,13,2026-09-11T06:36:38.928357-05:00,2026-09-11T07:20:20.478657-05:00,43.69,0,0,3
2026-09-11,71,2026-09-11T07:22:43.385844-05:00,2026-09-11T07:24:11.746774-05:00,1.47,1,0,10
2026-09-11,14,2026-09-11T06:36:51.130213-05:00,2026-09-11T07:24:26.090363-05:00,47.58,0,0,9
2026-09-11,15,2026-09-11T06:37:48.913992-05:00,2026-09-11T07:25:11.968616-05:00,47.38,0,0,6
2026-09-11,16,2026-09-11T06:38:29.002933-05:00,2026-09-11T07:26:30.185572-05:00,48.02,0,0,4
2026-09-11,17,2026-09-11T06:38:40.544069-05:00,2026-09-11T07:26:36.227306-05:00,47.93,0,0,1
2026-09-11,18,2026-09-11T06:39:25.000282-05:00,2026-09-11T07:27:10.265985-05:00,47.75,0,0,7
2026-09-11,19,2026-09-11T06:39:55.767166-05:00,2026-09-11T07:30:27.954408-05:00,50.54,0,1,8
2026-09-11,22,2026-09-11T06:41:33.768771-05:00,2026-09-11T07:31:34.974724-05:00,50.02,0,0,3
2026-09-11,21,2026-09-11T06:41:34.849768-05:00,2026-09-11T07:34:07.576062-05:00,52.55,0,1,10
2026-09-11,23,2026-09-11T06:42:02.708239-05:00,2026-09-11T07:35:18.632125-05:00,53.27,0,1,5
2026-09-11,24,2026-09-11T06:43:50.024597-05:00,2026-09-11T07:39:21.120021-05:00,55.52,0,0,9
2026-09-11,87,2026-09-11T07:40:08.724211-05:00,2026-09-11T07:40:33.577958-05:00,0.41,1,0,7
2026-09-11,25,2026-09-11T06:44:05.975141-05:00,2026-09-11T07:41:17.143720-05:00,57.19,0,0,4
2026-09-11,26,2026-09-11T06:46:00.071556-05:00,2026-09-11T07:41:20.944770-05:00,55.35,0,1,2
2026-09-11,27,2026-09-11T06:47:12.871340-05:00,2026-09-11T07:42:02.598770-05:00,54.83,0,0,5
2026-09-11,28,2026-09-11T06:48:00.431851-05:00,2026-09-11T07:42:56.487097-05:00,54.93,0,1,10
2026-09-11,29,2026-09-11T06:49:17.507912-05:00,2026-09-11T07:44:05.648254-05:00,54.8,0,0,8
2026-09-11,30,2026-09-11T06:52:28.476993-05:00,2026-09-11T07:44:07.334876-05:00,51.65,0,1,6
2026-09-11,32,2026-09-11T06:52:32.499870-05:00,2026-09-11T07:44:44.858195-05:00,52.21,0,1,1
2026-09-11,31,2026-09-11T06:52:39.406600-05:00,2026-09-11T07:47:56.854460-05:00,55.29,0,0,3
2026-09-11,33,2026-09-11T06:53:10.143422-05:00,2026-09-11T07:49:25.589075-05:00,56.26,0,0,9
2026-09-11,34,2026-09-11T06:53:48.863884-05:00,2026-09-11T07:49:41.907778-05:00,55.88,0,1,8
2026-09-11,35,2026-09-11T06:54:27.191685-05:00,2026-09-11T07:51:51.420588-05:00,57.4,0,0,4
2026-09-11,37,2026-09-11T06:54:34.727624-05:00,2026-09-11T07:52:46.757963-05:00,58.2,0,0,1
2026-09-11,36,2026-09-11T06:54:37.229759-05:00,2026-09-11T07:53:14.407212-05:00,58.62,0,0,2
2026-09-11,38,2026-09-11T06:55:20.181068-05:00,2026-09-11T07:53:31.180606-05:00,58.18,0,1,7
2026-09-11,39,2026-09-11T06:56:48.702242-05:00,2026-09-11T07:53:32.166556-05:00,56.72,0,0,6
2026-09-11,40,2026-09-11T06:57:43.156576-05:00,2026-09-11T07:54:57.829011-05:00,57.24,0,1,5
2026-09-11,43,2026-09-11T07:04:29.300136-05:00,2026-09-11T07:57:20.640190-05:00,52.86,0,0,1
2026-09-11,44,2026-09-11T07:05:43.457965-05:00,2026-09-11T08:00:12.275688-05:00,54.48,0,0,8
2026-09-11,45,2026-09-11T07:06:19.089489-05:00,2026-09-11T08:02:12.598655-05:00,55.89,0,0,9
2026-09-11,47,2026-09-11T07:07:36.121397-05:00,2026-09-11T08:03:39.053890-05:00,56.05,0,1,10
2026-09-11,48,2026-09-11T07:07:44.105417-05:00,2026-09-11T08:06:27.915789-05:00,58.73,0,0,3
2026-09-11,49,2026-09-11T07:08:17.937949-05:00,2026-09-11T08:07:00.744477-05:00,58.71,0,0,6
2026-09-11,50,2026-09-11T07:08:56.498950-05:00,2026-09-11T08:08:07.854615-05:00,59.19,0,1,2
2026-09-11,51,2026-09-11T07:09:02.773821-05:00,2026-09-11T08:08:41.736908-05:00,59.65,0,0,5
2026-09-11,52,2026-09-11T07:10:03.355996-05:00,2026-09-11T08:09:38.890035-05:00,59.59,0,1,4
2026-09-11,54,2026-09-11T07:11:12.540498-05:00,2026-09-11T08:12:08.702478-05:00,60.94,0,0,7
2026-09-11,53,2026-09-11T07:11:19.998685-05:00,2026-09-11T08:15:20.721384-05:00,64.01,0,0,8
2026-09-11,55,2026-09-11T07:11:31.600754-05:00,2026-09-11T08:15:30.542806-05:00,63.98,0,1,1
2026-09-11,56,2026-09-11T07:12:27.201974-05:00,2026-09-11T08:16:00.225112-05:00,63.55,0,0,5
2026-09-11,106,2026-09-11T08:16:25.338914-05:00,2026-09-11T08:17:30.054238-05:00,1.08,1,0,6
2026-09-11,58,2026-09-11T07:13:01.417199-05:00,2026-09-11T08:19:09.148887-05:00,66.13,0,0,4
2026-09-11,57,2026-09-11T07:13:14.376560-05:00,2026-09-11T08:20:28.393002-05:00,67.23,0,0,7
2026-09-11,59,2026-09-11T07:15:20.948140-05:00,2026-09-11T08:21:19.520622-05:00,65.98,0,0,2
2026-09-11,60,2026-09-11T07:15:21.034632-05:00,2026-09-11T08:22:27.761074-05:00,67.11,0,0,9
2026-09-11,61,2026-09-11T07:16:39.874371-05:00,2026-09-11T08:23:31.288593-05:00,66.86,0,1,10
2026-09-11,62,2026-09-11T07:17:57.080302-05:00,2026-09-11T08:24:31.141616-05:00,66.57,0,0,8
2026-09-11,63,2026-09-11T07:17:59.854913-05:00,2026-09-11T08:24:53.106060-05:00,66.89,0,0,4
2026-09-11,64,2026-09-11T07:18:11.421152-05:00,2026-09-11T08:25:27.371331-05:00,67.27,0,1,3
2026-09-11,65,2026-09-11T07:20:35.569153-05:00,2026-09-11T08:25:30.401201-05:00,64.91,0,1,1
2026-09-11,66,2026-09-11T07:21:18.476445-05:00,2026-09-11T08:28:10.704720-05:00,66.87,0,0,5
2026-09-11,67,2026-09-11T07:21:21.032966-05:00,2026-09-11T08:29:51.574220-05:00,68.51,0,0,7
2026-09-11,69,2026-09-11T07:21:36.094618-05:00,2026-09-11T08:32:41.374395-05:00,71.09,0,0,8
2026-09-11,68,2026-09-11T07:21:58.949631-05:00,2026-09-11T08:32:43.497115-05:00,70.74,0,1,2
2026-09-11,70,2026-09-11T07:22:15.836786-05:00,2026-09-11T08:32:51.504953-05:00,70.59,0,0,10
2026-09-11,108,2026-09-11T08:33:10.632696-05:00,2026-09-11T08:34:14.240798-05:00,1.06,1,0,6
2026-09-11,72,2026-09-11T07:24:44.047427-05:00,2026-09-11T08:35:24.819530-05:00,70.68,0,0,3
2026-09-11,73,2026-09-11T07:25:47.783710-05:00,2026-09-11T08:36:08.624778-05:00,70.35,0,0,5
2026-09-11,74,2026-09-11T07:26:20.689537-05:00,2026-09-11T08:36:24.358338-05:00,70.06,0,1,1
2026-09-11,75,2026-09-11T07:28:26.428424-05:00,2026-09-11T08:37:03.012255-05:00,68.61,0,0,9
2026-09-11,76,2026-09-11T07:28:31.092979-05:00,2026-09-11T08:42:05.790938-05:00,73.58,0,0,10
2026-09-11,77,2026-09-11T07:29:46.006475-05:00,2026-09-11T08:42:43.528772-05:00,72.96,0,0,4
2026-09-11,78,2026-09-11T07:30:53.756595-05:00,2026-09-11T08:43:19.304135-05:00,72.43,0,0,2
2026-09-11,79,2026-09-11T07:31:43.888913-05:00,2026-09-11T08:44:21.916135-05:00,72.63,0,1,8
2026-09-11,80,2026-09-11T07:33:41.851189-05:00,2026-09-11T08:44:38.746230-05:00,70.95,0,0,7
2026-09-11,81,2026-09-11T07:34:29.727393-05:00,2026-09-11T08:45:02.671682-05:00,70.55,0,0,1
2026-09-11,82,2026-09-11T07:36:23.978923-05:00,2026-09-11T08:48:03.518009-05:00,71.66,0,0,9
2026-09-11,83,2026-09-11T07:36:33.897425-05:00,2026-09-11T08:49:29.517243-05:00,72.93,0,0,1
2026-09-11,84,2026-09-11T07:36:50.776792-05:00,2026-09-11T08:49:36.291844-05:00,72.76,0,0,5
2026-09-11,85,2026-09-11T07:38:39.914844-05:00,2026-09-11T08:49:48.002324-05:00,71.13,0,1,3
2026-09-11,86,2026-09-11T07:39:57.403647-05:00,2026-09-11T08:55:02.617723-05:00,75.09,0,1,10
2026-09-11,88,2026-09-11T07:40:46.123117-05:00,2026-09-11T08:55:21.543632-05:00,74.59,0,1,7
2026-09-11,89,2026-09-11T07:41:45.118116-05:00,2026-09-11T08:55:27.876023-05:00,73.71,0,0,9
2026-09-11,90,2026-09-11T07:43:50.622032-05:00,2026-09-11T08:56:22.049355-05:00,72.52,0,0,6
2026-09-11,91,2026-09-11T07:45:34.753471-05:00,2026-09-11T08:57:43.919700-05:00,72.15,0,0,2
2026-09-11,92,2026-09-11T07:45:53.285067-05:00,2026-09-11T08:58:22.643565-05:00,72.49,0,0,4
2026-09-11,93,2026-09-11T07:47:07.528448-05:00,2026-09-11T08:58:52.333271-05:00,71.75,0,0,8
2026-09-11,94,2026-09-11T07:51:43.157477-05:00,2026-09-11T09:02:11.838511-05:00,70.48,0,1,7
2026-09-11,95,2026-09-11T07:52:26.004807-05:00,2026-09-11T09:02:12.969288-05:00,69.78,0,0,9
2026-09-11,96,2026-09-11T07:55:29.371998-05:00,2026-09-11T09:02:51.006515-05:00,67.36,0,0,5
2026-09-11,97,2026-09-11T07:58:47.525465-05:00,2026-09-11T09:05:51.861672-05:00,67.07,0,0,4
2026-09-11,98,2026-09-11T08:00:01.594870-05:00,2026-09-11T09:07:25.847028-05:00,67.4,0,1,1
2026-09-11,99,2026-09-11T08:01:06.962031-05:00,2026-09-11T09:08:39.463784-05:00,67.54,0,1,3
2026-09-11,100,2026-09-11T08:03:28.791782-05:00,2026-09-11T09:09:37.820486-05:00,66.15,0,1,6
2026-09-11,101,2026-09-11T08:06:27.377047-05:00,2026-09-11T09:12:51.213797-05:00,66.4,0,0,4
2026-09-11,102,2026-09-11T08:06:32.002183-05:00,2026-09-11T09:13:03.262784-05:00,66.52,0,1,9
2026-09-11,103,2026-09-11T08:08:48.115108-05:00,2026-09-11T09:14:11.459285-05:00,65.39,0,1,7
2026-09-11,104,2026-09-11T08:11:45.249493-05:00,2026-09-11T09:14:34.109276-05:00,62.81,0,0,8
2026-09-11,105,2026-09-11T08:15:57.437107-05:00,2026-09-11T09:15:39.946180-05:00,59.71,0,0,2
2026-09-11,107,2026-09-11T08:21:00.121791-05:00,2026-09-11T09:18:29.487165-05:00,57.49,0,0,6
2026-09-11,109,2026-09-11T08:41:39.505256-05:00,2026-09-11T09:19:39.215447-05:00,38.0,0,1,10
2026-09-11,110,2026-09-11T08:42:12.105652-05:00,2026-09-11T09:19:45.514516-05:00,37.56,0,0,2
2026-09-11,111,2026-09-11T08:52:38.635374-05:00,2026-09-11T09:21:49.575363-05:00,29.18,0,0,1
2026-09-11,112,2026-09-11T08:53:46.986198-05:00,2026-09-11T09:23:31.913673-05:00,29.75,0,0,5
2026-09-11,113,2026-09-11T08:54:37.020400-05:00,2026-09-11T09:24:12.806505-05:00,29.6,0,0,9
2026-09-11,114,2026-09-11T09:00:43.534182-05:00,2026-09-11T09:24:32.082444-05:00,23.81,0,1,8
2026-09-11,115,2026-09-11T09:07:09.428381-05:00,2026-09-11T09:25:45.138970-05:00,18.6,0,1,6
2026-09-11,116,2026-09-11T09:09:56.441230-05:00,2026-09-11T09:28:21.795880-05:00,18.42,0,0,2
2026-09-11,117,2026-09-11T09:11:47.553927-05:00,2026-09-11T09:29:02.191314-05:00,17.24,0,0,7
2026-09-11,118,2026-09-11T09:13:26.817621-05:00,2026-09-11T09:29:48.622151-05:00,16.36,0,1,5
2026-09-11,120,2026-09-11T09:15:32.064987-05:00,2026-09-11T09:32:34.225448-05:00,17.04,0,0,6
2026-09-11,119,2026-09-11T09:15:46.886598-05:00,2026-09-11T09:33:32.115063-05:00,17.75,0,1,10
2026-09-11,121,2026-09-11T09:17:27.854339-05:00,2026-09-11T09:34:45.094546-05:00,17.29,0,0,3
2026-09-11,122,2026-09-11T09:22:30.832116-05:00,2026-09-11T09:34:56.726513-05:00,12.43,0,1,1
2026-09-11,123,2026-09-11T09:29:37.120099-05:00,2026-09-11T09:38:17.359745-05:00,8.67,0,0,7
2026-09-11,124,2026-09-11T09:45:57.803584-05:00,2026-09-11T09:45:57.803584-05:00,0.0,0,0,2
2026-09-11,125,2026-09-11T09:49:30.733098-05:00,2026-09-11T09:49:30.733098-05:00,0.0,0,1,3
2026-09-11,126,2026-09-11T09:51:03.713574-05:00,2026-09-11T09:51:03.713574-05:00,0.0,0,1,4
2026-09-11,127,2026-09-11T09:53:29.605501-05:00,2026-09-11T09:53:29.605501-05:00,0.0,0,1,5
2026-09-11,128,2026-09-11T09:56:10.884128-05:00,2026-09-11T09:56:10.884128-05:00,0.0,1,0,6
2026-09-11,129,2026-09-11T09:56:58.094541-05:00,2026-09-11T09:56:58.094541-05:00,0.0,0,0,2
2026-09-11,130,2026-09-11T10:02:07.527554-05:00,2026-09-11T10:02:07.527554-05:00,0.0,1,0,1
2026-09-11,131,2026-09-11T10:04:22.537360-05:00,2026-09-11T10:04:22.537360-05:00,0.0,0,0,3
2026-09-11,133,2026-09-11T10:06:35.003234-05:00,2026-09-11T10:06:35.003234-05:00,0.0,1,0,2
2026-09-11,132,2026-09-11T10:06:37.004247-05:00,2026-09-11T10:06:37.004247-05:00,0.0,0,0,4
2026-09-11,134,2026-09-11T10:06:58.277924-05:00,2026-09-11T10:06:58.277924-05:00,0.0,0,0,5
2026-09-11,135,2026-09-11T10:15:25.679569-05:00,2026-09-11T10:15:25.679569-05:00,0.0,0,0,3
2026-09-11,136,2026-09-11T10:17:31.129622-05:00,2026-09-11T10:17:31.129622-05:00,0.0,0,1,1
2026-09-11,137,2026-09-11T10:18:11.267025-05:00,2026-09-11T10:18:11.267025-05:00,0.0,0,0,2
2026-09-11,138,2026-09-11T10:18:40.018881-05:00,2026-09-11T10:18:40.018881-05:00,0.0,0,0,4
2026-09-11,139,2026-09-11T10:22:15.838328-05:00,2026-09-11T10:22:15.838328-05:00,0.0,0,0,6
2026-09-11,140,2026-09-11T10:23:39.351701-05:00,2026-09-11T10:23:39.351701-05:00,0.0,0,1,5
2026-09-11,141,2026-09-11T10:32:36.526616-05:00,2026-09-11T10:32:36.526616-05:00,0.0,0,0,1
2026-09-11,142,2026-09-11T10:38:24.413712-05:00,2026-09-11T10:38:24.413712-05:00,0.0,0,0,2
2026-09-11,143,2026-09-11T10:39:39.550013-05:00,2026-09-11T10:39:39.550013-05:00,0.0,0,0,3
2026-09-11,144,2026-09-11T10:40:18.250839-05:00,2026-09-11T10:40:18.250839-05:00,0.0,1,1,4
2026-09-11,145,2026-09-11T10:40:44.758779-05:00,2026-09-11T10:40:44.758779-05:00,0.0,1,0,5
2026-09-11,146,2026-09-11T10:45:55.801019-05:00,2026-09-11T10:45:55.801019-05:00,0.0,0,0,6
2026-09-11,147,2026-09-11T10:50:18.007635-05:00,2026-09-11T10:50:18.007635-05:00,0.0,0,0,1
2026-09-11,148,2026-09-11T11:06:49.412565-05:00,2026-09-11T11:06:49.412565-05:00,0.0,0,0,1
2026-09-11,149,2026-09-11T11:10:19.082829-05:00,2026-09-11T11:10:19.082829-05:00,0.0,0,1,2
2026-09-11,150,2026-09-11T11:13:32.243157-05:00,2026-09-11T11:13:32.243157-05:00,0.0,0,0,3
2026-09-11,151,2026-09-11T11:14:21.403955-05:00,2026-09-11T11:14:21.403955-05:00,0.0,1,0,4
2026-09-11,152,2026-09-11T11:18:27.371227-05:00,2026-09-11T11:18:27.371227-05:00,0.0,0,0,5
2026-09-11,153,2026-09-11T11:18:40.328367-05:00,2026-09-11T11:18:40.328367-05:00,0.0,0,0,6
2026-09-11,154,2026-09-11T11:22:21.280613-05:00,2026-09-11T11:22:21.280613-05:00,0.0,0,0,2
2026-09-11,155,2026-09-11T11:23:44.554435-05:00,2026-09-11T11:23:44.554435-05:00,0.0,0,0,1
2026-09-11,156,2026-09-11T11:27:10.176513-05:00,2026-09-11T11:27:10.176513-05:00,0.0,0,0,7
2026-09-11,157,2026-09-11T11:29:01.114149-05:00,2026-09-11T11:29:01.114149-05:00,0.0,0,1,6
2026-09-11,159,2026-09-11T11:42:14.238749-05:00,2026-09-11T11:42:14.238749-05:00,0.0,0,0,1
2026-09-11,158,2026-09-11T11:42:16.685269-05:00,2026-09-11T11:42:16.685269-05:00,0.0,0,0,2
2026-09-11,160,2026-09-11T11:45:12.306463-05:00,2026-09-11T11:45:12.306463-05:00,0.0,0,0,3
2026-09-11,161,2026-09-11T11:55:38.849334-05:00,2026-09-11T11:55:38.849334-05:00,0.0,0,0,1
2026-09-11,162,2026-09-11T12:10:42.703386-05:00,2026-09-11T12:10:42.703386-05:00,0.0,0,0,2
2026-09-11,163,2026-09-11T12:24:38.925781-05:00,2026-09-11T12:24:38.925781-05:00,0.0,1,1,1
2026-09-11,164,2026-09-11T12:27:24.094000-05:00,2026-09-11T12:27:24.094000-05:00,0.0,0,0,2
2026-09-11,165,2026-09-11T12:28:29.123676-05:00,2026-09-11T12:28:29.123676-05:00,0.0,0,0,3
2026-09-12,1,2026-09-12T06:14:03.889228-05:00,2026-09-12T07:06:00-05:00,51.94,1,0,1
2026-09-12,4,2026-09-12T06:18:41.440557-05:00,2026-09-12T07:06:00-05:00,47.31,1,1,2
2026-09-12,8,2026-09-12T06:24:40.814779-05:00,2026-09-12T07:06:00-05:00,41.32,1,0,3
2026-09-12,28,2026-09-12T06:49:10.171866-05:00,2026-09-12T07:06:00-05:00,16.83,1,0,4
2026-09-12,44,2026-09-12T07:01:55.341246-05:00,2026-09-12T07:06:00-05:00,4.08,1,0,5
2026-09-12,51,2026-09-12T07:05:10.128836-05:00,2026-09-12T07:06:00-05:00,0.83,1,0,6
2026-09-12,52,2026-09-12T07:05:42.782450-05:00,2026-09-12T07:06:00-05:00,0.29,1,1,7
2026-09-12,0,2026-09-12T06:13:29.745652-05:00,2026-09-12T07:06:00-05:00,52.5,0,1,8
2026-09-12,2,2026-09-12T06:15:04.100864-05:00,2026-09-12T07:06:00-05:00,50.93,0,1,9
2026-09-12,3,2026-09-12T06:17:35.472063-05:00,2026-09-12T07:06:00-05:00,48.41,0,1,10
2026-09-12,58,2026-09-12T07:11:01.346179-05:00,2026-09-12T07:13:07.327041-05:00,2.1,1,0,2
2026-09-12,64,2026-09-12T07:15:19.837629-05:00,2026-09-12T07:15:24.268720-05:00,0.07,1,0,8
2026-09-12,5,2026-09-12T06:21:52.941241-05:00,2026-09-12T07:15:40.893946-05:00,53.8,0,0,7
2026-09-12,6,2026-09-12T06:22:29.070269-05:00,2026-09-12T07:17:15.011996-05:00,54.77,0,0,3
2026-09-12,7,2026-09-12T06:24:55.788358-05:00,2026-09-12T07:17:20.155483-05:00,52.41,0,0,5
2026-09-12,9,2026-09-12T06:26:10.706187-05:00,2026-09-12T07:18:01.077451-05:00,51.84,0,0,1
2026-09-12,70,2026-09-12T07:18:53.599566-05:00,2026-09-12T07:19:12.565792-05:00,0.32,1,1,4
2026-09-12,10,2026-09-12T06:31:26.307227-05:00,2026-09-12T07:21:20.703195-05:00,49.91,0,1,2
2026-09-12,74,2026-09-12T07:21:21.357086-05:00,2026-09-12T07:22:55.303455-05:00,1.57,1,0,9
2026-09-12,11,2026-09-12T06:35:33.238111-05:00,2026-09-12T07:22:57.899220-05:00,47.41,0,0,10
2026-09-12,12,2026-09-12T06:36:21.720807-05:00,2026-09-12T07:24:21.173603-05:00,47.99,0,1,6
2026-09-12,78,2026-09-12T07:27:43.490454-05:00,2026-09-12T07:28:34.112792-05:00,0.84,1,0,8
2026-09-12,79,2026-09-12T07:28:15.542607-05:00,2026-09-12T07:29:05.212210-05:00,0.83,1,1,3
2026-09-12,13,2026-09-12T06:36:54.732858-05:00,2026-09-12T07:29:38.271848-05:00,52.73,0,1,2
2026-09-12,15,2026-09-12T06:37:02.777668-05:00,2026-09-12T07:31:20.226941-05:00,54.29,0,0,4
2026-09-12,14,2026-09-12T06:37:17.018767-05:00,2026-09-12T07:33:12.817969-05:00,55.93,0,1,10
2026-09-12,16,2026-09-12T06:39:41.761965-05:00,2026-09-12T07:36:23.476051-05:00,56.7,0,0,3
2026-09-12,17,2026-09-12T06:41:36.694067-05:00,2026-09-12T07:36:46.845006-05:00,55.17,0,0,2
2026-09-12,18,2026-09-12T06:45:28.206276-05:00,2026-09-12T07:37:31.312302-05:00,52.05,0,0,7
2026-09-12,20,2026-09-12T06:45:33.519946-05:00,2026-09-12T07:37:55.886121-05:00,52.37,0,0,8
2026-09-12,19,2026-09-12T06:45:33.697383-05:00,2026-09-12T07:38:19.865671-05:00,52.77,0,0,9
2026-09-12,21,2026-09-12T06:45:34.974691-05:00,2026-09-12T07:38:37.612202-05:00,53.04,0,0,6
2026-09-12,22,2026-09-12T06:47:15.766929-05:00,2026-09-12T07:38:42.579668-05:00,51.45,0,0,1
2026-09-12,23,2026-09-12T06:47:51.714215-05:00,2026-09-12T07:41:46.569965-05:00,53.91,0,1,4
2026-09-12,24,2026-09-12T06:47:54.423471-05:00,2026-09-12T07:43:45.113208-05:00,55.84,0,0,7
2026-09-12,25,2026-09-12T06:48:04.668585-05:00,2026-09-12T07:45:25.499630-05:00,57.35,0,0,10
2026-09-12,26,2026-09-12T06:48:58.417078-05:00,2026-09-12T07:45:46.470253-05:00,56.8,0,0,8
2026-09-12,27,2026-09-12T06:49:26.740102-05:00,2026-09-12T07:48:58.779724-05:00,59.53,0,0,6
2026-09-12,29,2026-09-12T06:51:20.323481-05:00,2026-09-12T07:49:49.943349-05:00,58.49,0,0,5
2026-09-12,31,2026-09-12T06:51:44.445457-05:00,2026-09-12T07:51:10.195623-05:00,59.43,0,0,3
2026-09-12,30,2026-09-12T06:51:49.304048-05:00,2026-09-12T07:51:30.165211-05:00,59.68,0,0,1
2026-09-12,33,2026-09-12T06:51:54.120702-05:00,2026-09-12T07:53:17.811826-05:00,61.39,0,0,7
2026-09-12,32,2026-09-12T06:51:58.912118-05:00,2026-09-12T07:53:27.815035-05:00,61.48,0,0,2
2026-09-12,34,2026-09-12T06:52:53.718628-05:00,2026-09-12T07:54:57.912906-05:00,62.07,0,1,10
2026-09-12,35,2026-09-12T06:53:34.906132-05:00,2026-09-12T07:55:02.343894-05:00,61.46,0,0,4
2026-09-12,36,2026-09-12T06:55:30.054149-05:00,2026-09-12T07:57:26.885075-05:00,61.95,0,1,5
2026-09-12,37,2026-09-12T06:55:58.819392-05:00,2026-09-12T07:59:13.686318-05:00,63.25,0,0,9
2026-09-12,38,2026-09-12T06:56:30.706966-05:00,2026-09-12T08:01:11.228853-05:00,64.68,0,1,1
2026-09-12,39,2026-09-12T06:58:47.874331-05:00,2026-09-12T08:01:19.941186-05:00,62.53,0,1,6
2026-09-12,41,2026-09-12T06:59:14.195042-05:00,2026-09-12T08:02:00.179069-05:00,62.77,0,0,5
2026-09-12,40,2026-09-12T06:59:27.205944-05:00,2026-09-12T08:02:46.787866-05:00,63.33,0,1,3
2026-09-12,42,2026-09-12T06:59:31.161619-05:00,2026-09-12T08:03:17.031068-05:00,63.76,0,0,8
2026-09-12,43,2026-09-12T07:01:51.428278-05:00,2026-09-12T08:04:15.204454-05:00,62.4,0,0,7
2026-09-12,45,2026-09-12T07:02:24.876954-05:00,2026-09-12T08:07:35.976794-05:00,65.18,0,0,4
2026-09-12,46,2026-09-12T07:03:11.894248-05:00,2026-09-12T08:07:57.009378-05:00,64.75,0,0,2
2026-09-12,47,2026-09-12T07:03:56.311692-05:00,2026-09-12T08:09:03.366057-05:00,65.12,0,1,5
2026-09-12,49,2026-09-12T07:04:13.931669-05:00,2026-09-12T08:09:26.414886-05:00,65.21,0,1,1
2026-09-12,48,2026-09-12T07:04:21.051142-05:00,2026-09-12T08:09:28.881862-05:00,65.13,0,0,6
2026-09-12,50,2026-09-12T07:05:15.009001-05:00,2026-09-12T08:11:28.489353-05:00,66.22,0,1,7
2026-09-12,53,2026-09-12T07:06:36.565029-05:00,2026-09-12T08:16:39.851526-05:00,70.05,0,0,6
2026-09-12,54,2026-09-12T07:07:15.032833-05:00,2026-09-12T08:16:45.511828-05:00,69.51,0,1,10
2026-09-12,55,2026-09-12T07:07:51.451568-05:00,2026-09-12T08:17:09.008088-05:00,69.29,0,0,9
2026-09-12,56,2026-09-12T07:10:01.466952-05:00,2026-09-12T08:17:42.184171-05:00,67.68,0,0,1
2026-09-12,57,2026-09-12T07:10:50.715315-05:00,2026-09-12T08:17:51.485758-05:00,67.01,0,1,4
2026-09-12,59,2026-09-12T07:12:29.849968-05:00,2026-09-12T08:17:54.147898-05:00,65.4,0,0,3
2026-09-12,61,2026-09-12T07:13:47.243307-05:00,2026-09-12T08:20:19.430197-05:00,66.54,0,1,5
2026-09-12,60,2026-09-12T07:13:49.739071-05:00,2026-09-12T08:22:06.872185-05:00,68.29,0,0,2
2026-09-12,62,2026-09-12T07:14:49.539273-05:00,2026-09-12T08:25:38.953844-05:00,70.82,0,0,3
2026-09-12,63,2026-09-12T07:15:29.123555-05:00,2026-09-12T08:25:39.497714-05:00,70.17,0,0,9
2026-09-12,66,2026-09-12T07:15:30.325208-05:00,2026-09-12T08:26:56.722582-05:00,71.44,0,0,8
2026-09-12,65,2026-09-12T07:15:30.605912-05:00,2026-09-12T08:29:25.011337-05:00,73.91,0,1,1
2026-09-12,68,2026-09-12T07:16:35.435082-05:00,2026-09-12T08:32:11.763091-05:00,75.61,0,0,6
2026-09-12,67,2026-09-12T07:16:46.118921-05:00,2026-09-12T08:33:24.552170-05:00,76.64,0,0,7
2026-09-12,69,2026-09-12T07:17:13.572049-05:00,2026-09-12T08:34:01.162631-05:00,76.79,0,0,10
2026-09-12,71,2026-09-12T07:18:33.578117-05:00,2026-09-12T08:34:07.274452-05:00,75.56,0,0,3
2026-09-12,72,2026-09-12T07:19:14.202246-05:00,2026-09-12T08:35:08.023951-05:00,75.9,0,1,8
2026-09-12,110,2026-09-12T08:35:48.601441-05:00,2026-09-12T08:36:36.396140-05:00,0.8,1,1,5
2026-09-12,73,2026-09-12T07:20:33.180693-05:00,2026-09-12T08:39:32.024221-05:00,78.98,0,0,9
2026-09-12,75,2026-09-12T07:24:10.268605-05:00,2026-09-12T08:39:41.429983-05:00,75.52,0,0,2
2026-09-12,76,2026-09-12T07:26:22.608251-05:00,2026-09-12T08:42:30.467201-05:00,76.13,0,0,4
2026-09-12,77,2026-09-12T07:26:54.538143-05:00,2026-09-12T08:43:39.060490-05:00,76.74,0,0,1
2026-09-12,80,2026-09-12T07:28:42.119056-05:00,2026-09-12T08:43:53.052038-05:00,75.18,0,1,5
2026-09-12,81,2026-09-12T07:29:21.998752-05:00,2026-09-12T08:44:05.741447-05:00,74.73,0,1,10
2026-09-12,82,2026-09-12T07:31:47.448889-05:00,2026-09-12T08:44:47.607379-05:00,73.0,0,1,6
2026-09-12,83,2026-09-12T07:32:21.041369-05:00,2026-09-12T08:45:01.273024-05:00,72.67,0,0,3
2026-09-12,84,2026-09-12T07:34:05.441298-05:00,2026-09-12T08:47:00.462617-05:00,72.92,0,1,8
2026-09-12,85,2026-09-12T07:34:25.715526-05:00,2026-09-12T08:49:21.687385-05:00,74.93,0,1,7
2026-09-12,86,2026-09-12T07:35:12.337360-05:00,2026-09-12T08:51:18.164556-05:00,76.1,0,1,9
2026-09-12,87,2026-09-12T07:38:22.931129-05:00,2026-09-12T08:51:30.645379-05:00,73.13,0,0,5
2026-09-12,88,2026-09-12T07:45:15.017398-05:00,2026-09-12T08:53:49.939037-05:00,68.58,0,0,6
2026-09-12,90,2026-09-12T07:47:02.932158-05:00,2026-09-12T08:54:31.477812-05:00,67.48,0,0,8
2026-09-12,89,2026-09-12T07:47:11.675636-05:00,2026-09-12T08:55:04.838853-05:00,67.89,0,1,1
2026-09-12,91,2026-09-12T07:51:54.453438-05:00,2026-09-12T08:55:51.342893-05:00,63.95,0,1,4
2026-09-12,92,2026-09-12T07:53:58.045820-05:00,2026-09-12T08:57:48.401781-05:00,63.84,0,1,10
2026-09-12,93,2026-09-12T07:57:00.163217-05:00,2026-09-12T08:59:41.180434-05:00,62.68,0,0,2
2026-09-12,94,2026-09-12T07:59:21.112315-05:00,2026-09-12T09:01:31.475344-05:00,62.17,0,1,9
2026-09-12,95,2026-09-12T08:01:57.188396-05:00,2026-09-12T09:02:28.333197-05:00,60.52,0,0,5
2026-09-12,96,2026-09-12T08:03:24.448763-05:00,2026-09-12T09:03:14.674845-05:00,59.84,0,0,6
2026-09-12,97,2026-09-12T08:05:27.678714-05:00,2026-09-12T09:04:33.904968-05:00,59.1,0,0,1
2026-09-12,98,2026-09-12T08:07:15.761514-05:00,2026-09-12T09:04:35.497404-05:00,57.33,0,0,4
2026-09-12,99,2026-09-12T08:07:44.480539-05:00,2026-09-12T09:08:25.129369-05:00,60.68,0,0,9
2026-09-12,100,2026-09-12T08:12:36.694852-05:00,2026-09-12T09:09:13.458301-05:00,56.61,0,1,3
2026-09-12,101,2026-09-12T08:12:51.508635-05:00,2026-09-12T09:09:36.857717-05:00,56.76,0,0,2
2026-09-12,102,2026-09-12T08:13:14.664874-05:00,2026-09-12T09:09:45.997062-05:00,56.52,0,1,10
2026-09-12,103,2026-09-12T08:14:40.127202-05:00,2026-09-12T09:11:03.849349-05:00,56.4,0,0,5
2026-09-12,104,2026-09-12T08:16:45.775635-05:00,2026-09-12T09:13:54.190076-05:00,57.14,0,1,3
2026-09-12,105,2026-09-12T08:23:50.762222-05:00,2026-09-12T09:13:54.506090-05:00,50.06,0,1,8
2026-09-12,106,2026-09-12T08:29:05.877534-05:00,2026-09-12T09:15:32.844302-05:00,46.45,0,0,7
2026-09-12,107,2026-09-12T08:31:08.948325-05:00,2026-09-12T09:16:17.928636-05:00,45.15,0,1,1
2026-09-12,108,2026-09-12T08:33:57.572570-05:00,2026-09-12T09:17:58.876256-05:00,44.02,0,0,4
2026-09-12,109,2026-09-12T08:35:08.689893-05:00,2026-09-12T09:20:01.471058-05:00,44.88,0,0,5
2026-09-12,111,2026-09-12T08:39:03.116790-05:00,2026-09-12T09:22:30.056089-05:00,43.45,0,1,10
2026-09-12,112,2026-09-12T08:44:29.025195-05:00,2026-09-12T09:22:38.166067-05:00,38.15,0,1,6
2026-09-12,113,2026-09-12T08:44:34.502701-05:00,2026-09-12T09:23:57.650949-05:00,39.39,0,1,8
2026-09-12,115,2026-09-12T08:45:36.678868-05:00,2026-09-12T09:24:40.397942-05:00,39.06,0,1,9
2026-09-12,114,2026-09-12T08:45:39.548137-05:00,2026-09-12T09:25:09.611413-05:00,39.5,0,0,7
2026-09-12,116,2026-09-12T08:48:02.253762-05:00,2026-09-12T09:26:36.012292-05:00,38.56,0,1,3
2026-09-12,117,2026-09-12T08:51:45.221189-05:00,2026-09-12T09:26:52.239697-05:00,35.12,0,0,1
2026-09-12,118,2026-09-12T08:55:17.534987-05:00,2026-09-12T09:27:23.352570-05:00,32.1,0,1,4
2026-09-12,119,2026-09-12T08:58:18.199519-05:00,2026-09-12T09:30:56.909225-05:00,32.65,0,1,2
2026-09-12,120,2026-09-12T08:59:45.219286-05:00,2026-09-12T09:31:11.409336-05:00,31.44,0,1,9
2026-09-12,121,2026-09-12T09:01:37.095245-05:00,2026-09-12T09:31:54.238554-05:00,30.29,0,0,5
2026-09-12,122,2026-09-12T09:04:54.193667-05:00,2026-09-12T09:33:11.424819-05:00,28.29,0,0,8
2026-09-12,123,2026-09-12T09:06:51.978712-05:00,2026-09-12T09:36:01.845471-05:00,29.16,0,0,6
2026-09-12,124,2026-09-12T09:11:38.257550-05:00,2026-09-12T09:36:51.367831-05:00,25.22,0,1,1
2026-09-12,125,2026-09-12T09:11:53.372318-05:00,2026-09-12T09:38:20.650330-05:00,26.45,0,0,5
2026-09-12,126,2026-09-12T09:24:12.336402-05:00,2026-09-12T09:39:12.147467-05:00,15.0,0,0,3
2026-09-12,127,2026-09-12T09:25:33.526894-05:00,2026-09-12T09:40:27.256211-05:00,14.9,0,1,10
2026-09-12,128,2026-09-12T09:27:28.742157-05:00,2026-09-12T09:41:22.866245-05:00,13.9,0,1,8
2026-09-12,129,2026-09-12T09:32:54.072389-05:00,2026-09-12T09:42:39.039139-05:00,9.75,0,0,1
2026-09-12,132,2026-09-12T09:42:39.867904-05:00,2026-09-12T09:43:21.306605-05:00,0.69,1,1,9
2026-09-12,130,2026-09-12T09:33:53.990019-05:00,2026-09-12T09:45:24.544147-05:00,11.51,0,1,2
2026-09-12,131,2026-09-12T09:39:50.615934-05:00,2026-09-12T09:45:48.990943-05:00,5.97,0,0,6
2026-09-12,135,2026-09-12T09:47:55.856416-05:00,2026-09-12T09:50:51.026300-05:00,2.92,1,0,4
2026-09-12,133,2026-09-12T09:43:25.625449-05:00,2026-09-12T09:51:36.536508-05:00,8.18,0,0,3
2026-09-12,134,2026-09-12T09:43:56.949473-05:00,2026-09-12T09:52:53.194462-05:00,8.94,0,0,1
2026-09-12,138,2026-09-12T09:53:17.831417-05:00,2026-09-12T09:53:18.857481-05:00,0.02,1,1,7
2026-09-12,136,2026-09-12T09:48:54.989255-05:00,2026-09-12T09:54:00.624521-05:00,5.09,0,1,10
2026-09-12,137,2026-09-12T09:50:55.676152-05:00,2026-09-12T09:55:51.806010-05:00,4.94,0,0,9
2026-09-12,139,2026-09-12T09:53:15.604265-05:00,2026-09-12T09:56:31.513224-05:00,3.27,0,1,2
2026-09-12,140,2026-09-12T09:59:32.636382-05:00,2026-09-12T09:59:32.636382-05:00,0.0,0,0,3
2026-09-12,141,2026-09-12T10:02:58.142104-05:00,2026-09-12T10:02:58.142104-05:00,0.0,0,0,6
2026-09-12,142,2026-09-12T10:06:44.387404-05:00,2026-09-12T10:06:44.387404-05:00,0.0,0,0,8
2026-09-12,143,2026-09-12T10:11:20.429390-05:00,2026-09-12T10:11:20.429390-05:00,0.0,0,0,3
2026-09-12,144,2026-09-12T10:14:43.249247-05:00,2026-09-12T10:14:43.249247-05:00,0.0,0,1,1
2026-09-12,145,2026-09-12T10:18:51.320344-05:00,2026-09-12T10:18:51.320344-05:00,0.0,0,0,2
2026-09-12,146,2026-09-12T10:21:28.960182-05:00,2026-09-12T10:21:28.960182-05:00,0.0,0,0,4
2026-09-12,147,2026-09-12T10:23:41.428279-05:00,2026-09-12T10:23:41.428279-05:00,0.0,0,1,5
2026-09-12,148,2026-09-12T10:28:23.860151-05:00,2026-09-12T10:28:23.860151-05:00,0.0,0,1,3
2026-09-12,149,2026-09-12T10:30:07.890276-05:00,2026-09-12T10:30:07.890276-05:00,0.0,0,1,6
2026-09-12,150,2026-09-12T10:35:42.057358-05:00,2026-09-12T10:35:42.057358-05:00,0.0,0,0,1
2026-09-12,151,2026-09-12T10:43:01.814062-05:00,2026-09-12T10:43:01.814062-05:00,0.0,0,0,2
2026-09-12,152,2026-09-12T10:45:30.517703-05:00,2026-09-12T10:45:30.517703-05:00,0.0,0,1,3
2026-09-12,153,2026-09-12T10:49:29.379712-05:00,2026-09-12T10:49:29.379712-05:00,0.0,0,0,4
2026-09-12,154,2026-09-12T10:52:12.936611-05:00,2026-09-12T10:52:12.936611-05:00,0.0,1,1,1
2026-09-12,155,2026-09-12T10:56:17.212924-05:00,2026-09-12T10:56:17.212924-05:00,0.0,0,0,3
2026-09-12,156,2026-09-12T10:57:19.678295-05:00,2026-09-12T10:57:19.678295-05:00,0.0,0,0,2
2026-09-12,157,2026-09-12T11:00:15.584839-05:00,2026-09-12T11:00:15.584839-05:00,0.0,0,0,5
2026-09-12,158,2026-09-12T11:07:49.085038-05:00,2026-09-12T11:07:49.085038-05:00,0.0,0,1,1
2026-09-12,159,2026-09-12T11:09:05.065030-05:00,2026-09-12T11:09:05.065030-05:00,0.0,0,1,3
2026-09-12,160,2026-09-12T11:13:00.655981-05:00,2026-09-12T11:13:00.655981-05:00,0.0,1,0,2
2026-09-12,161,2026-09-12T11:13:54.080777-05:00,2026-09-12T11:13:54.080777-05:00,0.0,0,0,4
2026-09-12,163,2026-09-12T11:14:01.596262-05:00,2026-09-12T11:14:01.596262-05:00,0.0,0,0,5
2026-09-12,162,2026-09-12T11:14:06.332669-05:00,2026-09-12T11:14:06.332669-05:00,0.0,1,1,6
2026-09-12,164,2026-09-12T11:16:58.465129-05:00,2026-09-12T11:16:58.465129-05:00,0.0,0,1,7
2026-09-12,165,2026-09-12T11:22:20.406684-05:00,2026-09-12T11:22:20.406684-05:00,0.0,0,0,1
2026-09-12,166,2026-09-12T11:39:48.095031-05:00,2026-09-12T11:39:48.095031-05:00,0.0,0,0,1
2026-09-12,167,2026-09-12T11:45:30.046161-05:00,2026-09-12T11:45:30.046161-05:00,0.0,0,0,2
2026-09-12,168,2026-09-12T11:51:54.438008-05:00,2026-09-12T11:51:54.438008-05:00,0.0,0,1,3
2026-09-12,169,2026-09-12T12:05:07.349894-05:00,2026-09-12T12:05:07.349894-05:00,0.0,0,1,1
2026-09-12,170,2026-09-12T12:10:20.047690-05:00,2026-09-12T12:10:20.047690-05:00,0.0,0,0,2
2026-09-12,171,2026-09-12T12:11:26.697650-05:00,2026-09-12T12:11:26.697650-05:00,0.0,0,0,3
2026-09-12,172,2026-09-12T12:12:29.783720-05:00,2026-09-12T12:12:29.783720-05:00,0.0,0,1,4
2026-09-12,173,2026-09-12T12:13:13.539348-05:00,2026-09-12T12:13:13.539348-05:00,0.0,0,0,5
2026-09-12,174,2026-09-12T12:24:45.047630-05:00,2026-09-12T12:24:45.047630-05:00,0.0,0,1,1
2026-09-14,1,2026-09-14T06:25:20.088043-05:00,2026-09-14T07:06:00-05:00,40.67,1,1,1
2026-09-14,14,2026-09-14T06:40:45.959127-05:00,2026-09-14T07:06:00-05:00,25.23,1,0,2
2026-09-14,23,2026-09-14T06:44:54.808182-05:00,2026-09-14T07:06:00-05:00,21.09,1,0,3
2026-09-14,34,2026-09-14T06:54:08.502398-05:00,2026-09-14T07:06:00-05:00,11.86,1,0,4
2026-09-14,42,2026-09-14T07:03:53.589397-05:00,2026-09-14T07:06:00-05:00,2.11,1,0,5
2026-09-14,0,2026-09-14T06:14:37.226593-05:00,2026-09-14T07:06:00-05:00,51.38,0,0,6
2026-09-14,2,2026-09-14T06:25:51.220611-05:00,2026-09-14T07:06:00-05:00,40.15,0,0,7
2026-09-14,5,2026-09-14T06:27:34.644339-05:00,2026-09-14T07:06:00-05:00,38.42,0,1,8
2026-09-14,4,2026-09-14T06:27:53.176643-05:00,2026-09-14T07:06:00-05:00,38.11,0,0,9
2026-09-14,3,2026-09-14T06:27:59.459871-05:00,2026-09-14T07:06:00-05:00,38.01,0,1,10
2026-09-14,46,2026-09-14T07:08:19.351770-05:00,2026-09-14T07:12:42.714755-05:00,4.39,1,1,2
2026-09-14,6,2026-09-14T06:28:44.417944-05:00,2026-09-14T07:12:57.127446-05:00,44.21,0,1,10
2026-09-14,7,2026-09-14T06:29:06.780513-05:00,2026-09-14T07:15:17.853443-05:00,46.18,0,0,3
2026-09-14,9,2026-09-14T06:32:36.703814-05:00,2026-09-14T07:17:02.237036-05:00,44.43,0,0,7
2026-09-14,58,2026-09-14T07:18:26.573419-05:00,2026-09-14T07:19:50.359447-05:00,1.4,1,1,8
2026-09-14,8,2026-09-14T06:32:36.994802-05:00,2026-09-14T07:21:27.815400-05:00,48.85,0,0,6
2026-09-14,10,2026-09-14T06:36:20.900148-05:00,2026-09-14T07:22:48.022377-05:00,46.45,0,0,4
2026-09-14,11,2026-09-14T06:36:30.265326-05:00,2026-09-14T07:23:14.433801-05:00,46.74,0,0,1
2026-09-14,66,2026-09-14T07:23:42.653689-05:00,2026-09-14T07:24:32.735612-05:00,0.83,1,1,10
2026-09-14,12,2026-09-14T06:38:06.230763-05:00,2026-09-14T07:24:46.371153-05:00,46.67,0,1,2
2026-09-14,67,2026-09-14T07:24:46.780071-05:00,2026-09-14T07:26:23.842595-05:00,1.62,1,0,7
2026-09-14,70,2026-09-14T07:26:53.926217-05:00,2026-09-14T07:27:28.132253-05:00,0.57,1,0,8
2026-09-14,13,2026-09-14T06:40:22.981001-05:00,2026-09-14T07:30:01.953652-05:00,49.65,0,0,4
2026-09-14,15,2026-09-14T06:41:26.723087-05:00,2026-09-14T07:31:07.405561-05:00,49.68,0,1,5
2026-09-14,16,2026-09-14T06:41:32.964041-05:00,2026-09-14T07:32:25.727382-05:00,50.88,0,0,6
2026-09-14,17,2026-09-14T06:41:52.814655-05:00,2026-09-14T07:35:40.818828-05:00,53.8,0,0,8
2026-09-14,18,2026-09-14T06:42:02.512667-05:00,2026-09-14T07:37:02.867309-05:00,55.01,0,1,2
2026-09-14,19,2026-09-14T06:42:44.012692-05:00,2026-09-14T07:37:18.240773-05:00,54.57,0,0,10
2026-09-14,22,2026-09-14T06:43:37.437893-05:00,2026-09-14T07:37:30.267824-05:00,53.88,0,0,9
2026-09-14,20,2026-09-14T06:43:44.006777-05:00,2026-09-14T07:39:27.181106-05:00,55.72,0,1,6
2026-09-14,21,2026-09-14T06:43:50.857991-05:00,2026-09-14T07:39:35.200072-05:00,55.74,0,0,7
2026-09-14,24,2026-09-14T06:44:36.476727-05:00,2026-09-14T07:40:31.034560-05:00,55.91,0,1,3
2026-09-14,25,2026-09-14T06:48:01.638334-05:00,2026-09-14T07:42:15.854023-05:00,54.24,0,0,1
2026-09-14,26,2026-09-14T06:49:03.524329-05:00,2026-09-14T07:47:32.370162-05:00,58.48,0,0,4
2026-09-14,27,2026-09-14T06:52:12.988143-05:00,2026-09-14T07:48:24.110854-05:00,56.19,0,0,6
2026-09-14,28,2026-09-14T06:52:58.821851-05:00,2026-09-14T07:48:55.572711-05:00,55.95,0,0,9
2026-09-14,29,2026-09-14T06:53:19.403972-05:00,2026-09-14T07:49:03.333680-05:00,55.73,0,0,5
2026-09-14,32,2026-09-14T06:53:33.339367-05:00,2026-09-14T07:51:23.430528-05:00,57.83,0,1,7
2026-09-14,31,2026-09-14T06:53:35.726273-05:00,2026-09-14T07:51:29.049643-05:00,57.89,0,1,10
2026-09-14,30,2026-09-14T06:53:44.518933-05:00,2026-09-14T07:51:35.619148-05:00,57.85,0,0,2
2026-09-14,33,2026-09-14T06:54:24.368499-05:00,2026-09-14T07:51:48.879791-05:00,57.41,0,1,3
2026-09-14,94,2026-09-14T07:54:02.171956-05:00,2026-09-14T07:57:10.004713-05:00,3.13,1,0,8
2026-09-14,35,2026-09-14T06:55:48.667138-05:00,2026-09-14T07:57:51.311939-05:00,62.04,0,0,1
2026-09-14,36,2026-09-14T06:55:51.627578-05:00,2026-09-14T07:58:34.706353-05:00,62.72,0,0,2
2026-09-14,38,2026-09-14T06:57:52.807788-05:00,2026-09-14T08:00:47.637683-05:00,62.91,0,1,9
2026-09-14,37,2026-09-14T06:57:58.709070-05:00,2026-09-14T08:01:09.621222-05:00,63.18,0,0,6
2026-09-14,39,2026-09-14T06:59:05.718248-05:00,2026-09-14T08:01:37.881766-05:00,62.54,0,0,5
2026-09-14,40,2026-09-14T07:01:51.125340-05:00,2026-09-14T08:02:33.292917-05:00,60.7,0,0,3
2026-09-14,41,2026-09-14T07:03:14.264069-05:00,2026-09-14T08:02:52.427731-05:00,59.64,0,0,7
2026-09-14,43,2026-09-14T07:04:01.262430-05:00,2026-09-14T08:05:57.748307-05:00,61.94,0,1,2
2026-09-14,44,2026-09-14T07:04:29.051694-05:00,2026-09-14T08:06:25.511232-05:00,61.94,0,1,1
2026-09-14,45,2026-09-14T07:07:02.371599-05:00,2026-09-14T08:06:49.472221-05:00,59.79,0,1,4
2026-09-14,47,2026-09-14T07:08:55.525187-05:00,2026-09-14T08:07:53.852645-05:00,58.97,0,1,8
2026-09-14,48,2026-09-14T07:10:09.995630-05:00,2026-09-14T08:09:17.366314-05:00,59.12,0,0,5
2026-09-14,49,2026-09-14T07:10:53.811919-05:00,2026-09-14T08:12:55.714214-05:00,62.03,0,0,6
2026-09-14,50,2026-09-14T07:12:07.878600-05:00,2026-09-14T08:13:09.771422-05:00,61.03,0,0,1
2026-09-14,51,2026-09-14T07:12:09.010260-05:00,2026-09-14T08:13:14.994875-05:00,61.1,0,0,9
2026-09-14,52,2026-09-14T07:12:11.059147-05:00,2026-09-14T08:13:15.711976-05:00,61.08,0,0,10
2026-09-14,54,2026-09-14T07:12:32.524885-05:00,2026-09-14T08:13:56.377183-05:00,61.4,0,0,4
2026-09-14,53,2026-09-14T07:12:58.468781-05:00,2026-09-14T08:16:22.109734-05:00,63.39,0,0,3
2026-09-14,55,2026-09-14T07:14:47.526071-05:00,2026-09-14T08:18:56.792577-05:00,64.15,0,1,7
2026-09-14,56,2026-09-14T07:16:21.127652-05:00,2026-09-14T08:19:13.509172-05:00,62.87,0,0,8
2026-09-14,57,2026-09-14T07:17:51.718333-05:00,2026-09-14T08:20:26.611166-05:00,62.58,0,0,10
2026-09-14,59,2026-09-14T07:18:13.314071-05:00,2026-09-14T08:21:23.933668-05:00,63.18,0,0,5
2026-09-14,60,2026-09-14T07:18:52.209523-05:00,2026-09-14T08:23:46.324748-05:00,64.9,0,1,2
2026-09-14,61,2026-09-14T07:19:12.554201-05:00,2026-09-14T08:24:23.593057-05:00,65.18,0,0,3
2026-09-14,62,2026-09-14T07:19:35.401371-05:00,2026-09-14T08:26:20.318019-05:00,66.75,0,0,6
2026-09-14,63,2026-09-14T07:22:01.663715-05:00,2026-09-14T08:27:05.159222-05:00,65.06,0,0,1
2026-09-14,64,2026-09-14T07:22:19.732146-05:00,2026-09-14T08:27:33.214491-05:00,65.22,0,0,10
2026-09-14,65,2026-09-14T07:22:42.259930-05:00,2026-09-14T08:27:37.630845-05:00,64.92,0,0,4
2026-09-14,68,2026-09-14T07:25:15.531786-05:00,2026-09-14T08:27:46.266919-05:00,62.51,0,0,9
2026-09-14,69,2026-09-14T07:26:56.891398-05:00,2026-09-14T08:27:48.661903-05:00,60.86,0,0,7
2026-09-14,71,2026-09-14T07:26:58.942079-05:00,2026-09-14T08:28:36.958895-05:00,61.63,0,0,5
2026-09-14,72,2026-09-14T07:29:02.371804-05:00,2026-09-14T08:31:37.828832-05:00,62.59,0,1,2
2026-09-14,73,2026-09-14T07:30:47.935105-05:00,2026-09-14T08:34:18.259154-05:00,63.51,0,0,7
2026-09-14,74,2026-09-14T07:33:10.109419-05:00,2026-09-14T08:34:50.329563-05:00,61.67,0,1,1
2026-09-14,75,2026-09-14T07:33:49.331811-05:00,2026-09-14T08:36:19.169674-05:00,62.5,0,0,3
2026-09-14,76,2026-09-14T07:35:52.426820-05:00,2026-09-14T08:37:15.107813-05:00,61.38,0,0,9
2026-09-14,77,2026-09-14T07:37:16.272293-05:00,2026-09-14T08:39:09.022662-05:00,61.88,0,0,10
2026-09-14,78,2026-09-14T07:38:08.287093-05:00,2026-09-14T08:39:37.287958-05:00,61.48,0,0,8
2026-09-14,104,2026-09-14T08:40:35.962952-05:00,2026-09-14T08:40:44.912455-05:00,0.15,1,0,4
2026-09-14,79,2026-09-14T07:39:09.481206-05:00,2026-09-14T08:41:56.986733-05:00,62.79,0,1,6
2026-09-14,80,2026-09-14T07:40:19.564699-05:00,2026-09-14T08:43:22.274405-05:00,63.05,0,0,7
2026-09-14,81,2026-09-14T07:40:58.219728-05:00,2026-09-14T08:44:18.861928-05:00,63.34,0,0,10
2026-09-14,82,2026-09-14T07:41:56.873949-05:00,2026-09-14T08:44:50.534482-05:00,62.89,0,0,9
2026-09-14,83,2026-09-14T07:46:16.596457-05:00,2026-09-14T08:46:22.391178-05:00,60.1,0,0,5
2026-09-14,85,2026-09-14T07:47:05.179510-05:00,2026-09-14T08:48:22.255296-05:00,61.28,0,0,2
2026-09-14,84,2026-09-14T07:47:09.757142-05:00,2026-09-14T08:48:24.345811-05:00,61.24,0,0,8
2026-09-14,86,2026-09-14T07:48:12.540417-05:00,2026-09-14T08:48:45.606731-05:00,60.55,0,0,4
2026-09-14,87,2026-09-14T07:50:48.218861-05:00,2026-09-14T08:52:05.959635-05:00,61.3,0,1,3
2026-09-14,89,2026-09-14T07:51:43.364427-05:00,2026-09-14T08:52:56.091968-05:00,61.21,0,0,7
2026-09-14,88,2026-09-14T07:51:46.269093-05:00,2026-09-14T08:55:01.402756-05:00,63.25,0,0,8
2026-09-14,91,2026-09-14T07:52:12.454180-05:00,2026-09-14T08:55:52.387662-05:00,63.67,0,0,5
2026-09-14,90,2026-09-14T07:52:23.083149-05:00,2026-09-14T08:56:26.915533-05:00,64.06,0,1,9
2026-09-14,92,2026-09-14T07:52:48.338527-05:00,2026-09-14T08:56:30.984468-05:00,63.71,0,1,1
2026-09-14,93,2026-09-14T07:53:38.956250-05:00,2026-09-14T08:56:42.626428-05:00,63.06,0,0,6
2026-09-14,95,2026-09-14T07:55:58.382169-05:00,2026-09-14T08:57:18.639219-05:00,61.34,0,0,4
2026-09-14,96,2026-09-14T07:59:21.855821-05:00,2026-09-14T08:57:57.189366-05:00,58.59,0,0,10
2026-09-14,97,2026-09-14T08:03:40.610409-05:00,2026-09-14T08:58:25.968312-05:00,54.76,0,0,2
2026-09-14,98,2026-09-14T08:08:04.844321-05:00,2026-09-14T09:02:02.471795-05:00,53.96,0,0,3
2026-09-14,99,2026-09-14T08:13:58.349569-05:00,2026-09-14T09:02:19.405638-05:00,48.35,0,0,10
2026-09-14,100,2026-09-14T08:25:36.813116-05:00,2026-09-14T09:04:34.054372-05:00,38.95,0,1,9
2026-09-14,101,2026-09-14T08:26:52.510926-05:00,2026-09-14T09:04:41.691628-05:00,37.82,0,1,6
2026-09-14,102,2026-09-14T08:28:47.801278-05:00,2026-09-14T09:06:31.218978-05:00,37.72,0,0,5
2026-09-14,103,2026-09-14T08:40:18.718974-05:00,2026-09-14T09:07:52.347381-05:00,27.56,0,0,4
2026-09-14,105,2026-09-14T08:41:40.896929-05:00,2026-09-14T09:09:03.246043-05:00,27.37,0,0,1
2026-09-14,106,2026-09-14T08:46:32.568502-05:00,2026-09-14T09:09:05.412245-05:00,22.55,0,0,7
2026-09-14,107,2026-09-14T08:48:39.726296-05:00,2026-09-14T09:11:06.882113-05:00,22.45,0,0,3
2026-09-14,108,2026-09-14T08:52:01.601156-05:00,2026-09-14T09:13:53.523472-05:00,21.87,0,0,2
2026-09-14,109,2026-09-14T08:54:54.386885-05:00,2026-09-14T09:14:19.329700-05:00,19.42,0,0,10
2026-09-14,110,2026-09-14T08:57:15.667724-05:00,2026-09-14T09:17:12.789212-05:00,19.95,0,0,5
2026-09-14,111,2026-09-14T08:58:09.528608-05:00,2026-09-14T09:17:42.566380-05:00,19.55,0,0,8
2026-09-14,112,2026-09-14T09:04:23.466052-05:00,2026-09-14T09:17:51.889375-05:00,13.47,0,1,6
2026-09-14,113,2026-09-14T09:06:51.454765-05:00,2026-09-14T09:18:19.685646-05:00,11.47,0,0,1
2026-09-14,114,2026-09-14T09:07:34.855498-05:00,2026-09-14T09:19:22.301644-05:00,11.79,0,0,7
2026-09-14,115,2026-09-14T09:10:26.897623-05:00,2026-09-14T09:21:15.942528-05:00,10.82,0,1,9
2026-09-14,116,2026-09-14T09:12:23.669789-05:00,2026-09-14T09:25:08.475556-05:00,12.75,0,0,7
2026-09-14,117,2026-09-14T09:13:28.702965-05:00,2026-09-14T09:25:12.401920-05:00,11.73,0,0,3
2026-09-14,118,2026-09-14T09:20:17.143177-05:00,2026-09-14T09:25:18.677737-05:00,5.03,0,1,2
2026-09-14,119,2026-09-14T09:21:00.361867-05:00,2026-09-14T09:25:53.044159-05:00,4.88,0,0,10
2026-09-14,120,2026-09-14T09:31:15.036355-05:00,2026-09-14T09:31:15.036355-05:00,0.0,0,0,1
2026-09-14,121,2026-09-14T09:33:49.806195-05:00,2026-09-14T09:33:49.806195-05:00,0.0,0,0,3
2026-09-14,122,2026-09-14T09:38:43.314855-05:00,2026-09-14T09:38:43.314855-05:00,0.0,0,0,2
2026-09-14,123,2026-09-14T09:45:40.488629-05:00,2026-09-14T09:45:40.488629-05:00,0.0,0,1,1
2026-09-14,124,2026-09-14T09:48:55.627908-05:00,2026-09-14T09:48:55.627908-05:00,0.0,1,0,3
2026-09-14,125,2026-09-14T09:50:54.455057-05:00,2026-09-14T09:50:54.455057-05:00,0.0,0,0,2
2026-09-14,126,2026-09-14T10:03:54.337843-05:00,2026-09-14T10:03:54.337843-05:00,0.0,0,1,1
2026-09-14,127,2026-09-14T10:05:10.700384-05:00,2026-09-14T10:05:10.700384-05:00,0.0,0,1,2
2026-09-14,128,2026-09-14T10:19:10.660905-05:00,2026-09-14T10:19:10.660905-05:00,0.0,0,0,1
2026-09-14,129,2026-09-14T10:19:12.433476-05:00,2026-09-14T10:19:12.433476-05:00,0.0,0,0,2
2026-09-14,130,2026-09-14T10:19:40.065096-05:00,2026-09-14T10:19:40.065096-05:00,0.0,0,0,3
2026-09-14,131,2026-09-14T10:20:24.071744-05:00,2026-09-14T10:20:24.071744-05:00,0.0,0,0,4
2026-09-14,132,2026-09-14T10:21:48.148783-05:00,2026-09-14T10:21:48.148783-05:00,0.0,0,1,5
2026-09-14,133,2026-09-14T10:23:43.339462-05:00,2026-09-14T10:23:43.339462-05:00,0.0,0,1,6
2026-09-14,134,2026-09-14T10:32:09.373314-05:00,2026-09-14T10:32:09.373314-05:00,0.0,0,0,4
2026-09-14,135,2026-09-14T10:35:58.545889-05:00,2026-09-14T10:35:58.545889-05:00,0.0,1,0,1
2026-09-14,136,2026-09-14T10:40:13.410588-05:00,2026-09-14T10:40:13.410588-05:00,0.0,1,1,2
2026-09-14,137,2026-09-14T10:41:51.218305-05:00,2026-09-14T10:41:51.218305-05:00,0.0,0,0,3
2026-09-14,138,2026-09-14T10:46:02.581681-05:00,2026-09-14T10:46:02.581681-05:00,0.0,0,1,5
2026-09-14,139,2026-09-14T10:55:58.513459-05:00,2026-09-14T10:55:58.513459-05:00,0.0,0,0,1
2026-09-14,140,2026-09-14T10:56:27.191057-05:00,2026-09-14T10:56:27.191057-05:00,0.0,0,0,2
2026-09-14,141,2026-09-14T11:03:19.462095-05:00,2026-09-14T11:03:19.462095-05:00,0.0,0,1,3
2026-09-14,142,2026-09-14T11:05:28.211005-05:00,2026-09-14T11:05:28.211005-05:00,0.0,1,0,1
2026-09-14,143,2026-09-14T11:06:14.952577-05:00,2026-09-14T11:06:14.952577-05:00,0.0,0,0,2
2026-09-14,144,2026-09-14T11:17:03.936389-05:00,2026-09-14T11:17:03.936389-05:00,0.0,0,1,3
2026-09-14,145,2026-09-14T11:19:10.110147-05:00,2026-09-14T11:19:10.110147-05:00,0.0,0,0,4
2026-09-14,146,2026-09-14T11:19:26.740839-05:00,2026-09-14T11:19:26.740839-05:00,0.0,0,0,5
2026-09-14,147,2026-09-14T11:19:56.105073-05:00,2026-09-14T11:19:56.105073-05:00,0.0,0,1,6
2026-09-14,148,2026-09-14T11:26:30.689609-05:00,2026-09-14T11:26:30.689609-05:00,0.0,0,0,1
2026-09-14,149,2026-09-14T11:30:29.860382-05:00,2026-09-14T11:30:29.860382-05:00,0.0,0,0,2
2026-09-14,150,2026-09-14T11:39:57.678759-05:00,2026-09-14T11:39:57.678759-05:00,0.0,0,0,1
2026-09-14,151,2026-09-14T11:50:10.655532-05:00,2026-09-14T11:50:10.655532-05:00,0.0,0,0,2
2026-09-14,152,2026-09-14T12:21:25.237372-05:00,2026-09-14T12:21:25.237372-05:00,0.0,0,1,1
2026-09-15,2,2026-09-15T06:18:55.819504-05:00,2026-09-15T07:06:00-05:00,47.07,1,0,1
2026-09-15,12,2026-09-15T06:33:42.238788-05:00,2026-09-15T07:06:00-05:00,32.3,1,1,2
2026-09-15,30,2026-09-15T06:56:00.114359-05:00,2026-09-15T07:06:00-05:00,10.0,1,0,3
2026-09-15,0,2026-09-15T06:14:53.194445-05:00,2026-09-15T07:06:00-05:00,51.11,0,1,4
2026-09-15,1,2026-09-15T06:15:49.569828-05:00,2026-09-15T07:06:00-05:00,50.17,0,0,5
2026-09-15,3,2026-09-15T06:19:54.698069-05:00,2026-09-15T07:06:00-05:00,46.09,0,0,6
2026-09-15,4,2026-09-15T06:21:57.376153-05:00,2026-09-15T07:06:00-05:00,44.04,0,1,7
2026-09-15,5,2026-09-15T06:22:16.563750-05:00,2026-09-15T07:06:00-05:00,43.72,0,0,8
2026-09-15,6,2026-09-15T06:23:28.213889-05:00,2026-09-15T07:06:00-05:00,42.53,0,0,9
2026-09-15,7,2026-09-15T06:25:13.687393-05:00,2026-09-15T07:06:00-05:00,40.77,0,0,10
2026-09-15,43,2026-09-15T07:09:54.949155-05:00,2026-09-15T07:14:30.856995-05:00,4.6,1,0,8
2026-09-15,53,2026-09-15T07:14:04.292170-05:00,2026-09-15T07:15:40.275773-05:00,1.6,1,0,9
2026-09-15,55,2026-09-15T07:14:37.762757-05:00,2026-09-15T07:15:45.242090-05:00,1.12,1,1,10
2026-09-15,8,2026-09-15T06:28:40.465716-05:00,2026-09-15T07:16:12.517917-05:00,47.53,0,0,4
2026-09-15,9,2026-09-15T06:31:51.932751-05:00,2026-09-15T07:18:13.391210-05:00,46.36,0,0,6
2026-09-15,10,2026-09-15T06:32:22.776307-05:00,2026-09-15T07:19:11.274493-05:00,46.81,0,0,3
2026-09-15,11,2026-09-15T06:32:52.676259-05:00,2026-09-15T07:19:13.981955-05:00,46.36,0,0,7
2026-09-15,13,2026-09-15T06:37:33.081458-05:00,2026-09-15T07:21:26.155605-05:00,43.88,0,0,1
2026-09-15,14,2026-09-15T06:40:37.677355-05:00,2026-09-15T07:26:06.313429-05:00,45.48,0,0,2
2026-09-15,15,2026-09-15T06:41:03.963377-05:00,2026-09-15T07:26:28.965088-05:00,45.42,0,1,8
2026-09-15,16,2026-09-15T06:42:02.259824-05:00,2026-09-15T07:27:16.018270-05:00,45.23,0,0,3
2026-09-15,17,2026-09-15T06:42:11.253676-05:00,2026-09-15T07:27:25.929425-05:00,45.24,0,0,10
2026-09-15,72,2026-09-15T07:28:52.970419-05:00,2026-09-15T07:29:20.911050-05:00,0.47,1,1,9
2026-09-15,18,2026-09-15T06:43:09.310964-05:00,2026-09-15T07:30:14.071185-05:00,47.08,0,0,5
2026-09-15,73,2026-09-15T07:30:17.478641-05:00,2026-09-15T07:31:29.956178-05:00,1.21,1,1,4
2026-09-15,19,2026-09-15T06:43:11.208370-05:00,2026-09-15T07:34:39.203201-05:00,51.47,0,0,7
2026-09-15,20,2026-09-15T06:46:22.332476-05:00,2026-09-15T07:34:47.512501-05:00,48.42,0,0,8
2026-09-15,21,2026-09-15T06:48:20.956914-05:00,2026-09-15T07:37:45.101506-05:00,49.4,0,1,1
2026-09-15,22,2026-09-15T06:49:03.442290-05:00,2026-09-15T07:38:04.086281-05:00,49.01,0,0,6
2026-09-15,23,2026-09-15T06:49:16.626108-05:00,2026-09-15T07:38:33.508808-05:00,49.28,0,0,3
2026-09-15,25,2026-09-15T06:52:16.430018-05:00,2026-09-15T07:42:42.093686-05:00,50.43,0,0,2
2026-09-15,24,2026-09-15T06:52:26.243855-05:00,2026-09-15T07:44:12.337364-05:00,51.77,0,0,9
2026-09-15,26,2026-09-15T06:53:57.745510-05:00,2026-09-15T07:45:14.592270-05:00,51.28,0,1,8
2026-09-15,84,2026-09-15T07:45:48.465450-05:00,2026-09-15T07:46:28.474869-05:00,0.67,1,0,4
2026-09-15,27,2026-09-15T06:54:08.912779-05:00,2026-09-15T07:46:36.041405-05:00,52.45,0,0,5
2026-09-15,28,2026-09-15T06:54:58.435637-05:00,2026-09-15T07:47:14.945114-05:00,52.28,0,0,7
2026-09-15,29,2026-09-15T06:55:47.659168-05:00,2026-09-15T07:47:31.261465-05:00,51.73,0,0,10
2026-09-15,31,2026-09-15T06:58:48.515489-05:00,2026-09-15T07:49:20.836373-05:00,50.54,0,0,1
2026-09-15,32,2026-09-15T06:59:45.006202-05:00,2026-09-15T07:50:44.154290-05:00,50.99,0,1,2
2026-09-15,33,2026-09-15T07:00:41.485868-05:00,2026-09-15T07:50:54.596660-05:00,50.22,0,0,6
2026-09-15,34,2026-09-15T07:01:52.153757-05:00,2026-09-15T07:53:08.133512-05:00,51.27,0,0,4
2026-09-15,35,2026-09-15T07:04:11.695728-05:00,2026-09-15T07:53:10.638374-05:00,48.98,0,0,10
2026-09-15,36,2026-09-15T07:06:04.129546-05:00,2026-09-15T07:53:33.290372-05:00,47.49,0,0,7
2026-09-15,37,2026-09-15T07:06:36.157210-05:00,2026-09-15T07:55:07.446462-05:00,48.52,0,0,5
2026-09-15,94,2026-09-15T07:56:45.863694-05:00,2026-09-15T07:56:48.323895-05:00,0.04,1,0,6
2026-09-15,38,2026-09-15T07:08:02.484987-05:00,2026-09-15T07:57:46.905540-05:00,49.74,0,0,1
2026-09-15,39,2026-09-15T07:08:44.171674-05:00,2026-09-15T07:58:41.617600-05:00,49.96,0,0,8
2026-09-15,40,2026-09-15T07:09:08.142579-05:00,2026-09-15T07:58:59.317361-05:00,49.85,0,0,10
2026-09-15,42,2026-09-15T07:09:15.748413-05:00,2026-09-15T08:00:56.502169-05:00,51.68,0,1,9
2026-09-15,41,2026-09-15T07:09:28.980853-05:00,2026-09-15T08:01:06.268394-05:00,51.62,0,0,3
2026-09-15,44,2026-09-15T07:10:17.127309-05:00,2026-09-15T08:04:36.552925-05:00,54.32,0,1,2
2026-09-15,45,2026-09-15T07:10:26.457158-05:00,2026-09-15T08:07:21.676391-05:00,56.92,0,0,7
2026-09-15,46,2026-09-15T07:10:29.612133-05:00,2026-09-15T08:10:42.894211-05:00,60.22,0,0,5
2026-09-15,47,2026-09-15T07:10:49.139417-05:00,2026-09-15T08:13:43.290239-05:00,62.9,0,0,1
2026-09-15,49,2026-09-15T07:11:51.094640-05:00,2026-09-15T08:14:14.552738-05:00,62.39,0,1,9
2026-09-15,48,2026-09-15T07:11:55.798181-05:00,2026-09-15T08:15:57.670516-05:00,64.03,0,0,6
2026-09-15,52,2026-09-15T07:13:05.197152-05:00,2026-09-15T08:18:06.566303-05:00,65.02,0,0,10
2026-09-15,50,2026-09-15T07:13:10.102304-05:00,2026-09-15T08:18:11.055364-05:00,65.02,0,0,2
2026-09-15,51,2026-09-15T07:13:24.997227-05:00,2026-09-15T08:19:58.870781-05:00,66.56,0,1,8
2026-09-15,54,2026-09-15T07:14:24.207559-05:00,2026-09-15T08:20:28.664953-05:00,66.07,0,0,5
2026-09-15,59,2026-09-15T07:14:44.976466-05:00,2026-09-15T08:20:57.410469-05:00,66.21,0,1,3
2026-09-15,57,2026-09-15T07:14:46.533243-05:00,2026-09-15T08:26:49.190328-05:00,72.04,0,1,6
2026-09-15,56,2026-09-15T07:14:50.310510-05:00,2026-09-15T08:29:05.170666-05:00,74.25,0,1,5
2026-09-15,58,2026-09-15T07:14:50.917156-05:00,2026-09-15T08:29:22.409179-05:00,74.52,0,0,10
2026-09-15,60,2026-09-15T07:15:48.381481-05:00,2026-09-15T08:29:58.309613-05:00,74.17,0,0,9
2026-09-15,61,2026-09-15T07:18:37.690361-05:00,2026-09-15T08:30:15.120589-05:00,71.62,0,1,7
2026-09-15,62,2026-09-15T07:18:50.322839-05:00,2026-09-15T08:31:56.496569-05:00,73.1,0,1,3
2026-09-15,63,2026-09-15T07:19:10.027670-05:00,2026-09-15T08:33:46.345413-05:00,74.61,0,0,1
2026-09-15,64,2026-09-15T07:19:52.731749-05:00,2026-09-15T08:33:47.671107-05:00,73.92,0,0,2
2026-09-15,65,2026-09-15T07:21:54.870672-05:00,2026-09-15T08:36:14.258471-05:00,74.32,0,0,4
2026-09-15,105,2026-09-15T08:36:56.105819-05:00,2026-09-15T08:37:51.005069-05:00,0.91,1,0,7
2026-09-15,66,2026-09-15T07:22:39.254613-05:00,2026-09-15T08:38:04.161614-05:00,75.42,0,0,8
2026-09-15,67,2026-09-15T07:24:24.119932-05:00,2026-09-15T08:38:17.287597-05:00,73.89,0,1,6
2026-09-15,68,2026-09-15T07:25:00.053415-05:00,2026-09-15T08:40:48.478747-05:00,75.81,0,0,10
2026-09-15,69,2026-09-15T07:26:35.820130-05:00,2026-09-15T08:41:20.115185-05:00,74.74,0,1,3
2026-09-15,70,2026-09-15T07:26:44.051860-05:00,2026-09-15T08:42:42.319191-05:00,75.97,0,0,1
2026-09-15,71,2026-09-15T07:27:08.585140-05:00,2026-09-15T08:42:44.726650-05:00,75.6,0,1,9
2026-09-15,74,2026-09-15T07:32:24.488424-05:00,2026-09-15T08:43:57.747250-05:00,71.55,0,0,5
2026-09-15,75,2026-09-15T07:32:34.007366-05:00,2026-09-15T08:45:21.645541-05:00,72.79,0,1,6
2026-09-15,76,2026-09-15T07:33:49.926592-05:00,2026-09-15T08:46:33.418313-05:00,72.72,0,1,4
2026-09-15,77,2026-09-15T07:34:16.932514-05:00,2026-09-15T08:47:50.012756-05:00,73.55,0,0,2
2026-09-15,78,2026-09-15T07:37:32.378895-05:00,2026-09-15T08:48:30.111422-05:00,70.96,0,1,10
2026-09-15,79,2026-09-15T07:39:54.837733-05:00,2026-09-15T08:48:52.546342-05:00,68.96,0,1,8
2026-09-15,80,2026-09-15T07:40:48.912080-05:00,2026-09-15T08:49:39.404737-05:00,68.84,0,0,5
2026-09-15,81,2026-09-15T07:41:19.818959-05:00,2026-09-15T08:53:41.451294-05:00,72.36,0,0,7
2026-09-15,83,2026-09-15T07:43:28.375442-05:00,2026-09-15T08:53:52.434927-05:00,70.4,0,1,9
2026-09-15,82,2026-09-15T07:43:29.123646-05:00,2026-09-15T08:54:58.072830-05:00,71.48,0,0,5
2026-09-15,85,2026-09-15T07:46:33.101168-05:00,2026-09-15T08:55:36.452677-05:00,69.06,0,0,4
2026-09-15,86,2026-09-15T07:48:05.504575-05:00,2026-09-15T08:59:16.503818-05:00,71.18,0,0,6
2026-09-15,87,2026-09-15T07:49:10.470228-05:00,2026-09-15T08:59:38.376698-05:00,70.47,0,0,3
2026-09-15,88,2026-09-15T07:49:11.133966-05:00,2026-09-15T09:03:30.968211-05:00,74.33,0,1,4
2026-09-15,89,2026-09-15T07:49:39.743938-05:00,2026-09-15T09:03:59.538676-05:00,74.33,0,1,10
2026-09-15,114,2026-09-15T09:06:32.681533-05:00,2026-09-15T09:06:52.658361-05:00,0.33,1,0,5
2026-09-15,91,2026-09-15T07:50:44.727358-05:00,2026-09-15T09:08:12.224837-05:00,77.46,0,1,6
2026-09-15,90,2026-09-15T07:50:52.456241-05:00,2026-09-15T09:09:43.486194-05:00,78.85,0,0,8
2026-09-15,92,2026-09-15T07:53:29.394536-05:00,2026-09-15T09:09:47.200015-05:00,76.3,0,1,1
2026-09-15,115,2026-09-15T09:11:10.927549-05:00,2026-09-15T09:12:22.876949-05:00,1.2,1,0,5
2026-09-15,93,2026-09-15T07:56:44.251239-05:00,2026-09-15T09:12:43.271156-05:00,75.98,0,1,10
2026-09-15,95,2026-09-15T08:00:39.829703-05:00,2026-09-15T09:12:58.583432-05:00,72.31,0,0,4
2026-09-15,96,2026-09-15T08:05:45.004680-05:00,2026-09-15T09:13:32.152256-05:00,67.79,0,0,2
2026-09-15,97,2026-09-15T08:12:10.830361-05:00,2026-09-15T09:14:23.204419-05:00,62.21,0,1,9
2026-09-15,98,2026-09-15T08:13:54.599174-05:00,2026-09-15T09:17:03.910112-05:00,63.16,0,0,8
2026-09-15,99,2026-09-15T08:15:40.163427-05:00,2026-09-15T09:18:25.964036-05:00,62.76,0,0,10
2026-09-15,100,2026-09-15T08:16:16.005750-05:00,2026-09-15T09:18:37.875730-05:00,62.36,0,0,3
2026-09-15,101,2026-09-15T08:19:31.711093-05:00,2026-09-15T09:21:45.627944-05:00,62.23,0,0,1
2026-09-15,102,2026-09-15T08:20:32.229498-05:00,2026-09-15T09:23:00.869982-05:00,62.48,0,0,7
2026-09-15,103,2026-09-15T08:23:11.452653-05:00,2026-09-15T09:23:12.934762-05:00,60.02,0,0,9
2026-09-15,104,2026-09-15T08:30:15.681716-05:00,2026-09-15T09:24:07.218183-05:00,53.86,0,0,4
2026-09-15,106,2026-09-15T08:38:10.125092-05:00,2026-09-15T09:24:35.224109-05:00,46.42,0,0,6
2026-09-15,107,2026-09-15T08:38:34.243012-05:00,2026-09-15T09:25:15.571263-05:00,46.69,0,0,8
2026-09-15,108,2026-09-15T08:41:50.978294-05:00,2026-09-15T09:25:22.399521-05:00,43.52,0,0,10
2026-09-15,109,2026-09-15T08:42:11.056443-05:00,2026-09-15T09:26:39.506813-05:00,44.47,0,1,2
2026-09-15,110,2026-09-15T08:43:00.387765-05:00,2026-09-15T09:29:01.178232-05:00,46.01,0,0,3
2026-09-15,111,2026-09-15T08:49:17.359135-05:00,2026-09-15T09:29:22.951196-05:00,40.09,0,0,5
2026-09-15,112,2026-09-15T08:57:40.619397-05:00,2026-09-15T09:33:07.641624-05:00,35.45,0,1,1
2026-09-15,113,2026-09-15T09:06:15.254812-05:00,2026-09-15T09:36:38.026627-05:00,30.38,0,0,4
2026-09-15,116,2026-09-15T09:25:20.144852-05:00,2026-09-15T09:38:07.982423-05:00,12.8,0,1,5
2026-09-15,117,2026-09-15T09:27:51.513690-05:00,2026-09-15T09:39:26.778771-05:00,11.59,0,0,9
2026-09-15,118,2026-09-15T09:32:34.959145-05:00,2026-09-15T09:42:06.128218-05:00,9.52,0,0,10
2026-09-15,119,2026-09-15T09:40:46.442830-05:00,2026-09-15T09:42:11.566564-05:00,1.42,0,0,2
2026-09-15,120,2026-09-15T09:43:25.472225-05:00,2026-09-15T09:44:12.843406-05:00,0.79,0,0,3
2026-09-15,121,2026-09-15T09:43:32.818099-05:00,2026-09-15T09:46:06.086331-05:00,2.55,0,1,5
2026-09-15,122,2026-09-15T09:47:16.342666-05:00,2026-09-15T09:47:16.342666-05:00,0.0,0,0,7
2026-09-15,124,2026-09-15T09:49:32.317986-05:00,2026-09-15T09:49:32.317986-05:00,0.0,0,1,1
2026-09-15,123,2026-09-15T09:49:36.989066-05:00,2026-09-15T09:49:36.989066-05:00,0.0,1,0,6
2026-09-15,125,2026-09-15T09:52:45.510830-05:00,2026-09-15T09:52:45.510830-05:00,0.0,0,1,3
2026-09-15,126,2026-09-15T09:55:23.383506-05:00,2026-09-15T09:55:23.383506-05:00,0.0,0,0,5
2026-09-15,127,2026-09-15T09:56:31.557581-05:00,2026-09-15T09:56:31.557581-05:00,0.0,0,0,7
2026-09-15,128,2026-09-15T10:00:43.479133-05:00,2026-09-15T10:00:43.479133-05:00,0.0,0,0,8
2026-09-15,129,2026-09-15T10:17:05.025186-05:00,2026-09-15T10:17:05.025186-05:00,0.0,0,0,1
2026-09-15,130,2026-09-15T10:18:38.676438-05:00,2026-09-15T10:18:38.676438-05:00,0.0,0,1,2
2026-09-15,131,2026-09-15T10:25:03.987177-05:00,2026-09-15T10:25:03.987177-05:00,0.0,0,1,3
2026-09-15,132,2026-09-15T10:25:58.555690-05:00,2026-09-15T10:25:58.555690-05:00,0.0,0,0,4
2026-09-15,133,2026-09-15T10:36:19.905139-05:00,2026-09-15T10:36:19.905139-05:00,0.0,0,1,1
2026-09-15,134,2026-09-15T10:39:09.930155-05:00,2026-09-15T10:39:09.930155-05:00,0.0,0,0,2
2026-09-15,135,2026-09-15T10:39:28.589717-05:00,2026-09-15T10:39:28.589717-05:00,0.0,0,0,3
2026-09-15,136,2026-09-15T10:40:31.082115-05:00,2026-09-15T10:40:31.082115-05:00,0.0,0,1,5
2026-09-15,137,2026-09-15T10:43:46.094947-05:00,2026-09-15T10:43:46.094947-05:00,0.0,0,1,6
2026-09-15,138,2026-09-15T10:51:52.300259-05:00,2026-09-15T10:51:52.300259-05:00,0.0,0,0,1
2026-09-15,139,2026-09-15T10:54:09.747356-05:00,2026-09-15T10:54:09.747356-05:00,0.0,1,0,3
2026-09-15,140,2026-09-15T10:55:31.993327-05:00,2026-09-15T10:55:31.993327-05:00,0.0,0,1,4
2026-09-15,141,2026-09-15T10:57:01.225154-05:00,2026-09-15T10:57:01.225154-05:00,0.0,1,1,5
2026-09-15,142,2026-09-15T11:05:20.040765-05:00,2026-09-15T11:05:20.040765-05:00,0.0,0,0,2
2026-09-15,143,2026-09-15T11:05:31.535177-05:00,2026-09-15T11:05:31.535177-05:00,0.0,0,0,5
2026-09-15,144,2026-09-15T11:09:05.993518-05:00,2026-09-15T11:09:05.993518-05:00,0.0,0,0,6
2026-09-15,145,2026-09-15T11:15:13.782564-05:00,2026-09-15T11:15:13.782564-05:00,0.0,0,0,1
2026-09-15,146,2026-09-15T11:16:51.226631-05:00,2026-09-15T11:16:51.226631-05:00,0.0,1,1,2
2026-09-15,147,2026-09-15T11:36:58.628806-05:00,2026-09-15T11:36:58.628806-05:00,0.0,0,0,1
2026-09-15,148,2026-09-15T11:37:17.204242-05:00,2026-09-15T11:37:17.204242-05:00,0.0,1,1,2
2026-09-15,149,2026-09-15T11:38:58.265827-05:00,2026-09-15T11:38:58.265827-05:00,0.0,0,0,3
2026-09-15,150,2026-09-15T11:41:44.096492-05:00,2026-09-15T11:41:44.096492-05:00,0.0,0,0,4
2026-09-15,151,2026-09-15T11:43:46.723741-05:00,2026-09-15T11:43:46.723741-05:00,0.0,0,0,5
2026-09-15,152,2026-09-15T11:52:08.142563-05:00,2026-09-15T11:52:08.142563-05:00,0.0,1,0,1
2026-09-15,153,2026-09-15T12:23:35.618244-05:00,2026-09-15T12:23:35.618244-05:00,0.0,0,0,1
2026-09-16,6,2026-09-16T06:18:46.096619-05:00,2026-09-16T07:06:00-05:00,47.23,1,0,1
2026-09-16,20,2026-09-16T06:31:10.267389-05:00,2026-09-16T07:06:00-05:00,34.83,1,0,2
2026-09-16,26,2026-09-16T06:38:49.556169-05:00,2026-09-16T07:06:00-05:00,27.17,1,0,3
2026-09-16,31,2026-09-16T06:44:22.639990-05:00,2026-09-16T07:06:00-05:00,21.62,1,0,4
2026-09-16,0,2026-09-16T06:12:20.909612-05:00,2026-09-16T07:06:00-05:00,53.65,0,0,5
2026-09-16,1,2026-09-16T06:13:08.645053-05:00,2026-09-16T07:06:00-05:00,52.86,0,0,6
2026-09-16,2,2026-09-16T06:16:28.408459-05:00,2026-09-16T07:06:00-05:00,49.53,0,1,7
2026-09-16,3,2026-09-16T06:16:34.145592-05:00,2026-09-16T07:06:00-05:00,49.43,0,1,8
2026-09-16,4,2026-09-16T06:18:13.686377-05:00,2026-09-16T07:06:00-05:00,47.77,0,1,9
2026-09-16,5,2026-09-16T06:18:48.702021-05:00,2026-09-16T07:06:00-05:00,47.19,0,0,10
2026-09-16,70,2026-09-16T07:10:39.240507-05:00,2026-09-16T07:13:15.771077-05:00,2.61,1,0,9
2026-09-16,7,2026-09-16T06:19:28.954261-05:00,2026-09-16T07:14:47.387515-05:00,55.31,0,0,10
2026-09-16,8,2026-09-16T06:19:31.073843-05:00,2026-09-16T07:16:20.123534-05:00,56.82,0,1,7
2026-09-16,9,2026-09-16T06:23:51.840850-05:00,2026-09-16T07:17:38.618931-05:00,53.78,0,0,2
2026-09-16,11,2026-09-16T06:25:35.208232-05:00,2026-09-16T07:18:44.307396-05:00,53.15,0,1,4
2026-09-16,10,2026-09-16T06:25:54.248818-05:00,2026-09-16T07:18:47.430005-05:00,52.89,0,1,8
2026-09-16,12,2026-09-16T06:26:06.870825-05:00,2026-09-16T07:20:36.568860-05:00,54.49,0,0,1
2026-09-16,13,2026-09-16T06:27:11.784799-05:00,2026-09-16T07:21:06.731567-05:00,53.92,0,0,3
2026-09-16,14,2026-09-16T06:27:47.887856-05:00,2026-09-16T07:21:52.773940-05:00,54.08,0,0,9
2026-09-16,15,2026-09-16T06:28:36.472882-05:00,2026-09-16T07:22:24.186090-05:00,53.8,0,0,6
2026-09-16,81,2026-09-16T07:22:30.386225-05:00,2026-09-16T07:24:16.688630-05:00,1.77,1,0,5
2026-09-16,17,2026-09-16T06:29:42.200972-05:00,2026-09-16T07:24:17.559492-05:00,54.59,0,0,2
2026-09-16,16,2026-09-16T06:29:59.046185-05:00,2026-09-16T07:24:37.929750-05:00,54.65,0,0,10
2026-09-16,18,2026-09-16T06:30:40.458247-05:00,2026-09-16T07:24:50.235506-05:00,54.16,0,1,7
2026-09-16,19,2026-09-16T06:31:17.719239-05:00,2026-09-16T07:30:04.094954-05:00,58.77,0,0,9
2026-09-16,21,2026-09-16T06:32:43.430816-05:00,2026-09-16T07:30:24.561435-05:00,57.69,0,0,6
2026-09-16,22,2026-09-16T06:34:01.877157-05:00,2026-09-16T07:31:45.117727-05:00,57.72,0,0,1
2026-09-16,23,2026-09-16T06:34:13.848751-05:00,2026-09-16T07:32:33.751948-05:00,58.33,0,0,8
2026-09-16,25,2026-09-16T06:37:01.430098-05:00,2026-09-16T07:33:12.081439-05:00,56.18,0,0,3
2026-09-16,96,2026-09-16T07:33:26.759139-05:00,2026-09-16T07:35:15.719896-05:00,1.82,1,0,5
2026-09-16,24,2026-09-16T06:37:14.947189-05:00,2026-09-16T07:35:46.297334-05:00,58.52,0,1,2
2026-09-16,27,2026-09-16T06:41:05.619155-05:00,2026-09-16T07:36:52.048577-05:00,55.77,0,0,10
2026-09-16,28,2026-09-16T06:41:16.982956-05:00,2026-09-16T07:40:40.678872-05:00,59.39,0,0,4
2026-09-16,29,2026-09-16T06:42:31.518573-05:00,2026-09-16T07:40:47.928177-05:00,58.27,0,1,6
2026-09-16,30,2026-09-16T06:44:08.349390-05:00,2026-09-16T07:41:11.725919-05:00,57.06,0,1,7
2026-09-16,32,2026-09-16T06:45:02.907773-05:00,2026-09-16T07:41:59.650705-05:00,56.95,0,0,3
2026-09-16,33,2026-09-16T06:45:22.448225-05:00,2026-09-16T07:42:04.710893-05:00,56.7,0,0,5
2026-09-16,34,2026-09-16T06:46:23.231546-05:00,2026-09-16T07:44:34.936869-05:00,58.2,0,1,9
2026-09-16,35,2026-09-16T06:46:44.261476-05:00,2026-09-16T07:45:37.227014-05:00,58.88,0,0,10
2026-09-16,36,2026-09-16T06:47:09.309303-05:00,2026-09-16T07:46:54.640282-05:00,59.76,0,0,8
2026-09-16,37,2026-09-16T06:47:33.953625-05:00,2026-09-16T07:47:29.747363-05:00,59.93,0,1,6
2026-09-16,38,2026-09-16T06:48:17.769237-05:00,2026-09-16T07:48:32.726762-05:00,60.25,0,0,7
2026-09-16,39,2026-09-16T06:49:26.655993-05:00,2026-09-16T07:50:58.203877-05:00,61.53,0,0,3
2026-09-16,40,2026-09-16T06:50:05.398627-05:00,2026-09-16T07:51:27.236374-05:00,61.36,0,0,4
2026-09-16,41,2026-09-16T06:50:39.377939-05:00,2026-09-16T07:51:55.716388-05:00,61.27,0,0,5
2026-09-16,43,2026-09-16T06:51:03.650060-05:00,2026-09-16T07:52:28.091143-05:00,61.41,0,1,1
2026-09-16,42,2026-09-16T06:51:16.318121-05:00,2026-09-16T07:53:39.078337-05:00,62.38,0,1,9
2026-09-16,44,2026-09-16T06:51:57.286474-05:00,2026-09-16T07:55:06.552943-05:00,63.15,0,1,2
2026-09-16,116,2026-09-16T07:58:38.333406-05:00,2026-09-16T07:59:10.390062-05:00,0.53,1,0,7
2026-09-16,45,2026-09-16T06:54:10.545389-05:00,2026-09-16T07:59:18.012612-05:00,65.12,0,1,10
2026-09-16,46,2026-09-16T06:55:25.109242-05:00,2026-09-16T07:59:23.928940-05:00,63.98,0,0,6
2026-09-16,47,2026-09-16T06:55:59.011041-05:00,2026-09-16T07:59:49.966091-05:00,63.85,0,0,5
2026-09-16,48,2026-09-16T06:56:06.148646-05:00,2026-09-16T08:04:04.814467-05:00,67.98,0,0,4
2026-09-16,49,2026-09-16T06:56:37.154750-05:00,2026-09-16T08:04:32.864643-05:00,67.93,0,1,9
2026-09-16,50,2026-09-16T06:56:38.669574-05:00,2026-09-16T08:05:29.122233-05:00,68.84,0,0,3
2026-09-16,51,2026-09-16T06:57:21.761834-05:00,2026-09-16T08:07:17.917808-05:00,69.94,0,0,8
2026-09-16,52,2026-09-16T06:58:17.349180-05:00,2026-09-16T08:08:27.844978-05:00,70.17,0,0,5
2026-09-16,53,2026-09-16T06:58:21.903381-05:00,2026-09-16T08:08:33.968944-05:00,70.2,0,0,7
2026-09-16,54,2026-09-16T06:58:50.535197-05:00,2026-09-16T08:12:42.546071-05:00,73.87,0,1,9
2026-09-16,55,2026-09-16T06:59:21.323691-05:00,2026-09-16T08:16:05.123587-05:00,76.73,0,0,1
2026-09-16,56,2026-09-16T07:00:09.575041-05:00,2026-09-16T08:16:21.562507-05:00,76.2,0,0,7
2026-09-16,58,2026-09-16T07:00:53.486542-05:00,2026-09-16T08:16:38.358771-05:00,75.75,0,0,3
2026-09-16,57,2026-09-16T07:00:54.601944-05:00,2026-09-16T08:16:45.237783-05:00,75.84,0,1,5
2026-09-16,59,2026-09-16T07:03:12.341017-05:00,2026-09-16T08:17:08.666880-05:00,73.94,0,0,10
2026-09-16,60,2026-09-16T07:04:09.197795-05:00,2026-09-16T08:18:05.543733-05:00,73.94,0,0,4
2026-09-16,61,2026-09-16T07:04:25.755269-05:00,2026-09-16T08:18:20.337025-05:00,73.91,0,1,8
2026-09-16,62,2026-09-16T07:05:27.474517-05:00,2026-09-16T08:18:40.447798-05:00,73.22,0,0,2
2026-09-16,63,2026-09-16T07:05:33.123344-05:00,2026-09-16T08:22:01.282943-05:00,76.47,0,0,6
2026-09-16,64,2026-09-16T07:06:13.500090-05:00,2026-09-16T08:26:09.861017-05:00,79.94,0,0,9
2026-09-16,65,2026-09-16T07:06:47.881855-05:00,2026-09-16T08:26:12.727699-05:00,79.41,0,1,7
2026-09-16,67,2026-09-16T07:07:48.063959-05:00,2026-09-16T08:27:37.725711-05:00,79.83,0,1,5
2026-09-16,66,2026-09-16T07:07:55.603016-05:00,2026-09-16T08:27:53.086794-05:00,79.96,0,1,10
2026-09-16,68,2026-09-16T07:09:01.118878-05:00,2026-09-16T08:28:29.202838-05:00,79.47,0,1,4
2026-09-16,69,2026-09-16T07:10:01.111305-05:00,2026-09-16T08:30:37.971270-05:00,80.61,0,0,8
2026-09-16,71,2026-09-16T07:11:11.354107-05:00,2026-09-16T08:31:14.259816-05:00,80.05,0,1,3
2026-09-16,72,2026-09-16T07:11:59.413359-05:00,2026-09-16T08:32:29.261636-05:00,80.5,0,0,2
2026-09-16,73,2026-09-16T07:14:03.056371-05:00,2026-09-16T08:32:46.830830-05:00,78.73,0,1,1
2026-09-16,74,2026-09-16T07:14:17.192822-05:00,2026-09-16T08:35:47.367093-05:00,81.5,0,0,10
2026-09-16,76,2026-09-16T07:14:30.502432-05:00,2026-09-16T08:37:20.727044-05:00,82.84,0,0,5
2026-09-16,75,2026-09-16T07:14:36.177146-05:00,2026-09-16T08:37:56.438775-05:00,83.34,0,0,7
2026-09-16,77,2026-09-16T07:15:05.034250-05:00,2026-09-16T08:39:13.236647-05:00,84.14,0,0,8
2026-09-16,78,2026-09-16T07:16:44.923818-05:00,2026-09-16T08:39:47.986965-05:00,83.05,0,0,2
2026-09-16,79,2026-09-16T07:19:13.588185-05:00,2026-09-16T08:40:23.606221-05:00,81.17,0,0,9
2026-09-16,80,2026-09-16T07:19:52.614588-05:00,2026-09-16T08:42:12.039914-05:00,82.32,0,0,3
2026-09-16,82,2026-09-16T07:22:31.870933-05:00,2026-09-16T08:44:33.755714-05:00,82.03,0,1,1
2026-09-16,84,2026-09-16T07:23:03.022243-05:00,2026-09-16T08:47:31.438146-05:00,84.47,0,0,6
2026-09-16,83,2026-09-16T07:23:22.617758-05:00,2026-09-16T08:48:06.353313-05:00,84.73,0,1,8
2026-09-16,85,2026-09-16T07:23:56.648310-05:00,2026-09-16T08:49:10.735952-05:00,85.23,0,1,4
2026-09-16,87,2026-09-16T07:25:02.504700-05:00,2026-09-16T08:50:05.741650-05:00,85.05,0,0,1
2026-09-16,86,2026-09-16T07:25:06.534685-05:00,2026-09-16T08:50:22.299232-05:00,85.26,0,0,3
2026-09-16,89,2026-09-16T07:25:47.089354-05:00,2026-09-16T08:52:04.227207-05:00,86.29,0,0,5
2026-09-16,88,2026-09-16T07:25:53.060810-05:00,2026-09-16T08:53:10.740289-05:00,87.29,0,0,2
2026-09-16,90,2026-09-16T07:27:33.490862-05:00,2026-09-16T08:55:12.178166-05:00,87.64,0,0,10
2026-09-16,91,2026-09-16T07:28:43.068701-05:00,2026-09-16T08:56:07.082048-05:00,87.4,0,0,7
2026-09-16,92,2026-09-16T07:29:47.917627-05:00,2026-09-16T08:56:57.449266-05:00,87.16,0,0,9
2026-09-16,93,2026-09-16T07:30:36.964678-05:00,2026-09-16T08:59:30.151850-05:00,88.89,0,0,4
2026-09-16,94,2026-09-16T07:31:03.523640-05:00,2026-09-16T09:00:44.034760-05:00,89.68,0,0,3
2026-09-16,95,2026-09-16T07:32:29.385916-05:00,2026-09-16T09:00:57.511260-05:00,88.47,0,1,5
2026-09-16,97,2026-09-16T07:33:37.165453-05:00,2026-09-16T09:01:49.000542-05:00,88.2,0,0,9
2026-09-16,98,2026-09-16T07:34:55.786974-05:00,2026-09-16T09:02:06.871844-05:00,87.18,0,0,2
2026-09-16,99,2026-09-16T07:35:03.271044-05:00,2026-09-16T09:03:09.297614-05:00,88.1,0,0,6
2026-09-16,100,2026-09-16T07:35:04.897731-05:00,2026-09-16T09:03:10.980143-05:00,88.1,0,0,1
2026-09-16,101,2026-09-16T07:37:30.632605-05:00,2026-09-16T09:04:47.397511-05:00,87.28,0,0,8
2026-09-16,102,2026-09-16T07:39:00.463068-05:00,2026-09-16T09:05:45.136550-05:00,86.74,0,0,7
2026-09-16,103,2026-09-16T07:39:02.404571-05:00,2026-09-16T09:07:56.136875-05:00,88.9,0,1,1
2026-09-16,104,2026-09-16T07:41:01.885100-05:00,2026-09-16T09:08:35.495508-05:00,87.56,0,0,3
2026-09-16,105,2026-09-16T07:43:57.164906-05:00,2026-09-16T09:09:50.834197-05:00,85.89,0,1,4
2026-09-16,106,2026-09-16T07:45:10.006615-05:00,2026-09-16T09:11:09.379496-05:00,85.99,0,1,9
2026-09-16,107,2026-09-16T07:45:24.576064-05:00,2026-09-16T09:12:12.938653-05:00,86.81,0,1,2
2026-09-16,108,2026-09-16T07:46:16.211567-05:00,2026-09-16T09:13:52.217315-05:00,87.6,0,1,8
2026-09-16,109,2026-09-16T07:47:39.033694-05:00,2026-09-16T09:15:08.422487-05:00,87.49,0,0,6
2026-09-16,110,2026-09-16T07:49:11.852473-05:00,2026-09-16T09:16:45.956815-05:00,87.57,0,0,2
2026-09-16,111,2026-09-16T07:49:28.943014-05:00,2026-09-16T09:18:52.101651-05:00,89.39,0,0,3
2026-09-16,112,2026-09-16T07:50:48.780562-05:00,2026-09-16T09:18:55.630049-05:00,88.11,0,1,7
2026-09-16,113,2026-09-16T07:52:34.024573-05:00,2026-09-16T09:20:15.545004-05:00,87.69,0,1,10
2026-09-16,114,2026-09-16T07:54:30.978837-05:00,2026-09-16T09:21:47.934209-05:00,87.28,0,1,8
2026-09-16,115,2026-09-16T07:55:38.047855-05:00,2026-09-16T09:22:00.544484-05:00,86.37,0,0,4
2026-09-16,117,2026-09-16T08:00:09.812435-05:00,2026-09-16T09:25:07.441035-05:00,84.96,0,1,9
2026-09-16,118,2026-09-16T08:02:28.825929-05:00,2026-09-16T09:25:12.680087-05:00,82.73,0,0,2
2026-09-16,119,2026-09-16T08:03:41.930490-05:00,2026-09-16T09:25:46.538058-05:00,82.08,0,0,5
2026-09-16,120,2026-09-16T08:06:41.743078-05:00,2026-09-16T09:26:22.255166-05:00,79.68,0,1,3
2026-09-16,121,2026-09-16T08:08:19.105774-05:00,2026-09-16T09:27:40.188756-05:00,79.35,0,0,10
2026-09-16,122,2026-09-16T08:08:35.687036-05:00,2026-09-16T09:28:58.198137-05:00,80.38,0,0,8
2026-09-16,123,2026-09-16T08:10:15.978766-05:00,2026-09-16T09:30:10.193455-05:00,79.9,0,1,4
2026-09-16,124,2026-09-16T08:19:31.015368-05:00,2026-09-16T09:31:29.347409-05:00,71.97,0,0,6
2026-09-16,125,2026-09-16T08:22:55.667818-05:00,2026-09-16T09:31:58.678982-05:00,69.05,0,0,9
2026-09-16,126,2026-09-16T08:24:56.460958-05:00,2026-09-16T09:35:15.507272-05:00,70.32,0,1,1
2026-09-16,127,2026-09-16T08:27:24.496791-05:00,2026-09-16T09:36:06.430323-05:00,68.7,0,0,7
2026-09-16,128,2026-09-16T08:30:59.408273-05:00,2026-09-16T09:36:20.355986-05:00,65.35,0,1,2
2026-09-16,129,2026-09-16T08:31:01.818723-05:00,2026-09-16T09:36:42.584025-05:00,65.68,0,0,5
2026-09-16,130,2026-09-16T08:36:44.419089-05:00,2026-09-16T09:37:22.780856-05:00,60.64,0,0,4
2026-09-16,131,2026-09-16T08:37:14.821932-05:00,2026-09-16T09:37:45.244317-05:00,60.51,0,0,3
2026-09-16,132,2026-09-16T08:42:07.650327-05:00,2026-09-16T09:40:08.887622-05:00,58.02,0,1,10
2026-09-16,133,2026-09-16T08:42:41.872856-05:00,2026-09-16T09:41:44.827174-05:00,59.05,0,0,8
2026-09-16,134,2026-09-16T09:02:51.950870-05:00,2026-09-16T09:44:21.988213-05:00,41.5,0,0,1
2026-09-16,135,2026-09-16T09:05:54.387819-05:00,2026-09-16T09:44:28.846048-05:00,38.57,0,0,9
2026-09-16,136,2026-09-16T09:07:31.798218-05:00,2026-09-16T09:44:54.625462-05:00,37.38,0,0,7
2026-09-16,137,2026-09-16T09:19:58.229221-05:00,2026-09-16T09:46:02.326601-05:00,26.07,0,0,3
2026-09-16,138,2026-09-16T09:21:59.133884-05:00,2026-09-16T09:47:35.373953-05:00,25.6,0,0,5
2026-09-16,139,2026-09-16T09:26:18.429302-05:00,2026-09-16T09:48:16.372432-05:00,21.97,0,0,6
2026-09-16,140,2026-09-16T09:30:06.442980-05:00,2026-09-16T09:49:52.740869-05:00,19.77,0,1,10
2026-09-16,141,2026-09-16T09:32:37.100677-05:00,2026-09-16T09:51:38.506003-05:00,19.02,0,0,7
2026-09-16,142,2026-09-16T09:34:50.614742-05:00,2026-09-16T09:51:57.035043-05:00,17.11,0,0,3
2026-09-16,143,2026-09-16T09:38:51.994595-05:00,2026-09-16T09:52:58.384268-05:00,14.11,0,0,8
2026-09-16,144,2026-09-16T09:40:33.344728-05:00,2026-09-16T09:54:15.180835-05:00,13.7,0,0,4
2026-09-16,145,2026-09-16T09:48:05.366860-05:00,2026-09-16T09:54:58.919035-05:00,6.89,0,0,2
2026-09-16,146,2026-09-16T09:54:47.146536-05:00,2026-09-16T09:56:06.806650-05:00,1.33,0,0,1
2026-09-16,147,2026-09-16T10:04:16.892730-05:00,2026-09-16T10:04:16.892730-05:00,0.0,0,0,5
2026-09-16,148,2026-09-16T10:04:43.156438-05:00,2026-09-16T10:04:43.156438-05:00,0.0,0,1,2
2026-09-16,149,2026-09-16T10:08:48.221413-05:00,2026-09-16T10:08:48.221413-05:00,0.0,0,1,1
2026-09-16,150,2026-09-16T10:10:58.236987-05:00,2026-09-16T10:10:58.236987-05:00,0.0,0,1,3
2026-09-16,151,2026-09-16T10:22:22.655731-05:00,2026-09-16T10:22:22.655731-05:00,0.0,0,1,2
2026-09-16,152,2026-09-16T10:22:57.936196-05:00,2026-09-16T10:22:57.936196-05:00,0.0,0,0,3
2026-09-16,153,2026-09-16T10:30:16.263248-05:00,2026-09-16T10:30:16.263248-05:00,0.0,0,0,1
2026-09-16,154,2026-09-16T10:40:31.294484-05:00,2026-09-16T10:40:31.294484-05:00,0.0,0,1,2
2026-09-16,155,2026-09-16T10:42:02.184391-05:00,2026-09-16T10:42:02.184391-05:00,0.0,0,1,3
2026-09-16,156,2026-09-16T10:43:24.996787-05:00,2026-09-16T10:43:24.996787-05:00,0.0,0,0,4
2026-09-16,157,2026-09-16T10:49:45.168411-05:00,2026-09-16T10:49:45.168411-05:00,0.0,0,0,1
2026-09-16,158,2026-09-16T10:57:08.630452-05:00,2026-09-16T10:57:08.630452-05:00,0.0,1,1,3
2026-09-16,159,2026-09-16T11:03:43.735491-05:00,2026-09-16T11:03:43.735491-05:00,0.0,0,0,1
2026-09-16,160,2026-09-16T11:17:37.850327-05:00,2026-09-16T11:17:37.850327-05:00,0.0,0,0,1
2026-09-16,161,2026-09-16T11:21:49.482662-05:00,2026-09-16T11:21:49.482662-05:00,0.0,0,0,2
2026-09-16,162,2026-09-16T11:22:54.544129-05:00,2026-09-16T11:22:54.544129-05:00,0.0,0,0,3
2026-09-16,163,2026-09-16T11:23:58.084547-05:00,2026-09-16T11:23:58.084547-05:00,0.0,0,1,4
2026-09-16,164,2026-09-16T11:34:10.360652-05:00,2026-09-16T11:34:10.360652-05:00,0.0,0,0,1
2026-09-16,165,2026-09-16T11:53:39.179565-05:00,2026-09-16T11:53:39.179565-05:00,0.0,0,0,1
2026-09-16,166,2026-09-16T11:54:36.464810-05:00,2026-09-16T11:54:36.464810-05:00,0.0,0,1,2
2026-09-16,167,2026-09-16T11:58:21.161060-05:00,2026-09-16T11:58:21.161060-05:00,0.0,0,0,3
2026-09-17,23,2026-09-17T06:36:34.158943-05:00,2026-09-17T07:06:00-05:00,29.43,1,1,1
2026-09-17,25,2026-09-17T06:37:40.370843-05:00,2026-09-17T07:06:00-05:00,28.33,1,0,2
2026-09-17,29,2026-09-17T06:43:10.011088-05:00,2026-09-17T07:06:00-05:00,22.83,1,1,3
2026-09-17,40,2026-09-17T06:53:07.831741-05:00,2026-09-17T07:06:00-05:00,12.87,1,0,4
2026-09-17,42,2026-09-17T06:55:14.240220-05:00,2026-09-17T07:06:00-05:00,10.76,1,0,5
2026-09-17,48,2026-09-17T06:58:41.549231-05:00,2026-09-17T07:06:00-05:00,7.31,1,0,6
2026-09-17,0,2026-09-17T06:12:51.100845-05:00,2026-09-17T07:06:00-05:00,53.15,0,0,7
2026-09-17,1,2026-09-17T06:12:52.428816-05:00,2026-09-17T07:06:00-05:00,53.13,0,0,8
2026-09-17,2,2026-09-17T06:13:05.820677-05:00,2026-09-17T07:06:00-05:00,52.9,0,0,9
2026-09-17,3,2026-09-17T06:17:10.126838-05:00,2026-09-17T07:06:00-05:00,48.83,0,1,10
2026-09-17,4,2026-09-17T06:17:59.395865-05:00,2026-09-17T07:11:22.794555-05:00,53.39,0,0,3
2026-09-17,5,2026-09-17T06:20:34.799319-05:00,2026-09-17T07:11:36.983051-05:00,51.04,0,1,1
2026-09-17,62,2026-09-17T07:12:19.132892-05:00,2026-09-17T07:15:20.974730-05:00,3.03,1,1,9
2026-09-17,61,2026-09-17T07:12:24.476000-05:00,2026-09-17T07:16:02.559708-05:00,3.63,1,0,5
2026-09-17,6,2026-09-17T06:22:10.550943-05:00,2026-09-17T07:16:52.254650-05:00,54.7,0,1,10
2026-09-17,7,2026-09-17T06:24:45.987926-05:00,2026-09-17T07:18:10.071080-05:00,53.4,0,1,6
2026-09-17,8,2026-09-17T06:24:47.978276-05:00,2026-09-17T07:19:12.155991-05:00,54.4,0,0,4
2026-09-17,9,2026-09-17T06:24:53.736187-05:00,2026-09-17T07:21:45.987214-05:00,56.87,0,0,8
2026-09-17,10,2026-09-17T06:25:26.720817-05:00,2026-09-17T07:22:05.650620-05:00,56.65,0,0,9
2026-09-17,12,2026-09-17T06:26:47.897423-05:00,2026-09-17T07:23:06.692334-05:00,56.31,0,0,2
2026-09-17,11,2026-09-17T06:26:52.011437-05:00,2026-09-17T07:24:29.172012-05:00,57.62,0,0,1
2026-09-17,14,2026-09-17T06:27:38.536936-05:00,2026-09-17T07:27:05.380350-05:00,59.45,0,1,5
2026-09-17,13,2026-09-17T06:27:52.010072-05:00,2026-09-17T07:29:36.730248-05:00,61.75,0,0,3
2026-09-17,15,2026-09-17T06:27:55.394465-05:00,2026-09-17T07:31:32.558741-05:00,63.62,0,1,10
2026-09-17,16,2026-09-17T06:28:21.008451-05:00,2026-09-17T07:32:52.060803-05:00,64.52,0,1,2
2026-09-17,17,2026-09-17T06:30:41.521897-05:00,2026-09-17T07:34:19.504709-05:00,63.63,0,0,9
2026-09-17,18,2026-09-17T06:31:07.122557-05:00,2026-09-17T07:34:31.967745-05:00,63.41,0,1,7
2026-09-17,19,2026-09-17T06:32:05.193059-05:00,2026-09-17T07:34:51.629452-05:00,62.77,0,0,1
2026-09-17,20,2026-09-17T06:34:14.341800-05:00,2026-09-17T07:35:01.243751-05:00,60.78,0,0,4
2026-09-17,21,2026-09-17T06:36:02.076287-05:00,2026-09-17T07:35:49.896375-05:00,59.8,0,0,8
2026-09-17,22,2026-09-17T06:36:27.339548-05:00,2026-09-17T07:37:38.821111-05:00,61.19,0,0,3
2026-09-17,24,2026-09-17T06:37:00.737733-05:00,2026-09-17T07:38:14.296819-05:00,61.23,0,1,5
2026-09-17,26,2026-09-17T06:38:02.662563-05:00,2026-09-17T07:42:57.505481-05:00,64.91,0,0,6
2026-09-17,27,2026-09-17T06:39:19.572319-05:00,2026-09-17T07:44:02.458022-05:00,64.71,0,0,1
2026-09-17,28,2026-09-17T06:40:48.471801-05:00,2026-09-17T07:44:48.656234-05:00,64.0,0,1,7
2026-09-17,31,2026-09-17T06:43:36.972882-05:00,2026-09-17T07:45:16.198509-05:00,61.65,0,1,4
2026-09-17,30,2026-09-17T06:43:40.736741-05:00,2026-09-17T07:45:17.743689-05:00,61.62,0,1,2
2026-09-17,32,2026-09-17T06:44:35.594432-05:00,2026-09-17T07:46:52.092189-05:00,62.27,0,0,10
2026-09-17,86,2026-09-17T07:47:00.067779-05:00,2026-09-17T07:50:40.830108-05:00,3.68,1,0,9
2026-09-17,33,2026-09-17T06:46:10.618817-05:00,2026-09-17T07:50:50.627915-05:00,64.67,0,0,3
2026-09-17,34,2026-09-17T06:48:32.889621-05:00,2026-09-17T07:51:25.162222-05:00,62.87,0,1,8
2026-09-17,35,2026-09-17T06:48:59.463064-05:00,2026-09-17T07:51:39.737255-05:00,62.67,0,0,5
2026-09-17,36,2026-09-17T06:50:16.036128-05:00,2026-09-17T07:53:32.574151-05:00,63.28,0,0,7
2026-09-17,37,2026-09-17T06:51:05.843285-05:00,2026-09-17T07:53:34.180924-05:00,62.47,0,0,1
2026-09-17,38,2026-09-17T06:51:34.770937-05:00,2026-09-17T07:53:38.588615-05:00,62.06,0,1,10
2026-09-17,39,2026-09-17T06:52:48.857093-05:00,2026-09-17T07:56:06.708717-05:00,63.3,0,1,2
2026-09-17,41,2026-09-17T06:53:59.483940-05:00,2026-09-17T07:57:02.246924-05:00,63.05,0,1,4
2026-09-17,44,2026-09-17T06:56:07.990627-05:00,2026-09-17T07:57:54.344644-05:00,61.77,0,0,6
2026-09-17,43,2026-09-17T06:56:14.524493-05:00,2026-09-17T07:58:44.806548-05:00,62.5,0,0,8
2026-09-17,45,2026-09-17T06:56:59.500680-05:00,2026-09-17T08:03:02.801343-05:00,66.06,0,0,10
2026-09-17,46,2026-09-17T06:57:34.637831-05:00,2026-09-17T08:04:01.557488-05:00,66.45,0,1,4
2026-09-17,47,2026-09-17T06:58:14.125311-05:00,2026-09-17T08:04:27.521776-05:00,66.22,0,1,5
2026-09-17,49,2026-09-17T06:59:10.190162-05:00,2026-09-17T08:04:36.275795-05:00,65.43,0,0,3
2026-09-17,51,2026-09-17T07:01:32.008967-05:00,2026-09-17T08:04:39.251350-05:00,63.12,0,0,1
2026-09-17,97,2026-09-17T08:07:44.207007-05:00,2026-09-17T08:09:36.395190-05:00,1.87,1,1,9
2026-09-17,50,2026-09-17T07:01:32.281096-05:00,2026-09-17T08:11:34.466158-05:00,70.04,0,0,7
2026-09-17,98,2026-09-17T08:12:30.814898-05:00,2026-09-17T08:12:30.973155-05:00,0.0,1,1,8
2026-09-17,52,2026-09-17T07:02:18.298978-05:00,2026-09-17T08:13:10.453626-05:00,70.87,0,1,2
2026-09-17,53,2026-09-17T07:03:10.904428-05:00,2026-09-17T08:14:21.421828-05:00,71.18,0,0,6
2026-09-17,54,2026-09-17T07:05:04.247786-05:00,2026-09-17T08:15:19.875436-05:00,70.26,0,1,1
2026-09-17,55,2026-09-17T07:05:50.620235-05:00,2026-09-17T08:17:13.431978-05:00,71.38,0,0,10
2026-09-17,56,2026-09-17T07:06:03.827229-05:00,2026-09-17T08:19:40.118464-05:00,73.6,0,0,7
2026-09-17,57,2026-09-17T07:07:24.712563-05:00,2026-09-17T08:20:21.189995-05:00,72.94,0,0,5
2026-09-17,58,2026-09-17T07:07:39.124037-05:00,2026-09-17T08:20:42.892934-05:00,73.06,0,0,4
2026-09-17,59,2026-09-17T07:10:14.440248-05:00,2026-09-17T08:21:05.047331-05:00,70.84,0,0,3
2026-09-17,60,2026-09-17T07:11:37.313587-05:00,2026-09-17T08:21:14.964931-05:00,69.63,0,0,8
2026-09-17,63,2026-09-17T07:15:55.914111-05:00,2026-09-17T08:21:58.083123-05:00,66.04,0,0,9
2026-09-17,64,2026-09-17T07:17:06.901237-05:00,2026-09-17T08:24:47.036284-05:00,67.67,0,1,2
2026-09-17,65,2026-09-17T07:20:11.228316-05:00,2026-09-17T08:25:55.076171-05:00,65.73,0,1,6
2026-09-17,66,2026-09-17T07:20:13.334517-05:00,2026-09-17T08:27:55.412779-05:00,67.7,0,0,3
2026-09-17,67,2026-09-17T07:20:39.592970-05:00,2026-09-17T08:28:10.560935-05:00,67.52,0,0,9
2026-09-17,68,2026-09-17T07:22:42.473178-05:00,2026-09-17T08:29:07.109827-05:00,66.41,0,0,1
2026-09-17,70,2026-09-17T07:25:37.920181-05:00,2026-09-17T08:30:12.464483-05:00,64.58,0,0,7
2026-09-17,69,2026-09-17T07:25:42.539935-05:00,2026-09-17T08:32:50.886370-05:00,67.14,0,0,4
2026-09-17,71,2026-09-17T07:28:53.041817-05:00,2026-09-17T08:33:21.957674-05:00,64.48,0,0,10
2026-09-17,72,2026-09-17T07:29:24.217437-05:00,2026-09-17T08:33:36.962391-05:00,64.21,0,0,8
2026-09-17,73,2026-09-17T07:29:41.051908-05:00,2026-09-17T08:34:51.338615-05:00,65.17,0,0,6
2026-09-17,103,2026-09-17T08:36:10.872279-05:00,2026-09-17T08:37:14.294565-05:00,1.06,1,0,2
2026-09-17,74,2026-09-17T07:30:25.620254-05:00,2026-09-17T08:37:39.842245-05:00,67.24,0,0,1
2026-09-17,75,2026-09-17T07:31:23.651984-05:00,2026-09-17T08:40:40.818438-05:00,69.29,0,0,5
2026-09-17,76,2026-09-17T07:33:15.775191-05:00,2026-09-17T08:43:07.233195-05:00,69.86,0,0,9
2026-09-17,77,2026-09-17T07:33:47.270579-05:00,2026-09-17T08:44:35.069315-05:00,70.8,0,0,4
2026-09-17,78,2026-09-17T07:39:02.515080-05:00,2026-09-17T08:45:08.547357-05:00,66.1,0,0,10
2026-09-17,79,2026-09-17T07:40:04.937051-05:00,2026-09-17T08:46:48.646141-05:00,66.73,0,1,6
2026-09-17,80,2026-09-17T07:40:52.449205-05:00,2026-09-17T08:47:05.373192-05:00,66.22,0,0,7
2026-09-17,81,2026-09-17T07:41:02.496288-05:00,2026-09-17T08:47:06.682610-05:00,66.07,0,1,3
2026-09-17,82,2026-09-17T07:42:28.779100-05:00,2026-09-17T08:48:34.563303-05:00,66.1,0,0,5
2026-09-17,83,2026-09-17T07:42:55.821147-05:00,2026-09-17T08:49:14.400791-05:00,66.31,0,0,4
2026-09-17,84,2026-09-17T07:44:33.212844-05:00,2026-09-17T08:49:27.419061-05:00,64.9,0,1,8
2026-09-17,85,2026-09-17T07:45:22.490153-05:00,2026-09-17T08:52:13.264642-05:00,66.85,0,1,2
2026-09-17,87,2026-09-17T07:47:49.115543-05:00,2026-09-17T08:52:36.163717-05:00,64.78,0,0,10
2026-09-17,88,2026-09-17T07:48:08.569717-05:00,2026-09-17T08:53:56.947158-05:00,65.81,0,0,1
2026-09-17,89,2026-09-17T07:50:27.653034-05:00,2026-09-17T08:54:29.305981-05:00,64.03,0,0,3
2026-09-17,90,2026-09-17T07:52:17.607477-05:00,2026-09-17T08:54:35.707915-05:00,62.3,0,0,6
2026-09-17,91,2026-09-17T07:52:31.034549-05:00,2026-09-17T08:55:18.875921-05:00,62.8,0,1,9
2026-09-17,92,2026-09-17T07:56:15.772219-05:00,2026-09-17T08:58:05.454049-05:00,61.83,0,0,2
2026-09-17,93,2026-09-17T07:59:23.895729-05:00,2026-09-17T08:59:38.507200-05:00,60.24,0,0,5
2026-09-17,94,2026-09-17T08:05:46.391077-05:00,2026-09-17T09:00:05.305984-05:00,54.32,0,0,4
2026-09-17,96,2026-09-17T08:06:26.928889-05:00,2026-09-17T09:00:24.380095-05:00,53.96,0,0,8
2026-09-17,95,2026-09-17T08:06:28.269033-05:00,2026-09-17T09:02:13.825973-05:00,55.76,0,0,3
2026-09-17,99,2026-09-17T08:13:01.537180-05:00,2026-09-17T09:03:40.467433-05:00,50.65,0,0,9
2026-09-17,100,2026-09-17T08:17:42.181487-05:00,2026-09-17T09:05:33.687486-05:00,47.86,0,0,6
2026-09-17,101,2026-09-17T08:18:33.791556-05:00,2026-09-17T09:07:48.491708-05:00,49.25,0,1,7
2026-09-17,102,2026-09-17T08:35:42.838802-05:00,2026-09-17T09:09:27.293642-05:00,33.74,0,0,4
2026-09-17,104,2026-09-17T08:37:08.095990-05:00,2026-09-17T09:11:39.091305-05:00,34.52,0,1,9
2026-09-17,105,2026-09-17T08:42:29.717443-05:00,2026-09-17T09:12:31.995548-05:00,30.04,0,1,1
2026-09-17,106,2026-09-17T08:42:54.400005-05:00,2026-09-17T09:13:32.740442-05:00,30.64,0,1,10
2026-09-17,107,2026-09-17T08:44:27.022044-05:00,2026-09-17T09:15:58.115380-05:00,31.52,0,0,6
2026-09-17,114,2026-09-17T09:16:11.392563-05:00,2026-09-17T09:16:51.954331-05:00,0.68,1,0,5
2026-09-17,108,2026-09-17T08:50:35.362095-05:00,2026-09-17T09:18:37.515702-05:00,28.04,0,0,2
2026-09-17,109,2026-09-17T08:55:26.495295-05:00,2026-09-17T09:19:12.094172-05:00,23.76,0,1,3
2026-09-17,110,2026-09-17T09:00:25.951158-05:00,2026-09-17T09:19:53.128756-05:00,19.45,0,1,1
2026-09-17,111,2026-09-17T09:03:49.719657-05:00,2026-09-17T09:19:57.842233-05:00,16.14,0,1,8
2026-09-17,112,2026-09-17T09:06:43.835296-05:00,2026-09-17T09:20:06.402314-05:00,13.38,0,1,4
2026-09-17,119,2026-09-17T09:20:12.200860-05:00,2026-09-17T09:21:23.935593-05:00,1.2,1,0,10
2026-09-17,113,2026-09-17T09:09:25.353123-05:00,2026-09-17T09:23:51.191038-05:00,14.43,0,1,5
2026-09-17,115,2026-09-17T09:16:21.174013-05:00,2026-09-17T09:25:29.268668-05:00,9.13,0,0,9
2026-09-17,116,2026-09-17T09:19:15.575002-05:00,2026-09-17T09:26:16.092491-05:00,7.01,0,0,6
2026-09-17,117,2026-09-17T09:19:53.591277-05:00,2026-09-17T09:26:20.108715-05:00,6.44,0,0,4
2026-09-17,118,2026-09-17T09:20:04.941725-05:00,2026-09-17T09:26:32.559921-05:00,6.46,0,1,7
2026-09-17,120,2026-09-17T09:21:22.095532-05:00,2026-09-17T09:27:13.718609-05:00,5.86,0,1,8
2026-09-17,121,2026-09-17T09:21:32.382091-05:00,2026-09-17T09:29:22.045252-05:00,7.83,0,1,10
2026-09-17,122,2026-09-17T09:24:35.988954-05:00,2026-09-17T09:31:23.654217-05:00,6.79,0,0,3
2026-09-17,123,2026-09-17T09:27:04.077266-05:00,2026-09-17T09:32:14.417681-05:00,5.17,0,0,2
2026-09-17,124,2026-09-17T09:34:21.156172-05:00,2026-09-17T09:34:21.156172-05:00,0.0,0,0,5
2026-09-17,125,2026-09-17T09:34:56.948693-05:00,2026-09-17T09:34:56.948693-05:00,0.0,0,0,7
2026-09-17,126,2026-09-17T09:35:53.360784-05:00,2026-09-17T09:35:53.360784-05:00,0.0,0,0,10
2026-09-17,127,2026-09-17T09:41:41.725926-05:00,2026-09-17T09:41:41.725926-05:00,0.0,0,1,1
2026-09-17,128,2026-09-17T09:44:44.319624-05:00,2026-09-17T09:44:44.319624-05:00,0.0,0,0,3
2026-09-17,129,2026-09-17T09:49:28.319975-05:00,2026-09-17T09:49:28.319975-05:00,0.0,0,1,2
2026-09-17,130,2026-09-17T09:50:19.620913-05:00,2026-09-17T09:50:19.620913-05:00,0.0,0,1,4
2026-09-17,131,2026-09-17T10:00:12.232416-05:00,2026-09-17T10:00:12.232416-05:00,0.0,0,0,1
2026-09-17,132,2026-09-17T10:02:29.378377-05:00,2026-09-17T10:02:29.378377-05:00,0.0,1,1,3
2026-09-17,133,2026-09-17T10:03:21.909766-05:00,2026-09-17T10:03:21.909766-05:00,0.0,0,0,5
2026-09-17,134,2026-09-17T10:03:27.644188-05:00,2026-09-17T10:03:27.644188-05:00,0.0,0,1,6
2026-09-17,135,2026-09-17T10:09:15.155151-05:00,2026-09-17T10:09:15.155151-05:00,0.0,0,0,4
2026-09-17,136,2026-09-17T10:21:01.309191-05:00,2026-09-17T10:21:01.309191-05:00,0.0,0,0,1
2026-09-17,137,2026-09-17T10:25:40.412779-05:00,2026-09-17T10:25:40.412779-05:00,0.0,0,0,2
2026-09-17,138,2026-09-17T10:27:26.652687-05:00,2026-09-17T10:27:26.652687-05:00,0.0,0,1,3
2026-09-17,139,2026-09-17T10:29:02.237520-05:00,2026-09-17T10:29:02.237520-05:00,0.0,0,0,4
2026-09-17,140,2026-09-17T10:38:25.009156-05:00,2026-09-17T10:38:25.009156-05:00,0.0,0,1,1
2026-09-17,141,2026-09-17T10:38:33.268374-05:00,2026-09-17T10:38:33.268374-05:00,0.0,1,0,2
2026-09-17,142,2026-09-17T10:55:23.632216-05:00,2026-09-17T10:55:23.632216-05:00,0.0,0,0,2
2026-09-17,143,2026-09-17T10:59:38.867145-05:00,2026-09-17T10:59:38.867145-05:00,0.0,0,0,3
2026-09-17,144,2026-09-17T11:02:26.994850-05:00,2026-09-17T11:02:26.994850-05:00,0.0,0,0,4
2026-09-17,145,2026-09-17T11:12:42.470818-05:00,2026-09-17T11:12:42.470818-05:00,0.0,0,0,2
2026-09-17,146,2026-09-17T11:22:29.690960-05:00,2026-09-17T11:22:29.690960-05:00,0.0,0,1,1
2026-09-17,147,2026-09-17T11:28:44.359479-05:00,2026-09-17T11:28:44.359479-05:00,0.0,0,0,3
2026-09-17,148,2026-09-17T11:38:08.568211-05:00,2026-09-17T11:38:08.568211-05:00,0.0,0,0,4
2026-09-17,149,2026-09-17T11:41:03.891721-05:00,2026-09-17T11:41:03.891721-05:00,0.0,0,0,1
2026-09-17,150,2026-09-17T12:23:22.916272-05:00,2026-09-17T12:23:22.916272-05:00,0.0,0,0,1
2026-09-17,151,2026-09-17T12:25:50.732989-05:00,2026-09-17T12:25:50.732989-05:00,0.0,0,0,2
2026-09-18,2,2026-09-18T06:20:55.663597-05:00,2026-09-18T07:06:00-05:00,45.07,1,1,1
2026-09-18,3,2026-09-18T06:21:47.943869-05:00,2026-09-18T07:06:00-05:00,44.2,1,1,2
2026-09-18,9,2026-09-18T06:28:16.804007-05:00,2026-09-18T07:06:00-05:00,37.72,1,1,3
2026-09-18,34,2026-09-18T06:48:15.456153-05:00,2026-09-18T07:06:00-05:00,17.74,1,0,4
2026-09-18,41,2026-09-18T06:54:25.575375-05:00,2026-09-18T07:06:00-05:00,11.57,1,1,5
2026-09-18,52,2026-09-18T07:02:53.714509-05:00,2026-09-18T07:06:00-05:00,3.1,1,0,6
2026-09-18,0,2026-09-18T06:15:26.417270-05:00,2026-09-18T07:06:00-05:00,50.56,0,1,7
2026-09-18,1,2026-09-18T06:19:02.830527-05:00,2026-09-18T07:06:00-05:00,46.95,0,0,8
2026-09-18,4,2026-09-18T06:24:27.328471-05:00,2026-09-18T07:06:00-05:00,41.54,0,0,9
2026-09-18,5,2026-09-18T06:26:28.213744-05:00,2026-09-18T07:06:00-05:00,39.53,0,0,10
2026-09-18,58,2026-09-18T07:06:14.798876-05:00,2026-09-18T07:12:29.626144-05:00,6.25,1,0,6
2026-09-18,72,2026-09-18T07:14:09.793903-05:00,2026-09-18T07:14:25.253122-05:00,0.26,1,1,4
2026-09-18,7,2026-09-18T06:26:40.736196-05:00,2026-09-18T07:16:12.171501-05:00,49.52,0,0,5
2026-09-18,6,2026-09-18T06:26:56.837594-05:00,2026-09-18T07:16:13.533405-05:00,49.28,0,1,1
2026-09-18,8,2026-09-18T06:27:07.947602-05:00,2026-09-18T07:16:17.332303-05:00,49.16,0,1,7
2026-09-18,10,2026-09-18T06:30:30.128693-05:00,2026-09-18T07:17:55.732767-05:00,47.43,0,0,8
2026-09-18,78,2026-09-18T07:20:04.295837-05:00,2026-09-18T07:20:46.525388-05:00,0.7,1,1,2
2026-09-18,11,2026-09-18T06:32:59.204273-05:00,2026-09-18T07:22:32.400281-05:00,49.55,0,0,3
2026-09-18,13,2026-09-18T06:33:34.817805-05:00,2026-09-18T07:23:07.181440-05:00,49.54,0,0,10
2026-09-18,14,2026-09-18T06:33:41.977513-05:00,2026-09-18T07:26:02.313812-05:00,52.34,0,0,4
2026-09-18,84,2026-09-18T07:28:35.830110-05:00,2026-09-18T07:29:15.119927-05:00,0.65,1,0,6
2026-09-18,15,2026-09-18T06:33:57.223440-05:00,2026-09-18T07:29:49.454142-05:00,55.87,0,0,5
2026-09-18,12,2026-09-18T06:33:58.563584-05:00,2026-09-18T07:30:27.787456-05:00,56.49,0,0,9
2026-09-18,16,2026-09-18T06:34:20.750107-05:00,2026-09-18T07:30:28.886387-05:00,56.14,0,0,7
2026-09-18,17,2026-09-18T06:35:58.656127-05:00,2026-09-18T07:31:18.206602-05:00,55.33,0,0,2
2026-09-18,19,2026-09-18T06:37:11.924152-05:00,2026-09-18T07:31:45.684856-05:00,54.56,0,0,1
2026-09-18,18,2026-09-18T06:37:19.122555-05:00,2026-09-18T07:34:35.669602-05:00,57.28,0,1,10
2026-09-18,20,2026-09-18T06:37:32.019880-05:00,2026-09-18T07:35:44.570545-05:00,58.21,0,0,4
2026-09-18,93,2026-09-18T07:37:12.796402-05:00,2026-09-18T07:39:19.544690-05:00,2.11,1,0,6
2026-09-18,96,2026-09-18T07:38:04.637200-05:00,2026-09-18T07:41:56.889073-05:00,3.87,1,0,8
2026-09-18,99,2026-09-18T07:41:06.121791-05:00,2026-09-18T07:41:59.823898-05:00,0.9,1,0,3
2026-09-18,21,2026-09-18T06:37:54.992944-05:00,2026-09-18T07:43:40.361646-05:00,65.76,0,1,2
2026-09-18,22,2026-09-18T06:39:12.078350-05:00,2026-09-18T07:43:52.799219-05:00,64.68,0,1,7
2026-09-18,23,2026-09-18T06:39:35.327064-05:00,2026-09-18T07:44:10.654069-05:00,64.59,0,1,9
2026-09-18,24,2026-09-18T06:40:00.230289-05:00,2026-09-18T07:47:00.950944-05:00,67.01,0,0,1
2026-09-18,25,2026-09-18T06:43:35.199944-05:00,2026-09-18T07:47:23.264010-05:00,63.8,0,1,5
2026-09-18,103,2026-09-18T07:49:54.352531-05:00,2026-09-18T07:50:42.640035-05:00,0.8,1,0,10
2026-09-18,26,2026-09-18T06:43:36.529154-05:00,2026-09-18T07:50:43.432952-05:00,67.12,0,0,3
2026-09-18,105,2026-09-18T07:51:34.113085-05:00,2026-09-18T07:52:00.069707-05:00,0.43,1,0,6
2026-09-18,27,2026-09-18T06:45:15.508323-05:00,2026-09-18T07:54:08.901998-05:00,68.89,0,0,5
2026-09-18,32,2026-09-18T06:46:01.543035-05:00,2026-09-18T07:56:17.759359-05:00,70.27,0,1,9
2026-09-18,110,2026-09-18T07:56:18.137563-05:00,2026-09-18T07:58:23.114205-05:00,2.08,1,1,8
2026-09-18,30,2026-09-18T06:46:01.995429-05:00,2026-09-18T07:58:42.724755-05:00,72.68,0,0,4
2026-09-18,28,2026-09-18T06:46:02.878921-05:00,2026-09-18T07:59:33.486884-05:00,73.51,0,1,7
2026-09-18,31,2026-09-18T06:46:10.691231-05:00,2026-09-18T08:00:11.940755-05:00,74.02,0,0,9
2026-09-18,29,2026-09-18T06:46:24.934256-05:00,2026-09-18T08:00:47.861289-05:00,74.38,0,0,2
2026-09-18,114,2026-09-18T08:01:05.261431-05:00,2026-09-18T08:04:36.500492-05:00,3.52,1,0,6
2026-09-18,33,2026-09-18T06:47:05.730205-05:00,2026-09-18T08:04:47.222033-05:00,77.69,0,0,10
2026-09-18,35,2026-09-18T06:49:20.122164-05:00,2026-09-18T08:06:30.707721-05:00,77.18,0,1,3
2026-09-18,37,2026-09-18T06:52:03.093878-05:00,2026-09-18T08:07:01.571618-05:00,74.97,0,1,9
2026-09-18,36,2026-09-18T06:52:08.700344-05:00,2026-09-18T08:07:14.309476-05:00,75.09,0,0,5
2026-09-18,38,2026-09-18T06:52:57.306083-05:00,2026-09-18T08:07:45.294261-05:00,74.8,0,1,8
2026-09-18,39,2026-09-18T06:53:32.898473-05:00,2026-09-18T08:07:53.204408-05:00,74.34,0,0,4
2026-09-18,40,2026-09-18T06:54:21.471849-05:00,2026-09-18T08:10:04.486839-05:00,75.72,0,0,1
2026-09-18,42,2026-09-18T06:56:44.025197-05:00,2026-09-18T08:10:15.620677-05:00,73.53,0,1,7
2026-09-18,43,2026-09-18T06:56:59.469285-05:00,2026-09-18T08:13:45.431018-05:00,76.77,0,0,4
2026-09-18,120,2026-09-18T08:14:21.737261-05:00,2026-09-18T08:17:25.139610-05:00,3.06,1,1,9
2026-09-18,124,2026-09-18T08:17:40.296650-05:00,2026-09-18T08:19:59.760019-05:00,2.32,1,1,10
2026-09-18,44,2026-09-18T06:57:56.512893-05:00,2026-09-18T08:23:36.602607-05:00,85.67,0,0,4
2026-09-18,45,2026-09-18T06:57:56.687024-05:00,2026-09-18T08:24:44.811943-05:00,86.8,0,0,8
2026-09-18,46,2026-09-18T06:59:13.055422-05:00,2026-09-18T08:24:48.435527-05:00,85.59,0,0,1
2026-09-18,47,2026-09-18T07:00:10.068829-05:00,2026-09-18T08:25:46.500999-05:00,85.61,0,1,2
2026-09-18,48,2026-09-18T07:00:30.782753-05:00,2026-09-18T08:25:52.747154-05:00,85.37,0,0,5
2026-09-18,49,2026-09-18T07:01:11.262718-05:00,2026-09-18T08:26:52.286526-05:00,85.68,0,0,3
2026-09-18,50,2026-09-18T07:01:29.475372-05:00,2026-09-18T08:26:52.695748-05:00,85.39,0,1,6
2026-09-18,51,2026-09-18T07:02:29.159767-05:00,2026-09-18T08:30:43.537354-05:00,88.24,0,0,4
2026-09-18,53,2026-09-18T07:03:38.035422-05:00,2026-09-18T08:33:15.979357-05:00,89.63,0,0,1
2026-09-18,54,2026-09-18T07:04:39.326952-05:00,2026-09-18T08:33:33.495441-05:00,88.9,0,0,10
2026-09-18,56,2026-09-18T07:05:06.091167-05:00,2026-09-18T08:34:14.513393-05:00,89.14,0,0,5
2026-09-18,55,2026-09-18T07:05:13.861112-05:00,2026-09-18T08:34:46.815606-05:00,89.55,0,0,9
2026-09-18,57,2026-09-18T07:05:45.915873-05:00,2026-09-18T08:36:02.413539-05:00,90.27,0,1,2
2026-09-18,59,2026-09-18T07:06:48.644389-05:00,2026-09-18T08:37:17.159655-05:00,90.48,0,0,6
2026-09-18,60,2026-09-18T07:06:50.455627-05:00,2026-09-18T08:37:19.786711-05:00,90.49,0,0,7
2026-09-18,61,2026-09-18T07:07:16.504585-05:00,2026-09-18T08:37:46.088922-05:00,90.49,0,0,3
2026-09-18,63,2026-09-18T07:07:40.747143-05:00,2026-09-18T08:37:48.360047-05:00,90.13,0,0,8
2026-09-18,62,2026-09-18T07:07:55.671882-05:00,2026-09-18T08:45:54.942452-05:00,97.99,0,0,5
2026-09-18,64,2026-09-18T07:08:09.628012-05:00,2026-09-18T08:46:08.919571-05:00,97.99,0,0,4
2026-09-18,66,2026-09-18T07:10:21.307674-05:00,2026-09-18T08:46:55.643468-05:00,96.57,0,0,10
2026-09-18,65,2026-09-18T07:10:25.121699-05:00,2026-09-18T08:46:58.853768-05:00,96.56,0,0,8
2026-09-18,67,2026-09-18T07:10:41.277228-05:00,2026-09-18T08:47:00.423540-05:00,96.32,0,1,2
2026-09-18,68,2026-09-18T07:11:04.501996-05:00,2026-09-18T08:48:51.164820-05:00,97.78,0,1,7
2026-09-18,69,2026-09-18T07:11:59.284602-05:00,2026-09-18T08:49:08.798479-05:00,97.16,0,0,9
2026-09-18,70,2026-09-18T07:13:33.539571-05:00,2026-09-18T08:51:49.228561-05:00,98.26,0,1,5
2026-09-18,71,2026-09-18T07:14:12.785197-05:00,2026-09-18T08:53:58.001308-05:00,99.75,0,1,4
2026-09-18,73,2026-09-18T07:15:47.891554-05:00,2026-09-18T08:55:16.000388-05:00,99.47,0,1,3
2026-09-18,74,2026-09-18T07:16:53.846005-05:00,2026-09-18T08:55:22.623513-05:00,98.48,0,1,9
2026-09-18,75,2026-09-18T07:17:22.076707-05:00,2026-09-18T08:55:43.338683-05:00,98.35,0,1,6
2026-09-18,76,2026-09-18T07:19:29.116754-05:00,2026-09-18T09:05:01.600542-05:00,105.54,0,0,5
2026-09-18,77,2026-09-18T07:19:53.337850-05:00,2026-09-18T09:06:06.222050-05:00,106.21,0,0,9
2026-09-18,79,2026-09-18T07:21:17.979447-05:00,2026-09-18T09:07:34.699811-05:00,106.28,0,0,8
2026-09-18,80,2026-09-18T07:25:00.949889-05:00,2026-09-18T09:08:33.755613-05:00,103.55,0,0,10
2026-09-18,81,2026-09-18T07:26:33.225288-05:00,2026-09-18T09:10:37.809331-05:00,104.08,0,1,6
2026-09-18,82,2026-09-18T07:27:55.874886-05:00,2026-09-18T09:11:56.632062-05:00,104.01,0,0,7
2026-09-18,83,2026-09-18T07:28:30.666040-05:00,2026-09-18T09:12:08.240411-05:00,103.63,0,0,1
2026-09-18,85,2026-09-18T07:29:03.510495-05:00,2026-09-18T09:14:21.257477-05:00,105.3,0,0,4
2026-09-18,86,2026-09-18T07:29:40.522152-05:00,2026-09-18T09:15:51.059214-05:00,106.18,0,1,9
2026-09-18,87,2026-09-18T07:30:33.804776-05:00,2026-09-18T09:16:51.388077-05:00,106.29,0,0,10
2026-09-18,88,2026-09-18T07:32:13.669533-05:00,2026-09-18T09:17:02.092082-05:00,104.81,0,0,2
2026-09-18,89,2026-09-18T07:32:39.060606-05:00,2026-09-18T09:20:17.781375-05:00,107.65,0,0,5
2026-09-18,90,2026-09-18T07:33:11.462537-05:00,2026-09-18T09:22:58.166391-05:00,109.78,0,0,3
2026-09-18,91,2026-09-18T07:34:48.163836-05:00,2026-09-18T09:23:51.260145-05:00,109.05,0,1,8
2026-09-18,92,2026-09-18T07:35:34.702066-05:00,2026-09-18T09:24:03.166823-05:00,108.47,0,1,1
2026-09-18,94,2026-09-18T07:37:15.284939-05:00,2026-09-18T09:24:38.136911-05:00,107.38,0,1,10
2026-09-18,95,2026-09-18T07:37:51.862192-05:00,2026-09-18T09:26:12.472954-05:00,108.34,0,0,7
2026-09-18,97,2026-09-18T07:39:26.210913-05:00,2026-09-18T09:27:57.612839-05:00,108.52,0,0,9
2026-09-18,98,2026-09-18T07:40:42.268766-05:00,2026-09-18T09:29:36.014908-05:00,108.9,0,1,8
2026-09-18,100,2026-09-18T07:41:53.783656-05:00,2026-09-18T09:30:37.876771-05:00,108.73,0,0,3
2026-09-18,101,2026-09-18T07:44:24.711856-05:00,2026-09-18T09:32:36.229791-05:00,108.19,0,0,5
2026-09-18,139,2026-09-18T09:33:17.242217-05:00,2026-09-18T09:33:50.627509-05:00,0.56,1,0,4
2026-09-18,102,2026-09-18T07:45:20.550702-05:00,2026-09-18T09:35:13.459660-05:00,109.88,0,1,2
2026-09-18,104,2026-09-18T07:50:51.796067-05:00,2026-09-18T09:38:44.430231-05:00,107.88,0,1,10
2026-09-18,106,2026-09-18T07:52:05.999021-05:00,2026-09-18T09:39:22.930915-05:00,107.28,0,0,6
2026-09-18,107,2026-09-18T07:52:33.930042-05:00,2026-09-18T09:39:29.379374-05:00,106.92,0,0,1
2026-09-18,108,2026-09-18T07:54:04.125052-05:00,2026-09-18T09:40:47.645363-05:00,106.73,0,1,2
2026-09-18,109,2026-09-18T07:55:43.963472-05:00,2026-09-18T09:41:09.615224-05:00,105.43,0,0,9
2026-09-18,111,2026-09-18T07:58:31.707742-05:00,2026-09-18T09:41:13.443050-05:00,102.7,0,0,8
2026-09-18,112,2026-09-18T08:00:48.179938-05:00,2026-09-18T09:42:04.237574-05:00,101.27,0,1,5
2026-09-18,113,2026-09-18T08:01:16.333442-05:00,2026-09-18T09:46:43.314312-05:00,105.45,0,0,7
2026-09-18,115,2026-09-18T08:08:03.316154-05:00,2026-09-18T09:46:52.611128-05:00,98.82,0,1,6
2026-09-18,116,2026-09-18T08:08:30.251015-05:00,2026-09-18T09:47:09.932499-05:00,98.66,0,0,5
2026-09-18,117,2026-09-18T08:09:03.135504-05:00,2026-09-18T09:47:59.158648-05:00,98.93,0,0,2
2026-09-18,118,2026-09-18T08:09:40.430429-05:00,2026-09-18T09:49:04.778740-05:00,99.41,0,0,8
2026-09-18,119,2026-09-18T08:12:30.608423-05:00,2026-09-18T09:49:46.129366-05:00,97.26,0,1,9
2026-09-18,121,2026-09-18T08:15:27.974118-05:00,2026-09-18T09:51:39.614341-05:00,96.19,0,0,10
2026-09-18,123,2026-09-18T08:17:37.176117-05:00,2026-09-18T09:52:24.151979-05:00,94.78,0,0,3
2026-09-18,122,2026-09-18T08:17:58.865485-05:00,2026-09-18T09:53:59.017778-05:00,96.0,0,1,1
2026-09-18,125,2026-09-18T08:22:37.527628-05:00,2026-09-18T09:57:10.456199-05:00,94.55,0,0,4
2026-09-18,126,2026-09-18T08:40:15.238356-05:00,2026-09-18T09:57:59.422362-05:00,77.74,0,1,5
2026-09-18,127,2026-09-18T08:43:03.780576-05:00,2026-09-18T09:59:44.215041-05:00,76.67,0,1,6
2026-09-18,128,2026-09-18T08:44:17.202683-05:00,2026-09-18T10:00:46.593907-05:00,76.49,0,1,10
2026-09-18,129,2026-09-18T08:54:56.160093-05:00,2026-09-18T10:01:07.749748-05:00,66.19,0,0,9
2026-09-18,130,2026-09-18T08:59:33.667413-05:00,2026-09-18T10:01:20.206758-05:00,61.78,0,0,1
2026-09-18,131,2026-09-18T09:00:36.466565-05:00,2026-09-18T10:02:06.496526-05:00,61.5,0,0,8
2026-09-18,132,2026-09-18T09:07:11.930714-05:00,2026-09-18T10:02:07.610678-05:00,54.93,0,0,2
2026-09-18,133,2026-09-18T09:13:50.809936-05:00,2026-09-18T10:04:14.296815-05:00,50.39,0,0,7
2026-09-18,134,2026-09-18T09:14:11.517378-05:00,2026-09-18T10:07:08.115684-05:00,52.94,0,0,4
2026-09-18,135,2026-09-18T09:17:48.320934-05:00,2026-09-18T10:08:53.476984-05:00,51.09,0,1,1
2026-09-18,136,2026-09-18T09:21:16.670406-05:00,2026-09-18T10:09:51.709395-05:00,48.58,0,0,6
2026-09-18,137,2026-09-18T09:22:54.206952-05:00,2026-09-18T10:12:42.109906-05:00,49.8,0,1,2
2026-09-18,138,2026-09-18T09:31:58.118758-05:00,2026-09-18T10:13:03.779241-05:00,41.09,0,0,3
2026-09-18,140,2026-09-18T09:34:42.428230-05:00,2026-09-18T10:15:15.408188-05:00,40.55,0,1,10
2026-09-18,141,2026-09-18T09:37:08.183746-05:00,2026-09-18T10:15:35.370845-05:00,38.45,0,0,6
2026-09-18,142,2026-09-18T09:37:58.286507-05:00,2026-09-18T10:15:47.358687-05:00,37.82,0,0,7
2026-09-18,143,2026-09-18T09:41:11.681642-05:00,2026-09-18T10:18:20.191641-05:00,37.14,0,0,4
2026-09-18,144,2026-09-18T09:45:03.998559-05:00,2026-09-18T10:19:50.467079-05:00,34.77,0,0,2
2026-09-18,145,2026-09-18T09:49:30.236743-05:00,2026-09-18T10:21:00.455930-05:00,31.5,0,1,1
2026-09-18,146,2026-09-18T09:50:15.102601-05:00,2026-09-18T10:23:03.102383-05:00,32.8,0,1,5
2026-09-18,147,2026-09-18T10:00:51.003286-05:00,2026-09-18T10:24:11.197442-05:00,23.34,0,1,7
2026-09-18,148,2026-09-18T10:05:32.665141-05:00,2026-09-18T10:24:25.472610-05:00,18.88,0,0,10
2026-09-18,149,2026-09-18T10:12:33.242564-05:00,2026-09-18T10:26:26.267049-05:00,13.88,0,0,3
2026-09-18,150,2026-09-18T10:22:14.037400-05:00,2026-09-18T10:26:54.925903-05:00,4.68,0,0,6
2026-09-18,151,2026-09-18T10:23:41.943066-05:00,2026-09-18T10:29:00.594234-05:00,5.31,0,1,2
2026-09-18,153,2026-09-18T10:24:00.058394-05:00,2026-09-18T10:30:54.518444-05:00,6.91,0,0,8
2026-09-18,152,2026-09-18T10:24:09.645729-05:00,2026-09-18T10:31:25.260233-05:00,7.26,0,0,10
2026-09-18,154,2026-09-18T10:24:38.267378-05:00,2026-09-18T10:32:08.541105-05:00,7.5,0,1,5
2026-09-18,155,2026-09-18T10:27:07.182578-05:00,2026-09-18T10:34:30.843581-05:00,7.39,0,0,7
2026-09-18,156,2026-09-18T10:30:23.568316-05:00,2026-09-18T10:34:51.964172-05:00,4.47,0,0,9
2026-09-18,157,2026-09-18T10:32:46.594500-05:00,2026-09-18T10:35:47.923744-05:00,3.02,0,0,4
2026-09-18,158,2026-09-18T10:37:03.679896-05:00,2026-09-18T10:37:03.679896-05:00,0.0,0,0,6
2026-09-18,159,2026-09-18T10:54:03.473302-05:00,2026-09-18T10:54:03.473302-05:00,0.0,0,1,1
2026-09-18,160,2026-09-18T11:02:47.254610-05:00,2026-09-18T11:02:47.254610-05:00,0.0,0,1,2
2026-09-18,161,2026-09-18T11:03:09.312814-05:00,2026-09-18T11:03:09.312814-05:00,0.0,1,0,3
2026-09-18,162,2026-09-18T11:04:16.861015-05:00,2026-09-18T11:04:16.861015-05:00,0.0,1,0,4
2026-09-18,163,2026-09-18T11:09:47.354022-05:00,2026-09-18T11:09:47.354022-05:00,0.0,0,0,5
2026-09-18,164,2026-09-18T11:17:27.752852-05:00,2026-09-18T11:17:27.752852-05:00,0.0,0,0,1
2026-09-18,165,2026-09-18T11:24:20.523427-05:00,2026-09-18T11:24:20.523427-05:00,0.0,0,0,2
2026-09-18,166,2026-09-18T11:29:20.438792-05:00,2026-09-18T11:29:20.438792-05:00,0.0,0,1,4
2026-09-18,167,2026-09-18T11:46:21.887953-05:00,2026-09-18T11:46:21.887953-05:00,0.0,0,0,1
2026-09-18,168,2026-09-18T12:05:34.919208-05:00,2026-09-18T12:05:34.919208-05:00,0.0,0,0,1
2026-09-18,169,2026-09-18T12:11:53.437172-05:00,2026-09-18T12:11:53.437172-05:00,0.0,0,1,2
2026-09-19,1,2026-09-19T06:14:57.410127-05:00,2026-09-19T07:06:00-05:00,51.04,1,0,1
2026-09-19,3,2026-09-19T06:20:24.608047-05:00,2026-09-19T07:06:00-05:00,45.59,1,0,2
2026-09-19,9,2026-09-19T06:26:32.159551-05:00,2026-09-19T07:06:00-05:00,39.46,1,0,3
2026-09-19,43,2026-09-19T06:59:07.328109-05:00,2026-09-19T07:06:00-05:00,6.88,1,1,4
2026-09-19,44,2026-09-19T06:59:58.015670-05:00,2026-09-19T07:06:00-05:00,6.03,1,0,5
2026-09-19,46,2026-09-19T07:00:48.905329-05:00,2026-09-19T07:06:00-05:00,5.18,1,0,6
2026-09-19,52,2026-09-19T07:05:28.226934-05:00,2026-09-19T07:06:00-05:00,0.53,1,0,7
2026-09-19,0,2026-09-19T06:13:30.203091-05:00,2026-09-19T07:06:00-05:00,52.5,0,1,8
2026-09-19,2,2026-09-19T06:14:33.194693-05:00,2026-09-19T07:06:00-05:00,51.45,0,0,9
2026-09-19,4,2026-09-19T06:21:06.734051-05:00,2026-09-19T07:06:00-05:00,44.89,0,1,10
2026-09-19,53,2026-09-19T07:06:09.796012-05:00,2026-09-19T07:13:00.837298-05:00,6.85,1,1,9
2026-09-19,62,2026-09-19T07:12:19.666875-05:00,2026-09-19T07:13:18.882405-05:00,0.99,1,0,3
2026-09-19,5,2026-09-19T06:22:15.887085-05:00,2026-09-19T07:16:38.521793-05:00,54.38,0,0,2
2026-09-19,6,2026-09-19T06:22:17.030372-05:00,2026-09-19T07:18:02.058479-05:00,55.75,0,1,7
2026-09-19,7,2026-09-19T06:22:31.622360-05:00,2026-09-19T07:20:03.284299-05:00,57.53,0,0,1
2026-09-19,8,2026-09-19T06:24:59.635926-05:00,2026-09-19T07:20:18.570798-05:00,55.32,0,0,4
2026-09-19,11,2026-09-19T06:29:11.169997-05:00,2026-09-19T07:20:54.009106-05:00,51.71,0,0,5
2026-09-19,10,2026-09-19T06:29:20.841288-05:00,2026-09-19T07:21:31.262311-05:00,52.17,0,0,6
2026-09-19,12,2026-09-19T06:29:36.278538-05:00,2026-09-19T07:22:53.619853-05:00,53.29,0,0,9
2026-09-19,13,2026-09-19T06:32:41.895913-05:00,2026-09-19T07:23:14.279789-05:00,50.54,0,0,8
2026-09-19,14,2026-09-19T06:32:58.000486-05:00,2026-09-19T07:23:32.065043-05:00,50.57,0,0,3
2026-09-19,16,2026-09-19T06:33:24.905710-05:00,2026-09-19T07:23:54.486541-05:00,50.49,0,1,10
2026-09-19,76,2026-09-19T07:24:12.739973-05:00,2026-09-19T07:24:53.912968-05:00,0.69,1,0,2
2026-09-19,80,2026-09-19T07:25:48.546813-05:00,2026-09-19T07:32:22.115938-05:00,6.56,1,0,9
2026-09-19,84,2026-09-19T07:32:00.548499-05:00,2026-09-19T07:33:37.483661-05:00,1.62,1,1,6
2026-09-19,15,2026-09-19T06:33:28.571120-05:00,2026-09-19T07:33:58.795028-05:00,60.5,0,0,1
2026-09-19,88,2026-09-19T07:34:48.909060-05:00,2026-09-19T07:34:54.847643-05:00,0.1,1,1,10
2026-09-19,17,2026-09-19T06:33:43.438220-05:00,2026-09-19T07:36:34.116216-05:00,62.84,0,1,4
2026-09-19,18,2026-09-19T06:34:25.055570-05:00,2026-09-19T07:37:04.286413-05:00,62.65,0,0,3
2026-09-19,92,2026-09-19T07:37:29.288418-05:00,2026-09-19T07:37:57.857195-05:00,0.48,1,0,5
2026-09-19,19,2026-09-19T06:34:51.912761-05:00,2026-09-19T07:39:02.266157-05:00,64.17,0,0,8
2026-09-19,20,2026-09-19T06:34:58.699576-05:00,2026-09-19T07:39:09.830218-05:00,64.19,0,0,2
2026-09-19,93,2026-09-19T07:40:09.382111-05:00,2026-09-19T07:40:32.486010-05:00,0.39,1,0,6
2026-09-19,94,2026-09-19T07:40:46.235726-05:00,2026-09-19T07:43:32.653996-05:00,2.77,1,0,9
2026-09-19,21,2026-09-19T06:35:45.938585-05:00,2026-09-19T07:44:03.973173-05:00,68.3,0,0,7
2026-09-19,23,2026-09-19T06:36:39.116871-05:00,2026-09-19T07:44:04.951264-05:00,67.43,0,0,2
2026-09-19,22,2026-09-19T06:36:47.081388-05:00,2026-09-19T07:48:11.531289-05:00,71.41,0,0,10
2026-09-19,24,2026-09-19T06:37:24.455500-05:00,2026-09-19T07:52:18.860925-05:00,74.91,0,0,3
2026-09-19,25,2026-09-19T06:38:24.365576-05:00,2026-09-19T07:52:29.398282-05:00,74.08,0,0,7
2026-09-19,101,2026-09-19T07:52:51.123219-05:00,2026-09-19T07:53:02.293614-05:00,0.19,1,0,6
2026-09-19,26,2026-09-19T06:44:28.197310-05:00,2026-09-19T07:54:35.147019-05:00,70.12,0,0,5
2026-09-19,27,2026-09-19T06:45:31.052771-05:00,2026-09-19T07:54:46.983016-05:00,69.27,0,0,4
2026-09-19,28,2026-09-19T06:45:36.200690-05:00,2026-09-19T07:55:14.740259-05:00,69.64,0,1,8
2026-09-19,29,2026-09-19T06:48:51.503340-05:00,2026-09-19T07:56:45.803216-05:00,67.9,0,0,2
2026-09-19,30,2026-09-19T06:49:01.125254-05:00,2026-09-19T07:56:50.992414-05:00,67.83,0,1,1
2026-09-19,31,2026-09-19T06:50:31.589310-05:00,2026-09-19T08:01:33.212062-05:00,71.03,0,0,9
2026-09-19,32,2026-09-19T06:50:32.169882-05:00,2026-09-19T08:01:47.985010-05:00,71.26,0,1,6
2026-09-19,33,2026-09-19T06:51:38.995559-05:00,2026-09-19T08:03:48.124669-05:00,72.15,0,0,8
2026-09-19,34,2026-09-19T06:51:42.907952-05:00,2026-09-19T08:04:12.716698-05:00,72.5,0,0,10
2026-09-19,36,2026-09-19T06:53:35.377491-05:00,2026-09-19T08:07:57.943824-05:00,74.38,0,0,5
2026-09-19,35,2026-09-19T06:53:46.212072-05:00,2026-09-19T08:08:04.113028-05:00,74.3,0,0,2
2026-09-19,39,2026-09-19T06:56:36.804137-05:00,2026-09-19T08:08:46.910875-05:00,72.17,0,1,3
2026-09-19,38,2026-09-19T06:56:46.146830-05:00,2026-09-19T08:10:13.662691-05:00,73.46,0,0,1
2026-09-19,37,2026-09-19T06:56:56.200406-05:00,2026-09-19T08:11:53.039381-05:00,74.95,0,0,10
2026-09-19,40,2026-09-19T06:57:07.202187-05:00,2026-09-19T08:12:19.060692-05:00,75.2,0,1,6
2026-09-19,41,2026-09-19T06:57:31.708108-05:00,2026-09-19T08:12:54.781715-05:00,75.38,0,1,4
2026-09-19,42,2026-09-19T06:58:51.765377-05:00,2026-09-19T08:13:29.739891-05:00,74.63,0,1,9
2026-09-19,45,2026-09-19T06:59:42.315659-05:00,2026-09-19T08:14:15.254075-05:00,74.55,0,0,7
2026-09-19,47,2026-09-19T07:02:05.688187-05:00,2026-09-19T08:18:28.332987-05:00,76.38,0,1,10
2026-09-19,48,2026-09-19T07:03:13.037105-05:00,2026-09-19T08:20:27.741565-05:00,77.25,0,0,9
2026-09-19,49,2026-09-19T07:04:21.836700-05:00,2026-09-19T08:20:35.131999-05:00,76.22,0,1,3
2026-09-19,50,2026-09-19T07:04:41.575708-05:00,2026-09-19T08:21:34.698499-05:00,76.89,0,0,1
2026-09-19,51,2026-09-19T07:05:22.360247-05:00,2026-09-19T08:24:48.284960-05:00,79.43,0,0,6
2026-09-19,54,2026-09-19T07:06:31.140332-05:00,2026-09-19T08:26:39.268028-05:00,80.14,0,1,8
2026-09-19,55,2026-09-19T07:08:12.684247-05:00,2026-09-19T08:27:44.760230-05:00,79.53,0,1,7
2026-09-19,56,2026-09-19T07:08:18.845377-05:00,2026-09-19T08:28:21.383292-05:00,80.04,0,0,9
2026-09-19,58,2026-09-19T07:10:44.664019-05:00,2026-09-19T08:31:22.663503-05:00,80.63,0,1,10
2026-09-19,57,2026-09-19T07:10:45.504637-05:00,2026-09-19T08:31:49.737422-05:00,81.07,0,1,2
2026-09-19,59,2026-09-19T07:11:01.012270-05:00,2026-09-19T08:32:04.277123-05:00,81.05,0,1,5
2026-09-19,61,2026-09-19T07:11:49.986224-05:00,2026-09-19T08:33:29.177628-05:00,81.65,0,1,1
2026-09-19,60,2026-09-19T07:11:55.614520-05:00,2026-09-19T08:33:33.557066-05:00,81.63,0,0,6
2026-09-19,63,2026-09-19T07:12:15.435492-05:00,2026-09-19T08:35:29.316139-05:00,83.23,0,1,3
2026-09-19,64,2026-09-19T07:13:31.472041-05:00,2026-09-19T08:37:29.351509-05:00,83.96,0,0,2
2026-09-19,65,2026-09-19T07:14:38.309469-05:00,2026-09-19T08:38:15.857893-05:00,83.63,0,1,4
2026-09-19,66,2026-09-19T07:15:48.880092-05:00,2026-09-19T08:39:35.615656-05:00,83.78,0,0,8
2026-09-19,119,2026-09-19T08:40:26.445452-05:00,2026-09-19T08:41:42.604735-05:00,1.27,1,1,1
2026-09-19,67,2026-09-19T07:17:02.680132-05:00,2026-09-19T08:45:13.207895-05:00,88.18,0,0,7
2026-09-19,68,2026-09-19T07:18:07.304438-05:00,2026-09-19T08:45:55.640982-05:00,87.81,0,1,2
2026-09-19,69,2026-09-19T07:18:19.970382-05:00,2026-09-19T08:46:56.249548-05:00,88.6,0,1,10
2026-09-19,70,2026-09-19T07:19:07.487436-05:00,2026-09-19T08:48:14.702740-05:00,89.12,0,0,9
2026-09-19,71,2026-09-19T07:21:04.721253-05:00,2026-09-19T08:49:26.122256-05:00,88.36,0,0,5
2026-09-19,72,2026-09-19T07:21:24.757040-05:00,2026-09-19T08:49:57.279175-05:00,88.54,0,0,6
2026-09-19,73,2026-09-19T07:23:10.888677-05:00,2026-09-19T08:54:56.322566-05:00,91.76,0,0,7
2026-09-19,74,2026-09-19T07:23:24.595355-05:00,2026-09-19T08:56:06.431556-05:00,92.7,0,0,4
2026-09-19,75,2026-09-19T07:23:48.101502-05:00,2026-09-19T08:56:28.988641-05:00,92.68,0,1,1
2026-09-19,77,2026-09-19T07:24:04.317154-05:00,2026-09-19T08:57:10.075685-05:00,93.1,0,1,3
2026-09-19,78,2026-09-19T07:24:13.454982-05:00,2026-09-19T08:58:29.242503-05:00,94.26,0,0,8
2026-09-19,79,2026-09-19T07:24:47.899593-05:00,2026-09-19T08:59:01.905256-05:00,94.23,0,0,10
2026-09-19,81,2026-09-19T07:25:34.869810-05:00,2026-09-19T08:59:36.225127-05:00,94.02,0,1,9
2026-09-19,82,2026-09-19T07:26:00.331252-05:00,2026-09-19T09:00:21.995446-05:00,94.36,0,0,6
2026-09-19,83,2026-09-19T07:26:03.541206-05:00,2026-09-19T09:01:03.281068-05:00,95.0,0,0,2
2026-09-19,85,2026-09-19T07:32:43.239345-05:00,2026-09-19T09:01:23.976329-05:00,88.68,0,0,7
2026-09-19,86,2026-09-19T07:33:42.828015-05:00,2026-09-19T09:01:52.483419-05:00,88.16,0,1,4
2026-09-19,87,2026-09-19T07:33:56.871279-05:00,2026-09-19T09:06:01.754592-05:00,92.08,0,0,5
2026-09-19,89,2026-09-19T07:35:56.321749-05:00,2026-09-19T09:07:01.195298-05:00,91.08,0,0,3
2026-09-19,90,2026-09-19T07:36:13.171878-05:00,2026-09-19T09:07:49.990142-05:00,91.61,0,0,1
2026-09-19,91,2026-09-19T07:36:27.129367-05:00,2026-09-19T09:08:01.711737-05:00,91.58,0,0,10
2026-09-19,95,2026-09-19T07:41:27.511842-05:00,2026-09-19T09:08:38.455620-05:00,87.18,0,1,2
2026-09-19,96,2026-09-19T07:41:47.554928-05:00,2026-09-19T09:09:11.330523-05:00,87.4,0,1,4
2026-09-19,97,2026-09-19T07:44:09.718907-05:00,2026-09-19T09:09:53.985181-05:00,85.74,0,0,8
2026-09-19,98,2026-09-19T07:45:54.371970-05:00,2026-09-19T09:12:09.188532-05:00,86.25,0,0,7
2026-09-19,99,2026-09-19T07:49:54.246464-05:00,2026-09-19T09:13:35.466597-05:00,83.69,0,0,9
2026-09-19,100,2026-09-19T07:50:13.807855-05:00,2026-09-19T09:14:35.923781-05:00,84.37,0,0,6
2026-09-19,102,2026-09-19T07:53:55.230450-05:00,2026-09-19T09:16:21.433908-05:00,82.44,0,0,10
2026-09-19,103,2026-09-19T07:56:27.866314-05:00,2026-09-19T09:16:33.238087-05:00,80.09,0,0,3
2026-09-19,128,2026-09-19T09:17:36.830452-05:00,2026-09-19T09:18:44.002680-05:00,1.12,1,1,8
2026-09-19,104,2026-09-19T07:58:08.707686-05:00,2026-09-19T09:19:30.390271-05:00,81.36,0,0,5
2026-09-19,105,2026-09-19T07:58:22.034817-05:00,2026-09-19T09:20:18.106444-05:00,81.93,0,0,2
2026-09-19,106,2026-09-19T08:02:58.981185-05:00,2026-09-19T09:20:28.537520-05:00,77.49,0,1,1
2026-09-19,107,2026-09-19T08:04:40.665629-05:00,2026-09-19T09:21:36.918688-05:00,76.94,0,0,6
2026-09-19,108,2026-09-19T08:05:34.768516-05:00,2026-09-19T09:23:07.285122-05:00,77.54,0,0,9
2026-09-19,132,2026-09-19T09:25:14.009955-05:00,2026-09-19T09:25:25.200996-05:00,0.19,1,0,3
2026-09-19,109,2026-09-19T08:06:53.156444-05:00,2026-09-19T09:28:21.382196-05:00,81.47,0,1,4
2026-09-19,110,2026-09-19T08:18:18.707329-05:00,2026-09-19T09:29:03.261632-05:00,70.74,0,1,7
2026-09-19,111,2026-09-19T08:19:06.283553-05:00,2026-09-19T09:29:10.329550-05:00,70.07,0,1,10
2026-09-19,112,2026-09-19T08:25:04.938798-05:00,2026-09-19T09:31:06.650619-05:00,66.03,0,0,9
2026-09-19,113,2026-09-19T08:26:34.788556-05:00,2026-09-19T09:32:37.791103-05:00,66.05,0,0,2
2026-09-19,114,2026-09-19T08:30:35.537969-05:00,2026-09-19T09:33:26.927274-05:00,62.86,0,0,1
2026-09-19,115,2026-09-19T08:33:43.590706-05:00,2026-09-19T09:34:32.730676-05:00,60.82,0,1,3
2026-09-19,116,2026-09-19T08:36:51.210175-05:00,2026-09-19T09:35:05.447546-05:00,58.24,0,0,4
2026-09-19,117,2026-09-19T08:38:17.204785-05:00,2026-09-19T09:36:05.780068-05:00,57.81,0,0,5
2026-09-19,118,2026-09-19T08:40:22.385575-05:00,2026-09-19T09:36:35.987442-05:00,56.23,0,0,8
2026-09-19,120,2026-09-19T08:42:50.959314-05:00,2026-09-19T09:38:29.493842-05:00,55.64,0,1,9
2026-09-19,121,2026-09-19T08:56:00.393280-05:00,2026-09-19T09:39:41.886065-05:00,43.69,0,0,6
2026-09-19,122,2026-09-19T08:57:30.292959-05:00,2026-09-19T09:39:56.954072-05:00,42.44,0,0,2
2026-09-19,123,2026-09-19T08:59:06.563251-05:00,2026-09-19T09:40:36.663527-05:00,41.5,0,0,4
2026-09-19,124,2026-09-19T08:59:34.704645-05:00,2026-09-19T09:41:03.805482-05:00,41.49,0,0,3
2026-09-19,125,2026-09-19T09:02:00.203007-05:00,2026-09-19T09:43:28.184936-05:00,41.47,0,0,1
2026-09-19,126,2026-09-19T09:02:48.079100-05:00,2026-09-19T09:45:26.094423-05:00,42.63,0,0,7
2026-09-19,127,2026-09-19T09:06:04.915238-05:00,2026-09-19T09:46:12.971209-05:00,40.13,0,1,6
2026-09-19,129,2026-09-19T09:21:00.734794-05:00,2026-09-19T09:46:50.160097-05:00,25.82,0,1,3
2026-09-19,130,2026-09-19T09:22:45.210483-05:00,2026-09-19T09:49:11.712680-05:00,26.44,0,0,8
2026-09-19,131,2026-09-19T09:23:08.972776-05:00,2026-09-19T09:49:35.100041-05:00,26.44,0,0,1
2026-09-19,133,2026-09-19T09:32:36.348475-05:00,2026-09-19T09:50:58.609862-05:00,18.37,0,1,5
2026-09-19,135,2026-09-19T09:35:39.644393-05:00,2026-09-19T09:52:33.717402-05:00,16.9,0,0,7
2026-09-19,134,2026-09-19T09:35:59.422469-05:00,2026-09-19T09:52:35.318237-05:00,16.6,0,0,10
2026-09-19,136,2026-09-19T09:39:31.328106-05:00,2026-09-19T09:54:43.446498-05:00,15.2,0,0,4
2026-09-19,137,2026-09-19T09:40:01.511643-05:00,2026-09-19T09:54:54.711991-05:00,14.89,0,1,3
2026-09-19,138,2026-09-19T09:52:25.591998-05:00,2026-09-19T09:54:56.459389-05:00,2.51,0,0,9
2026-09-19,139,2026-09-19T09:54:35.342091-05:00,2026-09-19T09:58:43.748986-05:00,4.14,0,0,6
2026-09-19,140,2026-09-19T09:57:41.393613-05:00,2026-09-19T09:58:53.036217-05:00,1.19,0,1,10
2026-09-19,141,2026-09-19T10:01:37.184775-05:00,2026-09-19T10:01:37.184775-05:00,0.0,0,0,7
2026-09-19,142,2026-09-19T10:02:41.805520-05:00,2026-09-19T10:02:41.805520-05:00,0.0,1,0,2
2026-09-19,143,2026-09-19T10:06:37.427058-05:00,2026-09-19T10:06:37.427058-05:00,0.0,0,0,3
2026-09-19,144,2026-09-19T10:07:39.032194-05:00,2026-09-19T10:07:39.032194-05:00,0.0,0,0,4
2026-09-19,145,2026-09-19T10:09:43.444992-05:00,2026-09-19T10:09:43.444992-05:00,0.0,0,0,5
2026-09-19,146,2026-09-19T10:10:15.476655-05:00,2026-09-19T10:10:15.476655-05:00,0.0,0,0,6
2026-09-19,147,2026-09-19T10:11:37.776466-05:00,2026-09-19T10:11:37.776466-05:00,0.0,0,0,1
2026-09-19,148,2026-09-19T10:16:08.821096-05:00,2026-09-19T10:16:08.821096-05:00,0.0,0,0,7
2026-09-19,149,2026-09-19T10:16:46.891650-05:00,2026-09-19T10:16:46.891650-05:00,0.0,1,0,8
2026-09-19,150,2026-09-19T10:17:22.860295-05:00,2026-09-19T10:17:22.860295-05:00,0.0,1,0,2
2026-09-19,151,2026-09-19T10:19:00.137026-05:00,2026-09-19T10:19:00.137026-05:00,0.0,1,0,9
2026-09-19,152,2026-09-19T10:19:13.570680-05:00,2026-09-19T10:19:13.570680-05:00,0.0,0,1,10
2026-09-19,153,2026-09-19T10:25:10.924025-05:00,2026-09-19T10:25:10.924025-05:00,0.0,0,0,1
2026-09-19,154,2026-09-19T10:27:33.940025-05:00,2026-09-19T10:27:33.940025-05:00,0.0,0,0,3
2026-09-19,155,2026-09-19T10:29:52.405526-05:00,2026-09-19T10:29:52.405526-05:00,0.0,0,1,4
2026-09-19,156,2026-09-19T10:36:14.325416-05:00,2026-09-19T10:36:14.325416-05:00,0.0,0,0,1
2026-09-19,157,2026-09-19T10:45:18.826968-05:00,2026-09-19T10:45:18.826968-05:00,0.0,0,0,2
2026-09-19,158,2026-09-19T10:46:43.496515-05:00,2026-09-19T10:46:43.496515-05:00,0.0,0,0,3
2026-09-19,159,2026-09-19T10:49:04.804363-05:00,2026-09-19T10:49:04.804363-05:00,0.0,1,0,4
2026-09-19,161,2026-09-19T10:52:16.388559-05:00,2026-09-19T10:52:16.388559-05:00,0.0,0,0,1
2026-09-19,160,2026-09-19T10:52:28.775001-05:00,2026-09-19T10:52:28.775001-05:00,0.0,0,0,5
2026-09-19,162,2026-09-19T10:54:21.934148-05:00,2026-09-19T10:54:21.934148-05:00,0.0,0,0,6
2026-09-19,163,2026-09-19T11:00:41.117887-05:00,2026-09-19T11:00:41.117887-05:00,0.0,0,1,1
2026-09-19,164,2026-09-19T11:10:06.153872-05:00,2026-09-19T11:10:06.153872-05:00,0.0,0,0,2
2026-09-19,165,2026-09-19T11:16:55.649342-05:00,2026-09-19T11:16:55.649342-05:00,0.0,0,0,1
2026-09-19,166,2026-09-19T11:19:27.050701-05:00,2026-09-19T11:19:27.050701-05:00,0.0,0,0,2
2026-09-19,167,2026-09-19T11:22:24.915860-05:00,2026-09-19T11:22:24.915860-05:00,0.0,0,1,3
2026-09-19,168,2026-09-19T11:26:52.913495-05:00,2026-09-19T11:26:52.913495-05:00,0.0,0,1,4
2026-09-19,169,2026-09-19T11:30:13.078674-05:00,2026-09-19T11:30:13.078674-05:00,0.0,1,0,1
2026-09-19,170,2026-09-19T11:49:54.115785-05:00,2026-09-19T11:49:54.115785-05:00,0.0,0,1,1
2026-09-19,171,2026-09-19T12:16:57.876978-05:00,2026-09-19T12:16:57.876978-05:00,0.0,0,0,1
